condition,image_code,feature,term,negative,start,end,context
AESTHETIC,ARCH_0118,urban,city,False,124,128,"n a stone podium, harbour water with a promenade, city skyline and green park behind, overcast sky, daylight, elev"
AESTHETIC,ARCH_0118,greenery,park,False,147,151,"ur water with a promenade, city skyline and green park behind, overcast sky, daylight, elevated panoramic view"
AESTHETIC,ARCH_0118,real_photo,photograph,False,9,19,"exterior photograph of an opera house, white sail-shaped concrete shells on a s"
AESTHETIC,ARCH_0118,water,water,False,100,105,"shaped concrete shells on a stone podium, harbour water with a promenade, city skyline and green park behind, overc"
AESTHETIC,ARCH_0118,water,harbour,False,92,99,"te sail-shaped concrete shells on a stone podium, harbour water with a promenade, city skyline and green park behind,"
AESTHETIC,ARCH_0118,curved_organic,shells,False,66,72,"aph of an opera house, white sail-shaped concrete shells on a stone podium, harbour water with a promenade, city sky"
AESTHETIC,ARCH_0118,concrete,concrete,False,57,65,"r photograph of an opera house, white sail-shaped concrete shells on a stone podium, harbour water with a promenade, c"
AESTHETIC,ARCH_0118,white,white,False,39,44,"exterior photograph of an opera house, white sail-shaped concrete shells on a stone podium, harbour wate"
AESTHETIC,ARCH_0557,real_photo,photograph,False,9,19,"exterior photograph of a concert hall, dark glazed box with a large undulating "
AESTHETIC,ARCH_0557,water,sea,False,165,168,"with moored boats and an orange rescue boat, blue sea, blue sky, daylight, elevated perspective view"
AESTHETIC,ARCH_0557,water,harbour,False,102,109,"ox with a large undulating timber-clad roof edge, harbour quay with moored boats and an orange rescue boat, blue sea,"
AESTHETIC,ARCH_0557,curved_organic,undulating,False,68,78,"h of a concert hall, dark glazed box with a large undulating timber-clad roof edge, harbour quay with moored boats and a"
AESTHETIC,ARCH_0557,glass,glazed,False,44,50,"exterior photograph of a concert hall, dark glazed box with a large undulating timber-clad roof edge, harbour "
AESTHETIC,ARCH_0557,wood,timber,False,79,85,"ert hall, dark glazed box with a large undulating timber-clad roof edge, harbour quay with moored boats and an orang"
AESTHETIC,ARCH_0141,people,crowds,False,108,114,"n a courtyard of an ornate historic stone palace, crowds of visitors, clipped green hedges and lawn in front, pale b"
AESTHETIC,ARCH_0141,people,visitors,False,118,126,"ard of an ornate historic stone palace, crowds of visitors, clipped green hedges and lawn in front, pale blue sky, day"
AESTHETIC,ARCH_0141,greenery,lawn,False,153,157,"ace, crowds of visitors, clipped green hedges and lawn in front, pale blue sky, daylight, front view from a distan"
AESTHETIC,ARCH_0141,greenery,hedges,False,142,148,"c stone palace, crowds of visitors, clipped green hedges and lawn in front, pale blue sky, daylight, front view from"
AESTHETIC,ARCH_0141,real_photo,photograph,False,9,19,"exterior photograph of a museum, glass and steel pyramid in a courtyard of an o"
AESTHETIC,ARCH_0141,glass,glass,False,33,38,"exterior photograph of a museum, glass and steel pyramid in a courtyard of an ornate historic ston"
AESTHETIC,ARCH_0590,greenery,trees,False,180,185,"ass office towers, street with bicycles and young trees, clear sky, daylight, front view at eye level"
AESTHETIC,ARCH_0590,real_photo,photograph,False,9,19,"exterior photograph of an office complex, large glass and steel spheres with a "
AESTHETIC,ARCH_0590,curved_organic,spheres,False,64,71,"graph of an office complex, large glass and steel spheres with a pentagonal lattice structure, surrounded by tall gla"
AESTHETIC,ARCH_0590,glass,glass,False,48,53,"exterior photograph of an office complex, large glass and steel spheres with a pentagonal lattice structure, surr"
AESTHETIC,ARCH_0590,glass,glass,False,128,133," pentagonal lattice structure, surrounded by tall glass office towers, street with bicycles and young trees, clear "
AESTHETIC,ARCH_0457,real_photo,photograph,False,9,19,"exterior photograph of a buddhist temple, dark timber pavilion with a wide hipp"
AESTHETIC,ARCH_0457,water,lake,False,125,129,"hipped grey tiled roof on a stone platform over a lake, timber deck with a reclining statue in the foreground, row"
AESTHETIC,ARCH_0457,wood,timber,False,47,53,"exterior photograph of a buddhist temple, dark timber pavilion with a wide hipped grey tiled roof on a stone plat"
AESTHETIC,ARCH_0457,wood,timber,False,131,137," grey tiled roof on a stone platform over a lake, timber deck with a reclining statue in the foreground, row of smal"
AESTHETIC,ARCH_0038,brightness,bright,False,134,140,"mney tower, built over a waterfall, surrounded by bright green trees and lush vegetation, daylight, three-quarter vi"
AESTHETIC,ARCH_0038,low_angle,from below,False,203,213,"and lush vegetation, daylight, three-quarter view from below"
AESTHETIC,ARCH_0038,greenery,vegetation,False,162,172,"erfall, surrounded by bright green trees and lush vegetation, daylight, three-quarter view from below"
AESTHETIC,ARCH_0038,greenery,trees,False,147,152,"uilt over a waterfall, surrounded by bright green trees and lush vegetation, daylight, three-quarter view from belo"
AESTHETIC,ARCH_0038,real_photo,photograph,False,9,19,"exterior photograph of a house, cream concrete cantilevered terraces and a ston"
AESTHETIC,ARCH_0038,concrete,concrete,False,38,46,"exterior photograph of a house, cream concrete cantilevered terraces and a stone chimney tower, built over"
AESTHETIC,ARCH_0225,urban,city,False,67,71,"useum arcade, row of stone arches framing a night city skyline with coloured lights reflected in the water, polish"
AESTHETIC,ARCH_0225,real_photo,photograph,False,0,10,"photograph of a museum arcade, row of stone arches framing a night cit"
AESTHETIC,ARCH_0225,water,water,False,118,123,"ity skyline with coloured lights reflected in the water, polished stone floor, evening light, front view at eye lev"
AESTHETIC,ARCH_0225,curved_organic,arches,False,44,50,"photograph of a museum arcade, row of stone arches framing a night city skyline with coloured lights reflected"
AESTHETIC,ARCH_0249,greenery,trees,False,150,155,"d glass section, wide paved plaza with bare young trees and dry grass, deep blue sky, daylight, perspective view at"
AESTHETIC,ARCH_0249,greenery,grass,False,164,169,"n, wide paved plaza with bare young trees and dry grass, deep blue sky, daylight, perspective view at eye level"
AESTHETIC,ARCH_0249,real_photo,photograph,False,9,19,"exterior photograph of a cultural centre, white metal-clad flowing curved volum"
AESTHETIC,ARCH_0249,curved_organic,curved,False,67,73,"ph of a cultural centre, white metal-clad flowing curved volumes with a dark faceted glass section, wide paved plaza"
AESTHETIC,ARCH_0249,glass,glass,False,102,107,"l-clad flowing curved volumes with a dark faceted glass section, wide paved plaza with bare young trees and dry gra"
AESTHETIC,ARCH_0249,complex_form,faceted,False,94,101,"ite metal-clad flowing curved volumes with a dark faceted glass section, wide paved plaza with bare young trees and d"
AESTHETIC,ARCH_0249,white,white,False,42,47,"exterior photograph of a cultural centre, white metal-clad flowing curved volumes with a dark faceted glass"
AESTHETIC,ARCH_0062,cars,cars,False,121,125,"zontal bands widening upwards, street corner with cars and apartment towers, blue sky, daylight, low-angle three-q"
AESTHETIC,ARCH_0062,low_angle,low-angle,False,168,177,"th cars and apartment towers, blue sky, daylight, low-angle three-quarter view"
AESTHETIC,ARCH_0062,real_photo,photograph,False,9,19,"exterior photograph of a museum, white concrete spiral volume with horizontal b"
AESTHETIC,ARCH_0062,concrete,concrete,False,39,47,"exterior photograph of a museum, white concrete spiral volume with horizontal bands widening upwards, stree"
AESTHETIC,ARCH_0062,white,white,False,33,38,"exterior photograph of a museum, white concrete spiral volume with horizontal bands widening upwar"
AESTHETIC,ARCH_0476,urban,city,False,16,20,"photograph of a city skyline across a wide river, television tower with pink sph"
AESTHETIC,ARCH_0476,real_photo,photograph,False,0,10,"photograph of a city skyline across a wide river, television tower wit"
AESTHETIC,ARCH_0476,water,river,False,43,48,"photograph of a city skyline across a wide river, television tower with pink spheres among glass skyscrapers"
AESTHETIC,ARCH_0476,water,river,False,118,123,"ith pink spheres among glass skyscrapers, a white river boat in the foreground, hazy sky, daylight, panoramic view "
AESTHETIC,ARCH_0476,curved_organic,spheres,False,77,84,"e across a wide river, television tower with pink spheres among glass skyscrapers, a white river boat in the foregrou"
AESTHETIC,ARCH_0476,glass,glass,False,91,96,"e river, television tower with pink spheres among glass skyscrapers, a white river boat in the foreground, hazy sky"
AESTHETIC,ARCH_0476,white,white,False,112,117,"ower with pink spheres among glass skyscrapers, a white river boat in the foreground, hazy sky, daylight, panoramic"
AESTHETIC,ARCH_0246,greenery,lawn,False,112,116," roof surfaces rising from the ground, wide green lawn in front with a sign, towers on the horizon, sunset light w"
AESTHETIC,ARCH_0246,real_photo,photograph,False,9,19,"exterior photograph of a cultural centre, white flowing curved roof surfaces ri"
AESTHETIC,ARCH_0246,curved_organic,curved,False,56,62,"or photograph of a cultural centre, white flowing curved roof surfaces rising from the ground, wide green lawn in fr"
AESTHETIC,ARCH_0246,white,white,False,42,47,"exterior photograph of a cultural centre, white flowing curved roof surfaces rising from the ground, wide g"
AESTHETIC,ARCH_0014,greenery,trees,False,182,187,"eflecting pool with travertine paving, dark green trees behind, evening sky, three-quarter view at eye level"
AESTHETIC,ARCH_0014,real_photo,photograph,False,9,19,"exterior photograph of an exhibition pavilion, thin flat roof slab over travert"
AESTHETIC,ARCH_0014,water,pool,False,142,146,"lished stone and glass panels, shallow reflecting pool with travertine paving, dark green trees behind, evening sk"
AESTHETIC,ARCH_0014,glass,glass,False,109,114,"of slab over travertine walls, polished stone and glass panels, shallow reflecting pool with travertine paving, dar"
AESTHETIC,ARCH_0194,interior,interior,False,0,8,"interior photograph of an airport terminal, undulating timber ceilin"
AESTHETIC,ARCH_0194,real_photo,photograph,False,9,19,"interior photograph of an airport terminal, undulating timber ceiling on blue s"
AESTHETIC,ARCH_0194,curved_organic,undulating,False,44,54,"interior photograph of an airport terminal, undulating timber ceiling on blue steel branching columns, glass walls"
AESTHETIC,ARCH_0194,glass,glass,False,103,108,"g timber ceiling on blue steel branching columns, glass walls, polished floor with passengers and seating, artifici"
AESTHETIC,ARCH_0194,wood,timber,False,55,61,"ior photograph of an airport terminal, undulating timber ceiling on blue steel branching columns, glass walls, polis"
AESTHETIC,ARCH_0155,low_angle,from below,False,195,205,"ubs, hazy grey sky, daylight, front view slightly from below"
AESTHETIC,ARCH_0155,people,visitors,False,126,134,"ike a lotus flower on a raised podium with pools, visitors, green shrubs, hazy grey sky, daylight, front view slightly"
AESTHETIC,ARCH_0155,greenery,shrubs,False,142,148,"er on a raised podium with pools, visitors, green shrubs, hazy grey sky, daylight, front view slightly from below"
AESTHETIC,ARCH_0155,real_photo,photograph,False,9,19,"exterior photograph of a temple, white marble petal-shaped shells arranged like"
AESTHETIC,ARCH_0155,water,pools,False,119,124,"anged like a lotus flower on a raised podium with pools, visitors, green shrubs, hazy grey sky, daylight, front vie"
AESTHETIC,ARCH_0155,curved_organic,shells,False,59,65,"photograph of a temple, white marble petal-shaped shells arranged like a lotus flower on a raised podium with pools,"
AESTHETIC,ARCH_0155,white,white,False,33,38,"exterior photograph of a temple, white marble petal-shaped shells arranged like a lotus flower on "
AESTHETIC,ARCH_0537,urban,city,False,136,140,"ables over a river and highway interchange, dense city of towers behind, blue sky with white clouds, daylight, ele"
AESTHETIC,ARCH_0537,real_photo,photograph,False,9,19,"exterior photograph of a cable-stayed bridge, tall concrete x-shaped pylon with"
AESTHETIC,ARCH_0537,water,river,False,99,104,"l concrete x-shaped pylon with many cables over a river and highway interchange, dense city of towers behind, blue "
AESTHETIC,ARCH_0537,concrete,concrete,False,51,59,"xterior photograph of a cable-stayed bridge, tall concrete x-shaped pylon with many cables over a river and highway in"
AESTHETIC,ARCH_0537,white,white,False,173,178,"hange, dense city of towers behind, blue sky with white clouds, daylight, elevated panoramic view"
AESTHETIC,ARCH_0332,greenery,trees,False,187,192,"ay lined with clipped hedges and large dark green trees, clear blue sky, daylight, front view at eye level"
AESTHETIC,ARCH_0332,greenery,hedges,False,159,165,"tepped pyramid tower, driveway lined with clipped hedges and large dark green trees, clear blue sky, daylight, front"
AESTHETIC,ARCH_0332,real_photo,photograph,False,9,19,"exterior photograph of a parliament building, symmetrical white stone facade wi"
AESTHETIC,ARCH_0332,white,white,False,58,63," photograph of a parliament building, symmetrical white stone facade with a central colonnade and a stepped pyramid"
AESTHETIC,ARCH_0338,greenery,trees,False,107,112,"stepped roof on a rocky cliff above the sea, pine trees and shrubs on the rocks, deep blue water with a boat, dayli"
AESTHETIC,ARCH_0338,greenery,shrubs,False,117,123,"of on a rocky cliff above the sea, pine trees and shrubs on the rocks, deep blue water with a boat, daylight, view f"
AESTHETIC,ARCH_0338,greenery,pine,False,102,106,"th a stepped roof on a rocky cliff above the sea, pine trees and shrubs on the rocks, deep blue water with a boat,"
AESTHETIC,ARCH_0338,real_photo,photograph,False,7,17,"aerial photograph of a house, red rendered volume with a stepped roof on a ro"
AESTHETIC,ARCH_0338,water,water,False,148,153,"ea, pine trees and shrubs on the rocks, deep blue water with a boat, daylight, view from above"
AESTHETIC,ARCH_0338,water,sea,False,97,100,"me with a stepped roof on a rocky cliff above the sea, pine trees and shrubs on the rocks, deep blue water with a"
AESTHETIC,ARCH_0507,people,visitors,False,143,151,"ite minaret, large polished marble courtyard with visitors, deep blue sky, daylight, perspective view at eye level"
AESTHETIC,ARCH_0507,real_photo,photograph,False,9,19,"exterior photograph of a mosque, white stone walls with pointed arches and a do"
AESTHETIC,ARCH_0507,curved_organic,dome,False,77,81,"sque, white stone walls with pointed arches and a dome, slender white minaret, large polished marble courtyard wit"
AESTHETIC,ARCH_0507,curved_organic,arches,False,64,70,"graph of a mosque, white stone walls with pointed arches and a dome, slender white minaret, large polished marble co"
AESTHETIC,ARCH_0507,white,white,False,33,38,"exterior photograph of a mosque, white stone walls with pointed arches and a dome, slender white m"
AESTHETIC,ARCH_0507,white,white,False,91,96,"one walls with pointed arches and a dome, slender white minaret, large polished marble courtyard with visitors, dee"
AESTHETIC,ARCH_0529,real_photo,photograph,False,15,25,"exterior night photograph of a showroom, twisting cone-shaped glass and steel volume "
AESTHETIC,ARCH_0529,glass,glass,False,62,67,"ht photograph of a showroom, twisting cone-shaped glass and steel volume under a large flowing roof lit with blue a"
AESTHETIC,ARCH_0198,people,visitors,False,85,93,"se, white marble sloping roof planes walked on by visitors, large tilted glass facade, white stage tower, waterfront, "
AESTHETIC,ARCH_0198,real_photo,photograph,False,9,19,"exterior photograph of an opera house, white marble sloping roof planes walked "
AESTHETIC,ARCH_0198,water,waterfront,False,141,151,"rs, large tilted glass facade, white stage tower, waterfront, clear blue sky, daylight, perspective view at eye level"
AESTHETIC,ARCH_0198,glass,glass,False,108,113,"g roof planes walked on by visitors, large tilted glass facade, white stage tower, waterfront, clear blue sky, dayl"
AESTHETIC,ARCH_0198,white,white,False,39,44,"exterior photograph of an opera house, white marble sloping roof planes walked on by visitors, large til"
AESTHETIC,ARCH_0198,white,white,False,122,127,"walked on by visitors, large tilted glass facade, white stage tower, waterfront, clear blue sky, daylight, perspect"
AESTHETIC,ARCH_0463,greenery,trees,False,161,166,"ith a railing and flower baskets, park with green trees and a river, historic buildings on the far bank, blue sky w"
AESTHETIC,ARCH_0463,greenery,park,False,145,149," paved terrace with a railing and flower baskets, park with green trees and a river, historic buildings on the far"
AESTHETIC,ARCH_0463,real_photo,photograph,False,9,19,"exterior photograph of a museum, curved stone facade with tall piers and dark g"
AESTHETIC,ARCH_0463,water,river,False,173,178,"g and flower baskets, park with green trees and a river, historic buildings on the far bank, blue sky with white cl"
AESTHETIC,ARCH_0463,curved_organic,curved,False,33,39,"exterior photograph of a museum, curved stone facade with tall piers and dark glazing, sweeping pav"
AESTHETIC,ARCH_0463,glass,glazing,False,78,85,"eum, curved stone facade with tall piers and dark glazing, sweeping paved terrace with a railing and flower baskets, "
AESTHETIC,ARCH_0463,white,white,False,230,235,"historic buildings on the far bank, blue sky with white clouds, daylight, wide-angle perspective view"
AESTHETIC,ARCH_0543,greenery,trees,False,149,154,"nds of blue glass windows, street with thin young trees and a lamp post, blue sky with white clouds, daylight, pers"
AESTHETIC,ARCH_0543,real_photo,photograph,False,9,19,"exterior photograph of a building, faceted white concrete volume with folded pl"
AESTHETIC,ARCH_0543,concrete,concrete,False,49,57,"exterior photograph of a building, faceted white concrete volume with folded planes and diagonal bands of blue glass "
AESTHETIC,ARCH_0543,glass,glass,False,111,116,"ume with folded planes and diagonal bands of blue glass windows, street with thin young trees and a lamp post, blue"
AESTHETIC,ARCH_0543,complex_form,faceted,False,35,42,"exterior photograph of a building, faceted white concrete volume with folded planes and diagonal bands"
AESTHETIC,ARCH_0543,white,white,False,43,48,"exterior photograph of a building, faceted white concrete volume with folded planes and diagonal bands of bl"
AESTHETIC,ARCH_0543,white,white,False,186,191,"h thin young trees and a lamp post, blue sky with white clouds, daylight, perspective view at eye level"
AESTHETIC,ARCH_0536,low_angle,low-angle,False,246,255,"r in front, blue sky with white clouds, daylight, low-angle view"
AESTHETIC,ARCH_0536,greenery,trees,False,173,178," grey office towers around, small green hill with trees and a road barrier in front, blue sky with white clouds, da"
AESTHETIC,ARCH_0536,real_photo,photograph,False,9,19,"exterior photograph of skyscrapers, tall glass tower wrapped in a white diagona"
AESTHETIC,ARCH_0536,curved_organic,oval,False,97,101,"tower wrapped in a white diagonal lattice with an oval opening near the top, grey office towers around, small gree"
AESTHETIC,ARCH_0536,glass,glass,False,41,46,"exterior photograph of skyscrapers, tall glass tower wrapped in a white diagonal lattice with an oval open"
AESTHETIC,ARCH_0536,white,white,False,66,71,"aph of skyscrapers, tall glass tower wrapped in a white diagonal lattice with an oval opening near the top, grey of"
AESTHETIC,ARCH_0536,white,white,False,222,227," trees and a road barrier in front, blue sky with white clouds, daylight, low-angle view"
AESTHETIC,ARCH_0300,low_angle,low-angle,False,233,242," church and buildings behind, blue sky, daylight, low-angle view from under the canopy"
AESTHETIC,ARCH_0300,people,people,False,167,173,"d square, planters with olive trees, benches with people, historic church and buildings behind, blue sky, daylight, "
AESTHETIC,ARCH_0300,greenery,trees,False,147,152,"ports shading a paved square, planters with olive trees, benches with people, historic church and buildings behind,"
AESTHETIC,ARCH_0300,real_photo,photograph,False,0,10,"photograph of a public canopy, large timber waffle lattice structure o"
AESTHETIC,ARCH_0300,wood,timber,False,37,43,"photograph of a public canopy, large timber waffle lattice structure on thick mushroom-shaped supports "
AESTHETIC,ARCH_0250,people,visitors,False,124,132,"al metal louvres, wide white stone staircase with visitors in front, white hazy sky, daylight, front view from slightl"
AESTHETIC,ARCH_0250,real_photo,photograph,False,9,19,"exterior photograph of a museum, huge rounded volume clad in dark horizontal me"
AESTHETIC,ARCH_0250,curved_organic,rounded,False,38,45,"exterior photograph of a museum, huge rounded volume clad in dark horizontal metal louvres, wide white st"
AESTHETIC,ARCH_0250,white,white,False,97,102,"olume clad in dark horizontal metal louvres, wide white stone staircase with visitors in front, white hazy sky, day"
AESTHETIC,ARCH_0250,white,white,False,143,148,"ide white stone staircase with visitors in front, white hazy sky, daylight, front view from slightly below"
AESTHETIC,ARCH_0097,greenery,trees,False,171,176,"ns, stone wall and carport below, tall eucalyptus trees, daylight, front view at eye level"
AESTHETIC,ARCH_0097,real_photo,photograph,False,9,19,"exterior photograph of a single-family house, white box raised on thin steel co"
AESTHETIC,ARCH_0097,white,white,False,46,51,"exterior photograph of a single-family house, white box raised on thin steel columns with large framed windows "
AESTHETIC,ARCH_0554,sharpness,sharp,False,72,77," a film museum, white faceted angular volume with sharp cantilevered edges and a long glass band, on a waterfront a"
AESTHETIC,ARCH_0554,real_photo,photograph,False,9,19,"exterior photograph of a film museum, white faceted angular volume with sharp c"
AESTHETIC,ARCH_0554,water,river,False,150,155," a long glass band, on a waterfront across a wide river, apartment building and crane behind, cloudy sky, daylight,"
AESTHETIC,ARCH_0554,water,waterfront,False,125,135,"rp cantilevered edges and a long glass band, on a waterfront across a wide river, apartment building and crane behind, c"
AESTHETIC,ARCH_0554,glass,glass,False,108,113,"r volume with sharp cantilevered edges and a long glass band, on a waterfront across a wide river, apartment buildi"
AESTHETIC,ARCH_0554,complex_form,faceted,False,44,51,"exterior photograph of a film museum, white faceted angular volume with sharp cantilevered edges and a long gla"
AESTHETIC,ARCH_0554,white,white,False,38,43,"exterior photograph of a film museum, white faceted angular volume with sharp cantilevered edges and a "
AESTHETIC,ARCH_0063,cars,cars,False,136,140," long sloping glass walls, empty road with parked cars and a grass verge, deep blue sky, daylight, perspective vie"
AESTHETIC,ARCH_0063,greenery,grass,False,147,152,"ng glass walls, empty road with parked cars and a grass verge, deep blue sky, daylight, perspective view at eye lev"
AESTHETIC,ARCH_0063,real_photo,photograph,False,9,19,"exterior photograph of an airport terminal, concrete shell roof shaped like win"
AESTHETIC,ARCH_0063,curved_organic,shell,False,53,58,"erior photograph of an airport terminal, concrete shell roof shaped like wings with long sloping glass walls, empty"
AESTHETIC,ARCH_0063,concrete,concrete,False,44,52,"exterior photograph of an airport terminal, concrete shell roof shaped like wings with long sloping glass walls,"
AESTHETIC,ARCH_0063,glass,glass,False,100,105,"te shell roof shaped like wings with long sloping glass walls, empty road with parked cars and a grass verge, deep "
AESTHETIC,ARCH_0464,greenery,trees,False,143,148,"ade with steps and benches, rows of clipped plane trees, curved glass towers on both sides, white overcast sky, day"
AESTHETIC,ARCH_0464,real_photo,photograph,False,9,19,exterior photograph of a hollow cube-shaped office monument at the end of a lon
AESTHETIC,ARCH_0464,curved_organic,curved,False,150,156,"h steps and benches, rows of clipped plane trees, curved glass towers on both sides, white overcast sky, daylight, f"
AESTHETIC,ARCH_0464,glass,glass,False,157,162," and benches, rows of clipped plane trees, curved glass towers on both sides, white overcast sky, daylight, front v"
AESTHETIC,ARCH_0464,white,white,False,185,190,"d plane trees, curved glass towers on both sides, white overcast sky, daylight, front view at eye level"
AESTHETIC,ARCH_0533,low_angle,low-angle,False,214,223,"s stop at street level, clear blue sky, daylight, low-angle view"
AESTHETIC,ARCH_0533,greenery,trees,False,150,155,"ve a large glass dome podium, casino signs, green trees and a bus stop at street level, clear blue sky, daylight, l"
AESTHETIC,ARCH_0533,real_photo,photograph,False,9,19,"exterior photograph of a hotel tower, gold glass tower flaring outwards at the "
AESTHETIC,ARCH_0533,curved_organic,dome,False,117,121,"ards at the top like a flower above a large glass dome podium, casino signs, green trees and a bus stop at street "
AESTHETIC,ARCH_0533,glass,glass,False,43,48,"exterior photograph of a hotel tower, gold glass tower flaring outwards at the top like a flower above a lar"
AESTHETIC,ARCH_0533,glass,glass,False,111,116,"g outwards at the top like a flower above a large glass dome podium, casino signs, green trees and a bus stop at st"
AESTHETIC,ARCH_0171,urban,city,False,125,129,"nels forming sculptural sails above a stone base, city street intersection with traffic lights, deep blue sky, day"
AESTHETIC,ARCH_0171,real_photo,photograph,False,9,19,"exterior photograph of a concert hall, curved and folded stainless steel panels"
AESTHETIC,ARCH_0171,curved_organic,curved,False,39,45,"exterior photograph of a concert hall, curved and folded stainless steel panels forming sculptural sails "
AESTHETIC,ARCH_0171,complex_form,sculptural,False,88,98," curved and folded stainless steel panels forming sculptural sails above a stone base, city street intersection with tra"
AESTHETIC,ARCH_0354,people,visitors,False,158,166,"ntablature, wide paved ceremonial plaza with many visitors, cloudy sky, daylight, front view from a distance"
AESTHETIC,ARCH_0354,real_photo,photograph,False,9,19,"exterior photograph of a mausoleum, rectangular sandstone temple with a row of "
AESTHETIC,ARCH_0483,real_photo,photograph,False,9,19,"exterior photograph of a cable-stayed bridge, tall white bent pylon with fan of"
AESTHETIC,ARCH_0483,water,river,False,105,110,"e bent pylon with fan of cables over a wide brown river, quays and apartment towers behind, clear blue sky, dayligh"
AESTHETIC,ARCH_0483,white,white,False,51,56,"xterior photograph of a cable-stayed bridge, tall white bent pylon with fan of cables over a wide brown river, quay"
AESTHETIC,ARCH_0471,low_angle,from below,False,212,222,"front, clear blue sky, daylight, perspective view from below"
AESTHETIC,ARCH_0471,greenery,trees,False,153,158,"trips of green climbing plants, thin roof canopy, trees in front, clear blue sky, daylight, perspective view from b"
AESTHETIC,ARCH_0471,greenery,plants,False,127,133,"ite bands and horizontal strips of green climbing plants, thin roof canopy, trees in front, clear blue sky, daylight"
AESTHETIC,ARCH_0471,real_photo,photograph,False,9,19,"exterior photograph of an office building, curved multi-storey facade with whit"
AESTHETIC,ARCH_0471,curved_organic,curved,False,43,49,"exterior photograph of an office building, curved multi-storey facade with white bands and horizontal strips "
AESTHETIC,ARCH_0471,white,white,False,75,80," office building, curved multi-storey facade with white bands and horizontal strips of green climbing plants, thin "
AESTHETIC,ARCH_0517,real_photo,photograph,False,9,19,"exterior photograph of a civic centre, huge wavy grey roof on steel columns wit"
AESTHETIC,ARCH_0517,curved_organic,cylindrical,False,96,107,"vy grey roof on steel columns with yellow and red cylindrical volumes beneath, very large empty paved square with a cycli"
AESTHETIC,ARCH_0382,greenery,trees,False,132,137,"lattice pattern and a spire, riverfront with palm trees, historic buildings and glass towers, a sailing boat on the"
AESTHETIC,ARCH_0382,greenery,palm,False,127,131,"onal lattice pattern and a spire, riverfront with palm trees, historic buildings and glass towers, a sailing boat "
AESTHETIC,ARCH_0382,real_photo,photograph,False,9,19,"exterior photograph of a television tower, slender concrete tower with a diagon"
AESTHETIC,ARCH_0382,water,river,False,203,208,"ings and glass towers, a sailing boat on the blue river, clear sky, daylight, front view from a distance"
AESTHETIC,ARCH_0382,concrete,concrete,False,51,59,"xterior photograph of a television tower, slender concrete tower with a diagonal lattice pattern and a spire, riverfro"
AESTHETIC,ARCH_0382,glass,glass,False,162,167,"iverfront with palm trees, historic buildings and glass towers, a sailing boat on the blue river, clear sky, daylig"
AESTHETIC,ARCH_0482,cars,cars,False,227,231,"ic facades along a street with traffic lights and cars, blue sky with white clouds, daylight, low-angle view"
AESTHETIC,ARCH_0482,low_angle,low-angle,False,271,280,"s and cars, blue sky with white clouds, daylight, low-angle view"
AESTHETIC,ARCH_0482,real_photo,photograph,False,9,19,"exterior photograph of an office building, pair of towers, one of curved glass "
AESTHETIC,ARCH_0482,curved_organic,curved,False,66,72,"aph of an office building, pair of towers, one of curved glass pinched at the waist on tilted columns and one of ren"
AESTHETIC,ARCH_0482,concrete,concrete,False,138,146,"t the waist on tilted columns and one of rendered concrete with wavy window bands, historic facades along a street wit"
AESTHETIC,ARCH_0482,glass,glass,False,73,78,"an office building, pair of towers, one of curved glass pinched at the waist on tilted columns and one of rendered "
AESTHETIC,ARCH_0482,white,white,False,247,252,"treet with traffic lights and cars, blue sky with white clouds, daylight, low-angle view"
AESTHETIC,ARCH_0104,greenery,shrub,False,153,158,"with gothic windows and a tiled roof, small green shrub, pale blue sky, daylight, perspective view from above the w"
AESTHETIC,ARCH_0104,real_photo,photograph,False,9,19,"exterior photograph of a castle museum, brick crenellated wall and tall brick t"
AESTHETIC,ARCH_0224,greenery,vegetation,False,109,119," almost hidden by climbing plants and dense green vegetation, tropical forest and misty hills behind, hazy sky, daylight"
AESTHETIC,ARCH_0224,greenery,forest,False,130,136,"mbing plants and dense green vegetation, tropical forest and misty hills behind, hazy sky, daylight, elevated view"
AESTHETIC,ARCH_0224,greenery,plants,False,86,92," steel and glass floors almost hidden by climbing plants and dense green vegetation, tropical forest and misty hills"
AESTHETIC,ARCH_0224,real_photo,photograph,False,9,19,"exterior photograph of a hotel, dark steel and glass floors almost hidden by cl"
AESTHETIC,ARCH_0224,glass,glass,False,47,52,"exterior photograph of a hotel, dark steel and glass floors almost hidden by climbing plants and dense green veg"
AESTHETIC,ARCH_0414,low_angle,low-angle,False,134,143,"fins, blue sky with white clouds, daylight, close low-angle view without surrounding context"
AESTHETIC,ARCH_0414,real_photo,photograph,False,9,19,"exterior photograph of an office skyscraper, tall slab with dense vertical conc"
AESTHETIC,ARCH_0414,concrete,concrete,False,75,83," office skyscraper, tall slab with dense vertical concrete fins, blue sky with white clouds, daylight, close low-angle"
AESTHETIC,ARCH_0414,white,white,False,104,109," with dense vertical concrete fins, blue sky with white clouds, daylight, close low-angle view without surrounding "
AESTHETIC,ARCH_0477,urban,city,False,169,173,"base along a canal with dark water and a railing, city buildings around, evening sky, perspective view at eye leve"
AESTHETIC,ARCH_0477,greenery,trees,False,95,100,"ass facade stepping back in terraces covered with trees and shrubs, stone base along a canal with dark water and a "
AESTHETIC,ARCH_0477,greenery,shrubs,False,105,111," stepping back in terraces covered with trees and shrubs, stone base along a canal with dark water and a railing, ci"
AESTHETIC,ARCH_0477,real_photo,photograph,False,9,19,"exterior photograph of an office building, glass facade stepping back in terrac"
AESTHETIC,ARCH_0477,water,water,False,148,153,"es and shrubs, stone base along a canal with dark water and a railing, city buildings around, evening sky, perspect"
AESTHETIC,ARCH_0477,water,canal,False,132,137,"covered with trees and shrubs, stone base along a canal with dark water and a railing, city buildings around, eveni"
AESTHETIC,ARCH_0477,glass,glass,False,43,48,"exterior photograph of an office building, glass facade stepping back in terraces covered with trees and shr"
AESTHETIC,ARCH_0585,urban,city,False,157,161,"onies and an inner glazed courtyard facade, dense city towers behind, river in the foreground, blue sky with cloud"
AESTHETIC,ARCH_0585,real_photo,photograph,False,9,19,"exterior photograph of a residential building, tall sloping triangular pyramid-"
AESTHETIC,ARCH_0585,water,water,False,261,266,"with clouds, daylight, front view from across the water"
AESTHETIC,ARCH_0585,water,river,False,177,182,"lazed courtyard facade, dense city towers behind, river in the foreground, blue sky with clouds, daylight, front vi"
AESTHETIC,ARCH_0585,glass,glazed,False,126,132,"id-like block with stepped balconies and an inner glazed courtyard facade, dense city towers behind, river in the fo"
AESTHETIC,ARCH_0213,greenery,lawn,False,143,147,"s band, surrounded by dark water and a flat green lawn, hazy blue grey sky, daylight, front view from a distance"
AESTHETIC,ARCH_0213,real_photo,photograph,False,9,19,"exterior photograph of a theatre, huge elliptical dome of titanium panels with "
AESTHETIC,ARCH_0213,water,water,False,120,125,"els with a central glass band, surrounded by dark water and a flat green lawn, hazy blue grey sky, daylight, front "
AESTHETIC,ARCH_0213,curved_organic,dome,False,50,54,"exterior photograph of a theatre, huge elliptical dome of titanium panels with a central glass band, surrounded by"
AESTHETIC,ARCH_0213,glass,glass,False,89,94,"elliptical dome of titanium panels with a central glass band, surrounded by dark water and a flat green lawn, hazy "
AESTHETIC,ARCH_0288,low_angle,low-angle,False,181,190,"ss tower beside it, white overcast sky, daylight, low-angle view"
AESTHETIC,ARCH_0288,real_photo,photograph,False,9,19,"exterior photograph of a museum, curved hourglass-shaped volume covered in shin"
AESTHETIC,ARCH_0288,curved_organic,curved,False,33,39,"exterior photograph of a museum, curved hourglass-shaped volume covered in shiny silver hexagonal t"
AESTHETIC,ARCH_0288,glass,glass,False,128,133,"ny silver hexagonal tiles, apartment towers and a glass tower beside it, white overcast sky, daylight, low-angle vi"
AESTHETIC,ARCH_0288,white,white,False,151,156,"es, apartment towers and a glass tower beside it, white overcast sky, daylight, low-angle view"
AESTHETIC,ARCH_0545,people,people,False,126,132,"attice tower with a spire, large paved plaza with people and green trees, hazy sky, daylight, front view from a dist"
AESTHETIC,ARCH_0545,greenery,trees,False,143,148," a spire, large paved plaza with people and green trees, hazy sky, daylight, front view from a distance"
AESTHETIC,ARCH_0545,real_photo,photograph,False,9,19,"exterior photograph of a television tower, very tall slender twisted steel latt"
AESTHETIC,ARCH_0018,greenery,forest,False,111,117,"arch spanning a deep gorge, dense dark green pine forest and rock face all around, daylight, side view from a distan"
AESTHETIC,ARCH_0018,greenery,pine,False,106,110,"rete arch spanning a deep gorge, dense dark green pine forest and rock face all around, daylight, side view from a"
AESTHETIC,ARCH_0018,real_photo,photograph,False,9,19,"exterior photograph of a road bridge, slender white concrete arch spanning a de"
AESTHETIC,ARCH_0018,concrete,concrete,False,52,60,"terior photograph of a road bridge, slender white concrete arch spanning a deep gorge, dense dark green pine forest an"
AESTHETIC,ARCH_0018,white,white,False,46,51,"exterior photograph of a road bridge, slender white concrete arch spanning a deep gorge, dense dark green pine "
AESTHETIC,ARCH_0527,brightness,bright,False,144,150," wooden screens, tropical plants and trees below, bright sky through the openings, daylight, low-angle view from und"
AESTHETIC,ARCH_0527,low_angle,low-angle,False,187,196,"below, bright sky through the openings, daylight, low-angle view from underneath"
AESTHETIC,ARCH_0527,greenery,trees,False,131,136,"ns with woven wooden screens, tropical plants and trees below, bright sky through the openings, daylight, low-angle"
AESTHETIC,ARCH_0527,greenery,garden,False,16,22,"photograph of a garden pavilion, hexagonal timber canopies on slender steel column"
AESTHETIC,ARCH_0527,greenery,plants,False,120,126,"steel columns with woven wooden screens, tropical plants and trees below, bright sky through the openings, daylight,"
AESTHETIC,ARCH_0527,real_photo,photograph,False,0,10,"photograph of a garden pavilion, hexagonal timber canopies on slender "
AESTHETIC,ARCH_0527,wood,wooden,False,95,101,"mber canopies on slender steel columns with woven wooden screens, tropical plants and trees below, bright sky throug"
AESTHETIC,ARCH_0527,wood,timber,False,43,49,"photograph of a garden pavilion, hexagonal timber canopies on slender steel columns with woven wooden screens"
AESTHETIC,ARCH_0582,real_photo,photograph,False,9,19,"exterior photograph of a museum, long low curved white volume along a riverbank"
AESTHETIC,ARCH_0582,water,river,False,107,112,"lume along a riverbank with a walkable roof, wide river in the foreground with a rowing boat, cloudy sky, daylight,"
AESTHETIC,ARCH_0582,curved_organic,curved,False,42,48,"exterior photograph of a museum, long low curved white volume along a riverbank with a walkable roof, wide r"
AESTHETIC,ARCH_0582,white,white,False,49,54,"exterior photograph of a museum, long low curved white volume along a riverbank with a walkable roof, wide river i"
AESTHETIC,ARCH_0056,greenery,trees,False,157,162,"walls, on pilotis above a green lawn, bare autumn trees behind, overcast sky, daylight, front view"
AESTHETIC,ARCH_0056,greenery,lawn,False,139,143," roof slab, glass walls, on pilotis above a green lawn, bare autumn trees behind, overcast sky, daylight, front vi"
AESTHETIC,ARCH_0056,real_photo,photograph,False,9,19,"exterior photograph of a single-family house, white steel frame with a floating"
AESTHETIC,ARCH_0056,glass,glass,False,101,106," steel frame with a floating floor and roof slab, glass walls, on pilotis above a green lawn, bare autumn trees beh"
AESTHETIC,ARCH_0056,white,white,False,46,51,"exterior photograph of a single-family house, white steel frame with a floating floor and roof slab, glass wall"
AESTHETIC,ARCH_0174,low_angle,low-angle,False,185,194,"small trees and pedestrians, clear sky, daylight, low-angle perspective view"
AESTHETIC,ARCH_0174,urban,city,False,118,122,"mond-shaped steel grid with bulging glass panels, city street with small trees and pedestrians, clear sky, dayligh"
AESTHETIC,ARCH_0174,people,pedestrians,False,151,162,"ng glass panels, city street with small trees and pedestrians, clear sky, daylight, low-angle perspective view"
AESTHETIC,ARCH_0174,greenery,trees,False,141,146,"with bulging glass panels, city street with small trees and pedestrians, clear sky, daylight, low-angle perspective"
AESTHETIC,ARCH_0174,real_photo,photograph,False,9,19,"exterior photograph of a shop building, tall volume wrapped in a diamond-shaped"
AESTHETIC,ARCH_0174,glass,glass,False,104,109,"apped in a diamond-shaped steel grid with bulging glass panels, city street with small trees and pedestrians, clear"
AESTHETIC,ARCH_0370,greenery,lawn,False,155,159,"concrete columns, reflecting water and dark green lawn in front, dramatic cloudy sky, daylight, perspective view a"
AESTHETIC,ARCH_0370,real_photo,photograph,False,9,19,"exterior photograph of a presidential palace, long low glass volume behind a ro"
AESTHETIC,ARCH_0370,water,water,False,134,139,"slender curved white concrete columns, reflecting water and dark green lawn in front, dramatic cloudy sky, daylight"
AESTHETIC,ARCH_0370,curved_organic,curved,False,92,98,"ce, long low glass volume behind a row of slender curved white concrete columns, reflecting water and dark green law"
AESTHETIC,ARCH_0370,concrete,concrete,False,105,113,"glass volume behind a row of slender curved white concrete columns, reflecting water and dark green lawn in front, dra"
AESTHETIC,ARCH_0370,glass,glass,False,55,60,"ior photograph of a presidential palace, long low glass volume behind a row of slender curved white concrete column"
AESTHETIC,ARCH_0370,white,white,False,99,104,"g low glass volume behind a row of slender curved white concrete columns, reflecting water and dark green lawn in f"
AESTHETIC,ARCH_0387,cars,cars,False,152,156,"ed piers, control tower, curved access roads with cars and green verges, pale evening sky, elevated panoramic view"
AESTHETIC,ARCH_0387,real_photo,photograph,False,9,19,"exterior photograph of an airport terminal, long sweeping concave concrete roof"
AESTHETIC,ARCH_0387,curved_organic,curved,False,127,133,"of held by rows of inclined piers, control tower, curved access roads with cars and green verges, pale evening sky, "
AESTHETIC,ARCH_0387,concrete,concrete,False,66,74,"aph of an airport terminal, long sweeping concave concrete roof held by rows of inclined piers, control tower, curved "
AESTHETIC,ARCH_0423,greenery,garden,False,146,152," roofs, red walls and a central colonnade, formal garden with clipped hedges and flags, wide paved forecourt, overca"
AESTHETIC,ARCH_0423,greenery,hedges,False,166,172,"d a central colonnade, formal garden with clipped hedges and flags, wide paved forecourt, overcast sky, daylight, fr"
AESTHETIC,ARCH_0423,real_photo,photograph,False,9,19,"exterior photograph of a memorial hall, symmetrical building with sweeping uptu"
AESTHETIC,ARCH_0452,low_angle,from below,False,221,231,"sky with white clouds, daylight, perspective view from below"
AESTHETIC,ARCH_0452,greenery,tree,False,133,137,"y panels on concrete pillars over a street, green tree branches in the foreground, blue sky with white clouds, day"
AESTHETIC,ARCH_0452,real_photo,photograph,False,9,19,"exterior photograph of a housing complex, tilted cube houses clad in yellow and"
AESTHETIC,ARCH_0452,concrete,concrete,False,95,103,"ted cube houses clad in yellow and grey panels on concrete pillars over a street, green tree branches in the foregroun"
AESTHETIC,ARCH_0452,white,white,False,180,185,"en tree branches in the foreground, blue sky with white clouds, daylight, perspective view from below"
AESTHETIC,ARCH_0472,warmth,warm,False,177,181,"hall with a green tiled roof, dramatic misty sky, warm light, low-angle view"
AESTHETIC,ARCH_0472,low_angle,low-angle,False,189,198,"green tiled roof, dramatic misty sky, warm light, low-angle view"
AESTHETIC,ARCH_0472,real_photo,photograph,False,9,19,"exterior photograph of a mosque, very tall square minaret with carved geometric"
AESTHETIC,ARCH_0570,real_photo,photograph,False,9,19,"exterior photograph of a library, white triangular stepped glass building on th"
AESTHETIC,ARCH_0570,water,river,False,100,105," stepped glass building on the far bank of a wide river, long stone bridge with lamp posts, ornate cast iron railin"
AESTHETIC,ARCH_0570,glass,glass,False,59,64,"photograph of a library, white triangular stepped glass building on the far bank of a wide river, long stone bridge"
AESTHETIC,ARCH_0570,white,white,False,34,39,"exterior photograph of a library, white triangular stepped glass building on the far bank of a wide"
AESTHETIC,ARCH_0089,greenery,trees,False,145,150," reflected in a still pond with small islands and trees, green hills behind, blue sky with clouds, daylight, front "
AESTHETIC,ARCH_0089,real_photo,photograph,False,9,19,"exterior photograph of a museum, white panelled box raised on thin columns with"
AESTHETIC,ARCH_0089,water,pond,False,117,121,"columns with ribbon windows, reflected in a still pond with small islands and trees, green hills behind, blue sky "
AESTHETIC,ARCH_0089,white,white,False,33,38,"exterior photograph of a museum, white panelled box raised on thin columns with ribbon windows, re"
AESTHETIC,ARCH_0503,people,pedestrian,False,25,35,"exterior photograph of a pedestrian bridge, white curved steel arch with cables supporting a cu"
AESTHETIC,ARCH_0503,real_photo,photograph,False,9,19,"exterior photograph of a pedestrian bridge, white curved steel arch with cables"
AESTHETIC,ARCH_0503,water,river,False,112,117," arch with cables supporting a curved deck over a river, quays with historic buildings behind, reflections on windo"
AESTHETIC,ARCH_0503,curved_organic,curved,False,50,56,"exterior photograph of a pedestrian bridge, white curved steel arch with cables supporting a curved deck over a rive"
AESTHETIC,ARCH_0503,curved_organic,curved,False,93,99," white curved steel arch with cables supporting a curved deck over a river, quays with historic buildings behind, re"
AESTHETIC,ARCH_0503,glass,glass,False,179,184," historic buildings behind, reflections on window glass, daylight, elevated view"
AESTHETIC,ARCH_0503,white,white,False,44,49,"exterior photograph of a pedestrian bridge, white curved steel arch with cables supporting a curved deck over"
AESTHETIC,ARCH_0289,urban,city,False,163,167,"canopy, turquoise reflecting pool, palm trees and city buildings behind, clear blue sky, daylight, perspective vie"
AESTHETIC,ARCH_0289,greenery,trees,False,153,158,"rojecting canopy, turquoise reflecting pool, palm trees and city buildings behind, clear blue sky, daylight, perspe"
AESTHETIC,ARCH_0289,greenery,palm,False,148,152,"rge projecting canopy, turquoise reflecting pool, palm trees and city buildings behind, clear blue sky, daylight, "
AESTHETIC,ARCH_0289,real_photo,photograph,False,9,19,"exterior photograph of a science museum, long white cantilevered roof with ribb"
AESTHETIC,ARCH_0289,water,pool,False,142,146,"d a large projecting canopy, turquoise reflecting pool, palm trees and city buildings behind, clear blue sky, dayl"
AESTHETIC,ARCH_0289,white,white,False,46,51,"exterior photograph of a science museum, long white cantilevered roof with ribbed louvres and a large projectin"
AESTHETIC,ARCH_0268,people,pedestrians,False,179,190,"es, park with tall green trees and planting beds, pedestrians and bicycles, blue sky with white clouds, daylight, perspec"
AESTHETIC,ARCH_0268,greenery,trees,False,126,131,"n mirror glass panels reflecting the sky, rooftop trees, park with tall green trees and planting beds, pedestrians "
AESTHETIC,ARCH_0268,greenery,trees,False,154,159,"ting the sky, rooftop trees, park with tall green trees and planting beds, pedestrians and bicycles, blue sky with "
AESTHETIC,ARCH_0268,greenery,park,False,133,137,"r glass panels reflecting the sky, rooftop trees, park with tall green trees and planting beds, pedestrians and bi"
AESTHETIC,ARCH_0268,real_photo,photograph,False,9,19,"exterior photograph of an art depot, large rounded bowl-shaped volume clad in m"
AESTHETIC,ARCH_0268,curved_organic,rounded,False,43,50,"exterior photograph of an art depot, large rounded bowl-shaped volume clad in mirror glass panels reflecting t"
AESTHETIC,ARCH_0268,glass,glass,False,85,90,", large rounded bowl-shaped volume clad in mirror glass panels reflecting the sky, rooftop trees, park with tall gr"
AESTHETIC,ARCH_0268,white,white,False,219,224,"ing beds, pedestrians and bicycles, blue sky with white clouds, daylight, perspective view at eye level"
AESTHETIC,ARCH_0247,real_photo,photograph,False,9,19,"exterior photograph of an opera house, angular faceted volumes clad in white pa"
AESTHETIC,ARCH_0247,water,water,False,129,134,"nels and a diagonal glass lattice, reflected in a water basin, towers behind, pale overcast sky, daylight, perspect"
AESTHETIC,ARCH_0247,glass,glass,False,99,104,"ceted volumes clad in white panels and a diagonal glass lattice, reflected in a water basin, towers behind, pale ov"
AESTHETIC,ARCH_0247,complex_form,faceted,False,47,54,"exterior photograph of an opera house, angular faceted volumes clad in white panels and a diagonal glass lattice, "
AESTHETIC,ARCH_0247,white,white,False,71,76,"f an opera house, angular faceted volumes clad in white panels and a diagonal glass lattice, reflected in a water b"
AESTHETIC,ARCH_0057,greenery,trees,False,140,145,"r between lighter office blocks, plaza with small trees and a wide avenue, overcast sky, daylight, front view at ey"
AESTHETIC,ARCH_0057,real_photo,photograph,False,9,19,"exterior photograph of an office skyscraper, dark bronze glass and metal curtai"
AESTHETIC,ARCH_0057,glass,glass,False,57,62,"r photograph of an office skyscraper, dark bronze glass and metal curtain wall tower between lighter office blocks,"
AESTHETIC,ARCH_0072,greenery,lawn,False,157,161,"pturned white bowl on a long low base, flat green lawn in front, dark stormy sky with rain, daylight, front view f"
AESTHETIC,ARCH_0072,real_photo,photograph,False,9,19,"exterior photograph of a government complex, twin concrete towers linked by a b"
AESTHETIC,ARCH_0072,curved_organic,dome,False,94,98," twin concrete towers linked by a bridge, a white dome and an upturned white bowl on a long low base, flat green l"
AESTHETIC,ARCH_0072,concrete,concrete,False,50,58,"exterior photograph of a government complex, twin concrete towers linked by a bridge, a white dome and an upturned whi"
AESTHETIC,ARCH_0072,white,white,False,88,93,"mplex, twin concrete towers linked by a bridge, a white dome and an upturned white bowl on a long low base, flat gr"
AESTHETIC,ARCH_0072,white,white,False,115,120," linked by a bridge, a white dome and an upturned white bowl on a long low base, flat green lawn in front, dark sto"
AESTHETIC,ARCH_0350,brightness,bright,False,138,144," and a stone chimney, turquoise swimming pool and bright green lawn, palm trees and bare desert mountains behind, bl"
AESTHETIC,ARCH_0350,greenery,trees,False,162,167,"rquoise swimming pool and bright green lawn, palm trees and bare desert mountains behind, blue sky, daylight, three"
AESTHETIC,ARCH_0350,greenery,lawn,False,151,155,"chimney, turquoise swimming pool and bright green lawn, palm trees and bare desert mountains behind, blue sky, day"
AESTHETIC,ARCH_0350,greenery,palm,False,157,161,"y, turquoise swimming pool and bright green lawn, palm trees and bare desert mountains behind, blue sky, daylight,"
AESTHETIC,ARCH_0350,real_photo,photograph,False,9,19,"exterior photograph of a villa, low horizontal volumes with flat roof slabs, gl"
AESTHETIC,ARCH_0350,water,pool,False,129,133,"ass walls and a stone chimney, turquoise swimming pool and bright green lawn, palm trees and bare desert mountains"
AESTHETIC,ARCH_0350,glass,glass,False,77,82,"lla, low horizontal volumes with flat roof slabs, glass walls and a stone chimney, turquoise swimming pool and brig"
AESTHETIC,ARCH_0075,low_angle,low-angle,False,185,194,"h palms and large leaves, overcast sky, daylight, low-angle view"
AESTHETIC,ARCH_0075,greenery,garden,False,125,131,"lender columns, stone path through dense tropical garden with palms and large leaves, overcast sky, daylight, low-an"
AESTHETIC,ARCH_0075,greenery,palms,False,137,142,"ns, stone path through dense tropical garden with palms and large leaves, overcast sky, daylight, low-angle view"
AESTHETIC,ARCH_0075,real_photo,photograph,False,9,19,"exterior photograph of a house, glass box with thin metal frame raised on slend"
AESTHETIC,ARCH_0075,glass,glass,False,32,37,"exterior photograph of a house, glass box with thin metal frame raised on slender columns, stone "
AESTHETIC,ARCH_0379,urban,city,False,206,210,"ool, dry grasses and succulents, view over a wide city below, blue sky, daylight, perspective view at eye level"
AESTHETIC,ARCH_0379,real_photo,photograph,False,9,19,"exterior photograph of a house, glass pavilion with a thin cantilevered flat ro"
AESTHETIC,ARCH_0379,water,pool,False,114,118,"levered flat roof on a hillside terrace, swimming pool edge, black metal chairs and a red stool, dry grasses and s"
AESTHETIC,ARCH_0379,glass,glass,False,32,37,"exterior photograph of a house, glass pavilion with a thin cantilevered flat roof on a hillside t"
AESTHETIC,ARCH_0345,greenery,trees,False,124,129,"s of identical arches on every floor, dense green trees on both sides and a clipped hedge garden in front, white sk"
AESTHETIC,ARCH_0345,greenery,garden,False,164,170,"nse green trees on both sides and a clipped hedge garden in front, white sky, daylight, front view from a distance"
AESTHETIC,ARCH_0345,greenery,hedge,False,158,163,"or, dense green trees on both sides and a clipped hedge garden in front, white sky, daylight, front view from a dis"
AESTHETIC,ARCH_0345,real_photo,photograph,False,9,19,"exterior photograph of a cube-shaped building, white stone facade with rows of "
AESTHETIC,ARCH_0345,curved_organic,arches,False,89,95,"ilding, white stone facade with rows of identical arches on every floor, dense green trees on both sides and a clipp"
AESTHETIC,ARCH_0345,white,white,False,47,52,"exterior photograph of a cube-shaped building, white stone facade with rows of identical arches on every floor, "
AESTHETIC,ARCH_0345,white,white,False,181,186,"n both sides and a clipped hedge garden in front, white sky, daylight, front view from a distance"
AESTHETIC,ARCH_0544,urban,city,False,132,136,"er, riverbanks with green trees and moored boats, city and hills behind, clear sky, daylight, elevated panoramic v"
AESTHETIC,ARCH_0544,people,pedestrian,False,25,35,"exterior photograph of a pedestrian bridge, wavy glass and steel canopy over a river, riverbank"
AESTHETIC,ARCH_0544,greenery,trees,False,108,113," steel canopy over a river, riverbanks with green trees and moored boats, city and hills behind, clear sky, dayligh"
AESTHETIC,ARCH_0544,real_photo,photograph,False,9,19,"exterior photograph of a pedestrian bridge, wavy glass and steel canopy over a "
AESTHETIC,ARCH_0544,water,river,False,79,84,"strian bridge, wavy glass and steel canopy over a river, riverbanks with green trees and moored boats, city and hil"
AESTHETIC,ARCH_0544,glass,glass,False,49,54,"exterior photograph of a pedestrian bridge, wavy glass and steel canopy over a river, riverbanks with green trees "
AESTHETIC,ARCH_0156,cars,cars,False,135,139,"c colonnade, pediment and grand staircase, parked cars, green lawn in front, clear blue sky, daylight, perspective"
AESTHETIC,ARCH_0156,greenery,lawn,False,147,151," pediment and grand staircase, parked cars, green lawn in front, clear blue sky, daylight, perspective view at eye"
AESTHETIC,ARCH_0156,real_photo,photograph,False,9,19,"exterior photograph of a neoclassical government building, sandstone facade wit"
AESTHETIC,ARCH_0295,warmth,warm,False,56,60,"or photograph of a library, curved volume clad in warm spruce timber lifting above a glass ground floor, wide pave"
AESTHETIC,ARCH_0295,people,people,False,134,140,"bove a glass ground floor, wide paved square with people and young trees, deep blue sky, daylight, perspective view "
AESTHETIC,ARCH_0295,greenery,trees,False,151,156,"nd floor, wide paved square with people and young trees, deep blue sky, daylight, perspective view at eye level"
AESTHETIC,ARCH_0295,real_photo,photograph,False,9,19,"exterior photograph of a library, curved volume clad in warm spruce timber lift"
AESTHETIC,ARCH_0295,curved_organic,curved,False,34,40,"exterior photograph of a library, curved volume clad in warm spruce timber lifting above a glass gro"
AESTHETIC,ARCH_0295,glass,glass,False,91,96,"volume clad in warm spruce timber lifting above a glass ground floor, wide paved square with people and young trees"
AESTHETIC,ARCH_0295,wood,timber,False,68,74,"h of a library, curved volume clad in warm spruce timber lifting above a glass ground floor, wide paved square with "
AESTHETIC,ARCH_0003,greenery,lawn,False,154,158,"n wall wing and white wings with balconies, green lawn with tall grass in front, blue sky with white clouds, dayli"
AESTHETIC,ARCH_0003,greenery,grass,False,169,174," white wings with balconies, green lawn with tall grass in front, blue sky with white clouds, daylight, three-quart"
AESTHETIC,ARCH_0003,real_photo,photograph,False,9,19,"exterior photograph of a school building, grey rendered block with vertical let"
AESTHETIC,ARCH_0003,glass,glass,False,92,97,"grey rendered block with vertical lettering, long glass curtain wall wing and white wings with balconies, green law"
AESTHETIC,ARCH_0003,white,white,False,120,125,"tical lettering, long glass curtain wall wing and white wings with balconies, green lawn with tall grass in front, "
AESTHETIC,ARCH_0003,white,white,False,199,204,"reen lawn with tall grass in front, blue sky with white clouds, daylight, three-quarter view at eye level"
AESTHETIC,ARCH_0230,greenery,trees,False,127,132,"nd brown panels, dry yellow grass field and small trees in front, blue sky with white clouds, daylight, front view "
AESTHETIC,ARCH_0230,greenery,grass,False,105,110,"osaic of red, orange and brown panels, dry yellow grass field and small trees in front, blue sky with white clouds,"
AESTHETIC,ARCH_0230,real_photo,photograph,False,9,19,"exterior photograph of a stadium, oval bowl clad in a mosaic of red, orange and"
AESTHETIC,ARCH_0230,curved_organic,oval,False,34,38,"exterior photograph of a stadium, oval bowl clad in a mosaic of red, orange and brown panels, dry "
AESTHETIC,ARCH_0230,white,white,False,157,162,"ass field and small trees in front, blue sky with white clouds, daylight, front view from a distance"
AESTHETIC,ARCH_0381,low_angle,low-angle,False,204,213,"ront, blue sky with white clouds, daylight, front low-angle view"
AESTHETIC,ARCH_0381,greenery,trees,False,144,149,"ium, slightly tapered sides, lawn with young thin trees in front, blue sky with white clouds, daylight, front low-a"
AESTHETIC,ARCH_0381,greenery,lawn,False,123,127,"s of glass and aluminium, slightly tapered sides, lawn with young thin trees in front, blue sky with white clouds,"
AESTHETIC,ARCH_0381,real_photo,photograph,False,9,19,"exterior photograph of an office building, tall slab with horizontal bands of g"
AESTHETIC,ARCH_0381,glass,glass,False,78,83,"fice building, tall slab with horizontal bands of glass and aluminium, slightly tapered sides, lawn with young thin"
AESTHETIC,ARCH_0381,white,white,False,174,179,"awn with young thin trees in front, blue sky with white clouds, daylight, front low-angle view"
AESTHETIC,ARCH_0546,cars,cars,False,137,141,"rved glass atrium drum on the corner, street with cars and a small tree, blue sky, daylight, low-angle perspective"
AESTHETIC,ARCH_0546,low_angle,low-angle,False,180,189,"t with cars and a small tree, blue sky, daylight, low-angle perspective view"
AESTHETIC,ARCH_0546,greenery,tree,False,154,158," drum on the corner, street with cars and a small tree, blue sky, daylight, low-angle perspective view"
AESTHETIC,ARCH_0546,real_photo,photograph,False,9,19,"exterior photograph of a convention centre, tall pale stone-clad block with a t"
AESTHETIC,ARCH_0546,curved_organic,curved,False,85,91," centre, tall pale stone-clad block with a tilted curved glass atrium drum on the corner, street with cars and a sma"
AESTHETIC,ARCH_0546,glass,glass,False,92,97,", tall pale stone-clad block with a tilted curved glass atrium drum on the corner, street with cars and a small tre"
AESTHETIC,ARCH_0274,low_angle,low-angle,False,189,198,"foreground, blue sky with white clouds, daylight, low-angle view"
AESTHETIC,ARCH_0274,greenery,tree,False,118,122,"facade with protruding square windows, dark green tree branches in the foreground, blue sky with white clouds, day"
AESTHETIC,ARCH_0274,real_photo,photograph,False,9,19,"exterior photograph of a university building, undulating wavy brick facade with"
AESTHETIC,ARCH_0274,curved_organic,undulating,False,46,56,"exterior photograph of a university building, undulating wavy brick facade with protruding square windows, dark gree"
AESTHETIC,ARCH_0274,white,white,False,165,170,"en tree branches in the foreground, blue sky with white clouds, daylight, low-angle view"
AESTHETIC,ARCH_0518,urban,city,False,84,88,"craper with segmented tiers towering over a dense city of apartment blocks, forested green hill in the foreground,"
AESTHETIC,ARCH_0518,real_photo,photograph,False,0,10,photograph of a green stepped skyscraper with segmented tiers towering
AESTHETIC,ARCH_0518,white,white,False,189,194,"reground, mountains on the horizon, blue sky with white clouds, daylight, elevated view"
AESTHETIC,ARCH_0542,real_photo,photograph,False,9,19,"exterior photograph of a residential tower, white tower with wavy continuous ba"
AESTHETIC,ARCH_0542,water,waterfront,False,127,137,"balconies next to a low glazed office block, bare waterfront ground in front, pale hazy sky, daylight, perspective view "
AESTHETIC,ARCH_0542,glass,glazed,False,101,107,"ower with wavy continuous balconies next to a low glazed office block, bare waterfront ground in front, pale hazy sk"
AESTHETIC,ARCH_0542,white,white,False,44,49,"exterior photograph of a residential tower, white tower with wavy continuous balconies next to a low glazed o"
AESTHETIC,ARCH_0581,greenery,trees,False,195,200,"s and a paved path with lamp posts and young palm trees, clear sky, daylight, perspective view at eye level"
AESTHETIC,ARCH_0581,greenery,lawns,False,141,146," a tall rounded tower clad in pale metal ribbons, lawns and a paved path with lamp posts and young palm trees, clea"
AESTHETIC,ARCH_0581,greenery,palm,False,190,194," lawns and a paved path with lamp posts and young palm trees, clear sky, daylight, perspective view at eye level"
AESTHETIC,ARCH_0581,real_photo,photograph,False,9,19,"exterior photograph of a cultural centre, cluster of smooth rounded pebble-like"
AESTHETIC,ARCH_0581,curved_organic,rounded,False,60,67,"hotograph of a cultural centre, cluster of smooth rounded pebble-like volumes and a tall rounded tower clad in pale m"
AESTHETIC,ARCH_0581,curved_organic,rounded,False,99,106," of smooth rounded pebble-like volumes and a tall rounded tower clad in pale metal ribbons, lawns and a paved path wi"
AESTHETIC,ARCH_0460,real_photo,photograph,False,9,19,"exterior photograph of a mosque, large white tent-like triangular roof between "
AESTHETIC,ARCH_0460,white,white,False,39,44,"exterior photograph of a mosque, large white tent-like triangular roof between four tall thin pointed mi"
AESTHETIC,ARCH_0460,white,white,False,151,156," minarets, wooded hill on one side, blue sky with white clouds, daylight, front view at eye level"
AESTHETIC,ARCH_0080,greenery,trees,False,157,162,"arches, mosaic mural wall, large paved forecourt, trees behind, overcast sky, daylight, front view at eye level"
AESTHETIC,ARCH_0080,real_photo,photograph,False,9,19,"exterior photograph of a restaurant, white concrete hyperbolic shells with poin"
AESTHETIC,ARCH_0080,curved_organic,curved,False,83,89,"nt, white concrete hyperbolic shells with pointed curved edges and glazed arches, mosaic mural wall, large paved for"
AESTHETIC,ARCH_0080,curved_organic,arches,False,107,113,"bolic shells with pointed curved edges and glazed arches, mosaic mural wall, large paved forecourt, trees behind, ov"
AESTHETIC,ARCH_0080,curved_organic,shells,False,63,69,"ograph of a restaurant, white concrete hyperbolic shells with pointed curved edges and glazed arches, mosaic mural w"
AESTHETIC,ARCH_0080,concrete,concrete,False,43,51,"exterior photograph of a restaurant, white concrete hyperbolic shells with pointed curved edges and glazed arch"
AESTHETIC,ARCH_0080,glass,glazed,False,100,106,"e hyperbolic shells with pointed curved edges and glazed arches, mosaic mural wall, large paved forecourt, trees beh"
AESTHETIC,ARCH_0080,white,white,False,37,42,"exterior photograph of a restaurant, white concrete hyperbolic shells with pointed curved edges and gl"
AESTHETIC,ARCH_0145,low_angle,from below,False,209,219," forest, dirt path in front, daylight, front view from below"
AESTHETIC,ARCH_0145,greenery,forest,False,160,166,"s, dappled sunlight through dense green deciduous forest, dirt path in front, daylight, front view from below"
AESTHETIC,ARCH_0145,real_photo,photograph,False,9,19,"exterior photograph of a chapel, tall slender timber lattice structure with a s"
AESTHETIC,ARCH_0145,sunny,sunlight,False,121,129,"with a steep gabled roof and glass walls, dappled sunlight through dense green deciduous forest, dirt path in front, d"
AESTHETIC,ARCH_0145,glass,glass,False,100,105,"er lattice structure with a steep gabled roof and glass walls, dappled sunlight through dense green deciduous fores"
AESTHETIC,ARCH_0145,wood,timber,False,46,52,"exterior photograph of a chapel, tall slender timber lattice structure with a steep gabled roof and glass walls,"
AESTHETIC,ARCH_0176,greenery,trees,False,139,144,"ice, wide paved path with a grass verge and young trees, blue sky with white clouds, daylight, perspective view at "
AESTHETIC,ARCH_0176,greenery,grass,False,117,122," interwoven steel lattice, wide paved path with a grass verge and young trees, blue sky with white clouds, daylight"
AESTHETIC,ARCH_0176,real_photo,photograph,False,9,19,"exterior photograph of a stadium, oval bowl wrapped in an irregular interwoven "
AESTHETIC,ARCH_0176,curved_organic,oval,False,34,38,"exterior photograph of a stadium, oval bowl wrapped in an irregular interwoven steel lattice, wide"
AESTHETIC,ARCH_0176,complex_form,irregular,False,58,67," photograph of a stadium, oval bowl wrapped in an irregular interwoven steel lattice, wide paved path with a grass verg"
AESTHETIC,ARCH_0176,white,white,False,160,165,"with a grass verge and young trees, blue sky with white clouds, daylight, perspective view at eye level"
AESTHETIC,ARCH_0285,urban,city,False,156,160,"entrance and pale stone walls, green trees above, city pavement with bollards, daylight, front view at eye level"
AESTHETIC,ARCH_0285,greenery,tree,False,52,56,"terior photograph of an art gallery, large timber tree-like canopy with folded roof panels over a glass entrance a"
AESTHETIC,ARCH_0285,greenery,trees,False,143,148,"over a glass entrance and pale stone walls, green trees above, city pavement with bollards, daylight, front view at"
AESTHETIC,ARCH_0285,real_photo,photograph,False,9,19,"exterior photograph of an art gallery, large timber tree-like canopy with folde"
AESTHETIC,ARCH_0285,glass,glass,False,100,105,"r tree-like canopy with folded roof panels over a glass entrance and pale stone walls, green trees above, city pave"
AESTHETIC,ARCH_0285,wood,timber,False,45,51,"exterior photograph of an art gallery, large timber tree-like canopy with folded roof panels over a glass entra"
AESTHETIC,ARCH_0147,people,visitors,False,122,130,"ising to a crown with a cross, bronze statues and visitors on a wide paved plaza with grass strips, separate bell towe"
AESTHETIC,ARCH_0147,greenery,grass,False,158,163,"e statues and visitors on a wide paved plaza with grass strips, separate bell tower, cloudy grey sky, daylight, fro"
AESTHETIC,ARCH_0147,real_photo,photograph,False,9,19,"exterior photograph of a cathedral, ring of curved white concrete ribs rising t"
AESTHETIC,ARCH_0147,curved_organic,curved,False,44,50,"exterior photograph of a cathedral, ring of curved white concrete ribs rising to a crown with a cross, bronze "
AESTHETIC,ARCH_0147,concrete,concrete,False,57,65,"r photograph of a cathedral, ring of curved white concrete ribs rising to a crown with a cross, bronze statues and vis"
AESTHETIC,ARCH_0147,white,white,False,51,56,"xterior photograph of a cathedral, ring of curved white concrete ribs rising to a crown with a cross, bronze statue"
AESTHETIC,ARCH_0088,real_photo,photograph,False,9,19,"exterior photograph of a cathedral, tall sloping walls clad in silver metal for"
AESTHETIC,ARCH_0088,concrete,concrete,False,107,115,"ad in silver metal forming a cross shape, slender concrete bell tower, dark green conifers, deep blue sky, daylight, p"
AESTHETIC,ARCH_0040,low_angle,low-angle,False,172,181,"treet lamp, blue sky with white clouds, daylight, low-angle view"
AESTHETIC,ARCH_0040,urban,city,False,99,103," stone tower with a spire, between brick and dark city buildings with a street lamp, blue sky with white clouds, d"
AESTHETIC,ARCH_0040,real_photo,photograph,False,9,19,"exterior photograph of a skyscraper, tall stepped stone tower with a spire, bet"
AESTHETIC,ARCH_0040,white,white,False,148,153," city buildings with a street lamp, blue sky with white clouds, daylight, low-angle view"
AESTHETIC,ARCH_0192,real_photo,photograph,False,9,19,"exterior photograph of a viaduct, very long cable-stayed bridge with tall thin "
AESTHETIC,ARCH_0565,brightness,brightly,False,44,52,"exterior photograph of a museum, cluster of brightly coloured folded metal roofs in red, orange, blue, yellow an"
AESTHETIC,ARCH_0565,colorfulness,colourful,False,125,134,"roofs in red, orange, blue, yellow and green over colourful walls, green lawn with tropical shrubs and a small tree, bl"
AESTHETIC,ARCH_0565,greenery,tree,False,186,190,"alls, green lawn with tropical shrubs and a small tree, blue sky with clouds, daylight, perspective view at eye le"
AESTHETIC,ARCH_0565,greenery,lawn,False,148,152,"lue, yellow and green over colourful walls, green lawn with tropical shrubs and a small tree, blue sky with clouds"
AESTHETIC,ARCH_0565,greenery,shrubs,False,167,173,"en over colourful walls, green lawn with tropical shrubs and a small tree, blue sky with clouds, daylight, perspecti"
AESTHETIC,ARCH_0565,real_photo,photograph,False,9,19,"exterior photograph of a museum, cluster of brightly coloured folded metal roof"
AESTHETIC,ARCH_0565,colourful,colourful,False,125,134,"roofs in red, orange, blue, yellow and green over colourful walls, green lawn with tropical shrubs and a small tree, bl"
AESTHETIC,ARCH_0571,sharpness,sharp,False,42,47,"exterior photograph of a railway station, sharp angled roof clad in shiny steel sloping over a glass entran"
AESTHETIC,ARCH_0571,people,pedestrians,False,170,181,"a large sign, wide paved square with cyclists and pedestrians, glass towers behind, blue sky, daylight, perspective view "
AESTHETIC,ARCH_0571,real_photo,photograph,False,9,19,"exterior photograph of a railway station, sharp angled roof clad in shiny steel"
AESTHETIC,ARCH_0571,glass,glass,False,95,100,"rp angled roof clad in shiny steel sloping over a glass entrance hall with a large sign, wide paved square with cyc"
AESTHETIC,ARCH_0571,glass,glass,False,183,188," wide paved square with cyclists and pedestrians, glass towers behind, blue sky, daylight, perspective view at eye "
CONTROL,ARCH_0420,greenery,trees,False,197,202,"he middle ground, dry lawn, winding path and pine trees, clear blue sky, winter daylight, panoramic view at eye lev"
CONTROL,ARCH_0420,greenery,lawn,False,169,173,"ith an observatory dome in the middle ground, dry lawn, winding path and pine trees, clear blue sky, winter daylig"
CONTROL,ARCH_0420,greenery,park,False,25,29,exterior photograph of a park landscape with a hilltop broadcasting tower in the distance
CONTROL,ARCH_0420,greenery,pine,False,192,196," in the middle ground, dry lawn, winding path and pine trees, clear blue sky, winter daylight, panoramic view at e"
CONTROL,ARCH_0420,real_photo,photograph,False,9,19,exterior photograph of a park landscape with a hilltop broadcasting tower in th
CONTROL,ARCH_0420,curved_organic,round,False,91,96,"ith a hilltop broadcasting tower in the distance, round white tower building with an observatory dome in the middle"
CONTROL,ARCH_0420,curved_organic,dome,False,138,142,"e, round white tower building with an observatory dome in the middle ground, dry lawn, winding path and pine trees"
CONTROL,ARCH_0420,white,white,False,97,102,"hilltop broadcasting tower in the distance, round white tower building with an observatory dome in the middle groun"
CONTROL,ARCH_0046,real_photo,photograph,False,9,19,"exterior photograph of a church, sequence of parabolic concrete vaults, the lar"
CONTROL,ARCH_0046,concrete,concrete,False,55,63,"ior photograph of a church, sequence of parabolic concrete vaults, the largest covered with a blue and white painted t"
CONTROL,ARCH_0046,glass,glazed,False,134,140,"covered with a blue and white painted tile mural, glazed end walls, paved forecourt, cloudy sky, daylight, side pers"
CONTROL,ARCH_0046,white,white,False,108,113,"crete vaults, the largest covered with a blue and white painted tile mural, glazed end walls, paved forecourt, clou"
CONTROL,ARCH_0524,greenery,trees,False,145,150,"triangular balconies, large green lawn with young trees in front, cloudy sky, daylight, perspective view at eye lev"
CONTROL,ARCH_0524,greenery,lawn,False,129,133,"rows of pointed triangular balconies, large green lawn with young trees in front, cloudy sky, daylight, perspectiv"
CONTROL,ARCH_0524,real_photo,photograph,False,9,19,"exterior photograph of a housing complex, two long glass and steel blocks with "
CONTROL,ARCH_0524,glass,glass,False,51,56,"xterior photograph of a housing complex, two long glass and steel blocks with rows of pointed triangular balconies,"
CONTROL,ARCH_0167,urban,city,False,108,112,"ete polyhedron with large angled glazed openings, city street with trees and lamp posts in the foreground, clear b"
CONTROL,ARCH_0167,greenery,trees,False,125,130,"th large angled glazed openings, city street with trees and lamp posts in the foreground, clear blue sky, daylight,"
CONTROL,ARCH_0167,real_photo,photograph,False,9,19,"exterior photograph of a concert hall, faceted white concrete polyhedron with l"
CONTROL,ARCH_0167,concrete,concrete,False,53,61,"erior photograph of a concert hall, faceted white concrete polyhedron with large angled glazed openings, city street w"
CONTROL,ARCH_0167,glass,glazed,False,91,97,"ceted white concrete polyhedron with large angled glazed openings, city street with trees and lamp posts in the fore"
CONTROL,ARCH_0167,complex_form,faceted,False,39,46,"exterior photograph of a concert hall, faceted white concrete polyhedron with large angled glazed openings"
CONTROL,ARCH_0167,white,white,False,47,52,"exterior photograph of a concert hall, faceted white concrete polyhedron with large angled glazed openings, city"
CONTROL,ARCH_0584,cars,cars,False,124,128,"l glass curtain wall facade and steel frame edge, cars parked along the street, deep blue sky, strong sunlight, pe"
CONTROL,ARCH_0584,real_photo,photograph,False,9,19,"exterior photograph of a congress centre, large rectangular box with a full gla"
CONTROL,ARCH_0584,sunny,sunlight,False,176,184,"rs parked along the street, deep blue sky, strong sunlight, perspective view at eye level"
CONTROL,ARCH_0584,glass,glass,False,76,81,"ongress centre, large rectangular box with a full glass curtain wall facade and steel frame edge, cars parked along"
CONTROL,ARCH_0547,cars,cars,False,181,185,"f, tower with orange top behind, city street with cars, trees and pedestrians, daylight, perspective view at eye l"
CONTROL,ARCH_0547,urban,city,False,164,168,"p overhanging roof, tower with orange top behind, city street with cars, trees and pedestrians, daylight, perspect"
CONTROL,ARCH_0547,people,pedestrians,False,197,208,"ange top behind, city street with cars, trees and pedestrians, daylight, perspective view at eye level"
CONTROL,ARCH_0547,greenery,trees,False,187,192,"er with orange top behind, city street with cars, trees and pedestrians, daylight, perspective view at eye level"
CONTROL,ARCH_0547,real_photo,photograph,False,9,19,"exterior photograph of a cultural centre, long low volume with a rusted weather"
CONTROL,ARCH_0552,greenery,lawn,False,148,152,"small round openings, low glazed entrance canopy, lawn in front, clear blue sky, daylight, perspective view at eye"
CONTROL,ARCH_0552,real_photo,photograph,False,9,19,"exterior photograph of a library, large white box-shaped volume covered with a "
CONTROL,ARCH_0552,curved_organic,round,False,104,109,"ed volume covered with a regular pattern of small round openings, low glazed entrance canopy, lawn in front, clear "
CONTROL,ARCH_0552,glass,glazed,False,124,130,"th a regular pattern of small round openings, low glazed entrance canopy, lawn in front, clear blue sky, daylight, p"
CONTROL,ARCH_0552,white,white,False,40,45,"exterior photograph of a library, large white box-shaped volume covered with a regular pattern of small r"
CONTROL,ARCH_0403,greenery,trees,False,147,152,"t, white perforated screen walls and stairs, palm trees and garden, blue sky with white clouds, daylight, perspecti"
CONTROL,ARCH_0403,greenery,garden,False,157,163,"erforated screen walls and stairs, palm trees and garden, blue sky with white clouds, daylight, perspective view at "
CONTROL,ARCH_0403,greenery,palm,False,142,146,"inaret, white perforated screen walls and stairs, palm trees and garden, blue sky with white clouds, daylight, per"
CONTROL,ARCH_0403,real_photo,photograph,False,9,19,"exterior photograph of a mosque, folded star-shaped roof in turquoise tiles, sl"
CONTROL,ARCH_0403,white,white,False,85,90,"lded star-shaped roof in turquoise tiles, slender white minaret, white perforated screen walls and stairs, palm tre"
CONTROL,ARCH_0403,white,white,False,100,105,"d roof in turquoise tiles, slender white minaret, white perforated screen walls and stairs, palm trees and garden, "
CONTROL,ARCH_0403,white,white,False,179,184," and stairs, palm trees and garden, blue sky with white clouds, daylight, perspective view at eye level"
CONTROL,ARCH_0486,real_photo,photograph,False,9,19,"exterior photograph of a science museum, large ship-shaped volume clad in green"
CONTROL,ARCH_0486,water,water,False,111,116,"lume clad in green copper panels, rising from the water with a sloping roof, footbridge alongside, harbour water in"
CONTROL,ARCH_0486,water,water,False,168,173,"ith a sloping roof, footbridge alongside, harbour water in the foreground, daylight, side view from across the wate"
CONTROL,ARCH_0486,water,water,False,229,234,"e foreground, daylight, side view from across the water"
CONTROL,ARCH_0486,water,harbour,False,160,167," water with a sloping roof, footbridge alongside, harbour water in the foreground, daylight, side view from across th"
CONTROL,ARCH_0258,greenery,trees,False,123,128,"ade on a fully glazed ground floor, row of street trees and a wide road in front, blue sky with white clouds, dayli"
CONTROL,ARCH_0258,real_photo,photograph,False,9,19,"exterior photograph of a museum, long box with a white timber lattice facade on"
CONTROL,ARCH_0258,glass,glazed,False,88,94,"box with a white timber lattice facade on a fully glazed ground floor, row of street trees and a wide road in front,"
CONTROL,ARCH_0258,wood,timber,False,55,61,"ior photograph of a museum, long box with a white timber lattice facade on a fully glazed ground floor, row of stree"
CONTROL,ARCH_0258,white,white,False,49,54,"exterior photograph of a museum, long box with a white timber lattice facade on a fully glazed ground floor, row o"
CONTROL,ARCH_0258,white,white,False,169,174,"eet trees and a wide road in front, blue sky with white clouds, daylight, perspective view at eye level"
CONTROL,ARCH_0172,greenery,trees,False,187,192,"d path with a white parapet and garden with small trees, daylight, perspective view at eye level"
CONTROL,ARCH_0172,greenery,garden,False,169,175,"c building, cobbled path with a white parapet and garden with small trees, daylight, perspective view at eye level"
CONTROL,ARCH_0172,real_photo,photograph,False,9,19,"exterior photograph of a museum, zigzag volume clad in zinc panels with slashed"
CONTROL,ARCH_0172,white,white,False,151,156," next to a historic building, cobbled path with a white parapet and garden with small trees, daylight, perspective "
CONTROL,ARCH_0085,greenery,garden,False,125,131,"tical louvres on pilotis, fountain and landscaped garden with clipped hedges and flower beds in front, clear blue sk"
CONTROL,ARCH_0085,greenery,hedges,False,145,151,"otis, fountain and landscaped garden with clipped hedges and flower beds in front, clear blue sky, daylight, perspec"
CONTROL,ARCH_0085,greenery,landscaped,False,114,124,"h dense vertical louvres on pilotis, fountain and landscaped garden with clipped hedges and flower beds in front, clear "
CONTROL,ARCH_0085,real_photo,photograph,False,9,19,"exterior photograph of a museum, long raised concrete volume with dense vertica"
CONTROL,ARCH_0085,concrete,concrete,False,45,53,"exterior photograph of a museum, long raised concrete volume with dense vertical louvres on pilotis, fountain and"
CONTROL,ARCH_0309,urban,city,False,147,151,"rs and a green pyramid roof, seen down a straight city street with other office buildings, blue sky with white clo"
CONTROL,ARCH_0309,real_photo,photograph,False,9,19,"exterior photograph of an office skyscraper, tall stepped tower with vertical s"
CONTROL,ARCH_0309,white,white,False,202,207,"street with other office buildings, blue sky with white clouds, daylight, perspective view at eye level"
CONTROL,ARCH_0199,real_photo,photograph,False,9,19,"exterior photograph of a skyscraper, rounded bullet-shaped tower with a skin of"
CONTROL,ARCH_0199,curved_organic,rounded,False,37,44,"exterior photograph of a skyscraper, rounded bullet-shaped tower with a skin of blue, red and grey glass"
CONTROL,ARCH_0199,glass,glass,False,99,104,"et-shaped tower with a skin of blue, red and grey glass louvres and small square windows, clear blue sky, daylight,"
CONTROL,ARCH_0319,real_photo,photograph,False,9,19,"exterior photograph of an office skyscraper, slender tower with horizontal wind"
CONTROL,ARCH_0041,greenery,trees,False,140,145,"framed windows and balconies, emerging from dense trees on a hillside, clear blue sky, daylight, elevated view"
CONTROL,ARCH_0041,real_photo,photograph,False,9,19,"exterior photograph of a single-family house, white horizontal volumes with ban"
CONTROL,ARCH_0041,white,white,False,46,51,"exterior photograph of a single-family house, white horizontal volumes with bands of blue-framed windows and ba"
CONTROL,ARCH_0060,greenery,trees,False,153,158,"t roof, on a lawn with a gravel path among autumn trees, daylight, perspective view at eye level"
CONTROL,ARCH_0060,greenery,lawn,False,116,120,"x with thin black steel frame and flat roof, on a lawn with a gravel path among autumn trees, daylight, perspectiv"
CONTROL,ARCH_0060,real_photo,photograph,False,9,19,"exterior photograph of a single-family house, transparent glass box with thin b"
CONTROL,ARCH_0060,glass,glass,False,58,63," photograph of a single-family house, transparent glass box with thin black steel frame and flat roof, on a lawn wi"
CONTROL,ARCH_0061,greenery,trees,False,146,151,"ured infill panels, surrounded by tall eucalyptus trees and a garden with timber retaining wall, daylight, perspect"
CONTROL,ARCH_0061,greenery,garden,False,158,164,"panels, surrounded by tall eucalyptus trees and a garden with timber retaining wall, daylight, perspective view at e"
CONTROL,ARCH_0061,real_photo,photograph,False,9,19,"exterior photograph of a single-family house, black steel frame with large glas"
CONTROL,ARCH_0061,glass,glass,False,75,80,"single-family house, black steel frame with large glass panels and coloured infill panels, surrounded by tall eucal"
CONTROL,ARCH_0061,wood,timber,False,170,176,"ounded by tall eucalyptus trees and a garden with timber retaining wall, daylight, perspective view at eye level"
CONTROL,ARCH_0012,low_angle,from below,False,183,193,"wn among autumn trees, daylight, perspective view from below"
CONTROL,ARCH_0012,greenery,trees,False,149,154,"and flat roof, set on a sloping lawn among autumn trees, daylight, perspective view from below"
CONTROL,ARCH_0012,greenery,lawn,False,131,135,"al ribbon windows and flat roof, set on a sloping lawn among autumn trees, daylight, perspective view from below"
CONTROL,ARCH_0012,real_photo,photograph,False,9,19,"exterior photograph of a single-family villa, long low white volume with horizo"
CONTROL,ARCH_0012,white,white,False,55,60,"ior photograph of a single-family villa, long low white volume with horizontal ribbon windows and flat roof, set on"
CONTROL,ARCH_0540,greenery,landscaped,False,130,140,"s, white tensile roof and glazed facade, road and landscaped roundabout in front, blue sky with white clouds, daylight, "
CONTROL,ARCH_0540,real_photo,photograph,False,9,19,"exterior photograph of a stadium, large white steel arch spanning over the stan"
CONTROL,ARCH_0540,glass,glazed,False,106,112," spanning over the stands, white tensile roof and glazed facade, road and landscaped roundabout in front, blue sky w"
CONTROL,ARCH_0540,white,white,False,40,45,"exterior photograph of a stadium, large white steel arch spanning over the stands, white tensile roof and"
CONTROL,ARCH_0540,white,white,False,83,88," large white steel arch spanning over the stands, white tensile roof and glazed facade, road and landscaped roundab"
CONTROL,ARCH_0540,white,white,False,176,181,"and landscaped roundabout in front, blue sky with white clouds, daylight, perspective view at eye level"
CONTROL,ARCH_0117,urban,city,False,109,113,"r concrete shaft with antenna, seen above a mixed city skyline with apartment blocks, chimneys and railway yards, "
CONTROL,ARCH_0117,real_photo,photograph,False,9,19,"exterior photograph of a television tower, very tall slender concrete shaft wit"
CONTROL,ARCH_0117,concrete,concrete,False,61,69,"otograph of a television tower, very tall slender concrete shaft with antenna, seen above a mixed city skyline with ap"
CONTROL,ARCH_0117,white,white,False,187,192,"blocks, chimneys and railway yards, blue sky with white clouds, daylight, panoramic view from a long distance"
CONTROL,ARCH_0409,low_angle,low-angle,False,186,195,"n in front, blue sky with white clouds, daylight, low-angle front view"
CONTROL,ARCH_0409,greenery,lawn,False,133,137,"ised concrete platform on four curved legs, grass lawn in front, blue sky with white clouds, daylight, low-angle f"
CONTROL,ARCH_0409,greenery,grass,False,127,132,"m a raised concrete platform on four curved legs, grass lawn in front, blue sky with white clouds, daylight, low-an"
CONTROL,ARCH_0409,real_photo,photograph,False,9,19,"exterior photograph of a television tower, tall steel lattice mast rising from "
CONTROL,ARCH_0409,curved_organic,curved,False,114,120,"st rising from a raised concrete platform on four curved legs, grass lawn in front, blue sky with white clouds, dayl"
CONTROL,ARCH_0409,concrete,concrete,False,88,96,"wer, tall steel lattice mast rising from a raised concrete platform on four curved legs, grass lawn in front, blue sky"
CONTROL,ARCH_0409,white,white,False,162,167,"r curved legs, grass lawn in front, blue sky with white clouds, daylight, low-angle front view"
CONTROL,ARCH_0052,urban,city,False,150,154,"th ends, wide harbour water in the foreground and city towers behind, blue sky with white clouds, daylight, side p"
CONTROL,ARCH_0052,real_photo,photograph,False,9,19,"exterior photograph of a bridge, large steel arch with a deck suspended below a"
CONTROL,ARCH_0052,water,water,False,122,127,"below and stone pylons at both ends, wide harbour water in the foreground and city towers behind, blue sky with whi"
CONTROL,ARCH_0052,water,water,False,237,242,"te clouds, daylight, side panoramic view from the water"
CONTROL,ARCH_0052,water,harbour,False,114,121,"spended below and stone pylons at both ends, wide harbour water in the foreground and city towers behind, blue sky wi"
CONTROL,ARCH_0052,white,white,False,184,189," foreground and city towers behind, blue sky with white clouds, daylight, side panoramic view from the water"
CONTROL,ARCH_0501,real_photo,photograph,False,9,19,"exterior photograph of a cable-stayed bridge, long steel deck on concrete piers"
CONTROL,ARCH_0501,water,water,False,196,201,"oreground, hazy sky, daylight, side view from the water"
CONTROL,ARCH_0501,water,sea,False,134,137," tall concrete pylons and fan-shaped cables, flat sea in the foreground, hazy sky, daylight, side view from the w"
CONTROL,ARCH_0501,concrete,concrete,False,65,73,"raph of a cable-stayed bridge, long steel deck on concrete piers with tall concrete pylons and fan-shaped cables, flat"
CONTROL,ARCH_0501,concrete,concrete,False,90,98,"idge, long steel deck on concrete piers with tall concrete pylons and fan-shaped cables, flat sea in the foreground, h"
CONTROL,ARCH_0487,real_photo,photograph,False,9,19,exterior photograph of a suspension bridge in the distance with tall towers and
CONTROL,ARCH_0487,concrete,concrete,False,93,101,"in the distance with tall towers and cables, long concrete viaduct on high piers in the foreground, forested hills and"
CONTROL,ARCH_0489,greenery,grassy,False,136,142," cables, low-rise residential neighbourhood and a grassy mound in the middle ground, large ceramic urns on a rooftop"
CONTROL,ARCH_0489,real_photo,photograph,False,9,19,exterior photograph of a suspension bridge in the distance with a tall steel to
CONTROL,ARCH_0489,white,white,False,236,241,"rns on a rooftop in the foreground, blue sky with white clouds, daylight, elevated panoramic view"
CONTROL,ARCH_0484,greenery,trees,False,176,181,"ing pool and paved walkway with a bench in front, trees, daylight, perspective view at eye level"
CONTROL,ARCH_0484,real_photo,photograph,False,9,19,"exterior photograph of a chapel, tinted concrete box with several curved roof l"
CONTROL,ARCH_0484,water,pool,False,130,134,"ght volumes of different heights, long reflecting pool and paved walkway with a bench in front, trees, daylight, p"
CONTROL,ARCH_0484,curved_organic,curved,False,66,72,"aph of a chapel, tinted concrete box with several curved roof light volumes of different heights, long reflecting po"
CONTROL,ARCH_0484,concrete,concrete,False,40,48,"exterior photograph of a chapel, tinted concrete box with several curved roof light volumes of different hei"
CONTROL,ARCH_0135,greenery,trees,False,143,148,"tall narrow glazed gaps, on a grassy hilltop with trees, blue sky with white clouds, daylight, perspective view at "
CONTROL,ARCH_0135,greenery,grassy,False,123,129,"oncrete blocks with tall narrow glazed gaps, on a grassy hilltop with trees, blue sky with white clouds, daylight, p"
CONTROL,ARCH_0135,real_photo,photograph,False,9,19,"exterior photograph of a church, irregular stacked composition of large concret"
CONTROL,ARCH_0135,concrete,concrete,False,72,80," a church, irregular stacked composition of large concrete blocks with tall narrow glazed gaps, on a grassy hilltop wi"
CONTROL,ARCH_0135,glass,glazed,False,105,111,"osition of large concrete blocks with tall narrow glazed gaps, on a grassy hilltop with trees, blue sky with white c"
CONTROL,ARCH_0135,complex_form,irregular,False,33,42,"exterior photograph of a church, irregular stacked composition of large concrete blocks with tall narr"
CONTROL,ARCH_0135,white,white,False,164,169,"ps, on a grassy hilltop with trees, blue sky with white clouds, daylight, perspective view at eye level"
CONTROL,ARCH_0140,low_angle,from below,False,241,251,"ith white clouds, daylight, wide-angle front view from below"
CONTROL,ARCH_0140,greenery,lawn,False,157,161,"of glass and a classical portico opening, stepped lawn terraces in front, blue sky with white clouds, daylight, wi"
CONTROL,ARCH_0140,real_photo,photograph,False,9,19,"exterior photograph of a housing complex, curved block of prefabricated concret"
CONTROL,ARCH_0140,curved_organic,curved,False,42,48,"exterior photograph of a housing complex, curved block of prefabricated concrete with giant fluted columns o"
CONTROL,ARCH_0140,concrete,concrete,False,72,80," a housing complex, curved block of prefabricated concrete with giant fluted columns of glass and a classical portico "
CONTROL,ARCH_0140,glass,glass,False,110,115,"efabricated concrete with giant fluted columns of glass and a classical portico opening, stepped lawn terraces in f"
CONTROL,ARCH_0140,white,white,False,195,200,"ng, stepped lawn terraces in front, blue sky with white clouds, daylight, wide-angle front view from below"
CONTROL,ARCH_0428,people,pedestrian,False,158,168,"and large banners, concrete rooftop elements, wet pedestrian street with benches, overcast sky, daylight, perspective vi"
CONTROL,ARCH_0428,real_photo,photograph,False,9,19,"exterior photograph of a cultural centre, long multi-storey glass curtain wall "
CONTROL,ARCH_0428,concrete,concrete,False,127,135,"l facade with horizontal bands and large banners, concrete rooftop elements, wet pedestrian street with benches, overc"
CONTROL,ARCH_0428,glass,glass,False,60,65,"hotograph of a cultural centre, long multi-storey glass curtain wall facade with horizontal bands and large banners"
CONTROL,ARCH_0227,greenery,trees,False,117,122,"with a curved steel exoskeleton, seen behind palm trees and low buildings along a canal, daylight, perspective view"
CONTROL,ARCH_0227,greenery,palm,False,112,116,"ower with a curved steel exoskeleton, seen behind palm trees and low buildings along a canal, daylight, perspectiv"
CONTROL,ARCH_0227,real_photo,photograph,False,9,19,"exterior photograph of a hotel tower, tall white sail-shaped tower with a curve"
CONTROL,ARCH_0227,water,canal,False,149,154," seen behind palm trees and low buildings along a canal, daylight, perspective view from a distance at eye level"
CONTROL,ARCH_0227,curved_organic,curved,False,74,80," hotel tower, tall white sail-shaped tower with a curved steel exoskeleton, seen behind palm trees and low buildings"
CONTROL,ARCH_0227,white,white,False,43,48,"exterior photograph of a hotel tower, tall white sail-shaped tower with a curved steel exoskeleton, seen beh"
CONTROL,ARCH_0231,low_angle,low-angle,False,181,190,"en hillside with trees, clear blue sky, daylight, low-angle view from a distance"
CONTROL,ARCH_0231,greenery,trees,False,148,153,"mall scattered openings, on a green hillside with trees, clear blue sky, daylight, low-angle view from a distance"
CONTROL,ARCH_0231,real_photo,photograph,False,9,19,"exterior photograph of a library, three large dark stone-clad angular volumes l"
CONTROL,ARCH_0359,low_angle,low-angle,False,193,202,"alls in the foreground, clear blue sky, daylight, low-angle view"
CONTROL,ARCH_0359,real_photo,photograph,False,9,19,"exterior photograph of a mausoleum tower, tall open concrete tower of twelve sl"
CONTROL,ARCH_0359,concrete,concrete,False,52,60,"terior photograph of a mausoleum tower, tall open concrete tower of twelve slender vertical ribs rising to a conical s"
CONTROL,ARCH_0595,greenery,trees,False,165,170,"tone, wide paved courtyard with benches and small trees, clear blue sky, daylight, wide-angle perspective view at e"
CONTROL,ARCH_0595,real_photo,photograph,False,9,19,"exterior photograph of a mosque, tall square minaret tower and a long portico o"
CONTROL,ARCH_0595,curved_organic,arches,False,98,104,"aret tower and a long portico of repeated pointed arches in light stone, wide paved courtyard with benches and small"
CONTROL,ARCH_0480,greenery,grass,False,143,148," panels on a raised podium with a curved terrace, grass slope in the foreground, overcast sky, daylight, perspectiv"
CONTROL,ARCH_0480,real_photo,photograph,False,9,19,"exterior photograph of a museum, long low rectangular volumes of frosted glass "
CONTROL,ARCH_0480,curved_organic,curved,False,127,133,"s and dark stone panels on a raised podium with a curved terrace, grass slope in the foreground, overcast sky, dayli"
CONTROL,ARCH_0480,glass,glass,False,73,78,"a museum, long low rectangular volumes of frosted glass and dark stone panels on a raised podium with a curved terr"
CONTROL,ARCH_0574,real_photo,photograph,False,9,19,"exterior photograph of a museum, box-shaped volume wrapped in a white honeycomb"
CONTROL,ARCH_0574,concrete,concrete,False,80,88,"m, box-shaped volume wrapped in a white honeycomb concrete screen lifted at one corner over a glazed entrance, street "
CONTROL,ARCH_0574,glass,glazed,False,124,130,"ycomb concrete screen lifted at one corner over a glazed entrance, street intersection with traffic lights, daylight"
CONTROL,ARCH_0574,white,white,False,64,69,"graph of a museum, box-shaped volume wrapped in a white honeycomb concrete screen lifted at one corner over a glaze"
CONTROL,ARCH_0234,greenery,trees,False,129,134,"nken paved plaza with steps and a metal handrail, trees and street behind, daylight, perspective view from above th"
CONTROL,ARCH_0234,real_photo,photograph,False,9,19,"exterior photograph of a museum, long flat raw concrete slab spanning over a su"
CONTROL,ARCH_0234,concrete,concrete,False,47,55,"exterior photograph of a museum, long flat raw concrete slab spanning over a sunken paved plaza with steps and a me"
CONTROL,ARCH_0448,greenery,lawn,False,142,146,"ircle glazed atrium and long entrance ramp, green lawn in front, daylight, perspective view at eye level"
CONTROL,ARCH_0448,real_photo,photograph,False,9,19,"exterior photograph of a museum, white enamelled metal panel volumes with a cur"
CONTROL,ARCH_0448,curved_organic,curved,False,76,82,"useum, white enamelled metal panel volumes with a curved quarter-circle glazed atrium and long entrance ramp, green "
CONTROL,ARCH_0448,glass,glazed,False,98,104," metal panel volumes with a curved quarter-circle glazed atrium and long entrance ramp, green lawn in front, dayligh"
CONTROL,ARCH_0448,white,white,False,33,38,"exterior photograph of a museum, white enamelled metal panel volumes with a curved quarter-circle "
CONTROL,ARCH_0142,greenery,lawn,False,124,128,"rved ramps and tilted zinc-clad roof boxes, large lawn in front, blue sky with white clouds, daylight, perspective"
CONTROL,ARCH_0142,real_photo,photograph,False,9,19,"exterior photograph of a museum, white rendered sculptural volumes with curved "
CONTROL,ARCH_0142,curved_organic,curved,False,72,78," a museum, white rendered sculptural volumes with curved ramps and tilted zinc-clad roof boxes, large lawn in front,"
CONTROL,ARCH_0142,complex_form,sculptural,False,48,58,"exterior photograph of a museum, white rendered sculptural volumes with curved ramps and tilted zinc-clad roof boxes, "
CONTROL,ARCH_0142,white,white,False,33,38,"exterior photograph of a museum, white rendered sculptural volumes with curved ramps and tilted zi"
CONTROL,ARCH_0142,white,white,False,153,158,"ad roof boxes, large lawn in front, blue sky with white clouds, daylight, perspective view at eye level"
CONTROL,ARCH_0212,cars,cars,False,159,163,"ular openings, trees and paved street with parked cars, blue sky with white clouds, daylight, perspective view at "
CONTROL,ARCH_0212,greenery,trees,False,124,129,"y tiles and bricks with small irregular openings, trees and paved street with parked cars, blue sky with white clou"
CONTROL,ARCH_0212,real_photo,photograph,False,9,19,"exterior photograph of a museum, large sloping walls built of recycled grey til"
CONTROL,ARCH_0212,complex_form,irregular,False,104,113,"uilt of recycled grey tiles and bricks with small irregular openings, trees and paved street with parked cars, blue sky"
CONTROL,ARCH_0212,white,white,False,179,184," and paved street with parked cars, blue sky with white clouds, daylight, perspective view at eye level"
CONTROL,ARCH_0337,real_photo,photograph,False,9,19,"exterior photograph of an office and exhibition complex, low red brick volumes "
CONTROL,ARCH_0337,glass,glass,False,139,144,"ge banner and a glazed corner, tall red brick and glass tower behind, wide paved square, cloudy sky, daylight, pers"
CONTROL,ARCH_0337,glass,glazed,False,105,111,", low red brick volumes with a large banner and a glazed corner, tall red brick and glass tower behind, wide paved s"
CONTROL,ARCH_0100,cars,cars,False,134,138,"er with a thin roof slab, city street with parked cars and a historic brick building, blue sky with white clouds, "
CONTROL,ARCH_0100,urban,city,False,110,114," glass and aluminium tower with a thin roof slab, city street with parked cars and a historic brick building, blue"
CONTROL,ARCH_0100,real_photo,photograph,False,9,19,"exterior photograph of an office skyscraper, slender tapered glass and aluminiu"
CONTROL,ARCH_0100,glass,glass,False,61,66,"otograph of an office skyscraper, slender tapered glass and aluminium tower with a thin roof slab, city street with"
CONTROL,ARCH_0100,white,white,False,184,189,"cars and a historic brick building, blue sky with white clouds, daylight, perspective view at eye level"
CONTROL,ARCH_0081,people,pedestrian,False,120,130,"h stepped setbacks and a tall antenna spire, busy pedestrian street with trees and older stone buildings, daylight, pers"
CONTROL,ARCH_0081,greenery,trees,False,143,148,"a tall antenna spire, busy pedestrian street with trees and older stone buildings, daylight, perspective view at ey"
CONTROL,ARCH_0081,real_photo,photograph,False,9,19,"exterior photograph of a skyscraper, slender glass and steel tower with stepped"
CONTROL,ARCH_0081,glass,glass,False,45,50,"exterior photograph of a skyscraper, slender glass and steel tower with stepped setbacks and a tall antenna sp"
CONTROL,ARCH_0293,low_angle,low-angle,False,187,196,"er with bare trees and overhead cables, daylight, low-angle perspective view"
CONTROL,ARCH_0293,greenery,trees,False,150,155,"hanging solar panel roof, street corner with bare trees and overhead cables, daylight, low-angle perspective view"
CONTROL,ARCH_0293,real_photo,photograph,False,9,19,"exterior photograph of an office building, six-storey glass and white panel fac"
CONTROL,ARCH_0293,glass,glass,False,54,59,"rior photograph of an office building, six-storey glass and white panel facade with a large overhanging solar panel"
CONTROL,ARCH_0293,white,white,False,64,69,"graph of an office building, six-storey glass and white panel facade with a large overhanging solar panel roof, str"
CONTROL,ARCH_0538,urban,city,False,155,159,", next to a stepped tiered tower, dense high-rise city below, hazy sky, daylight, elevated view from a distance"
CONTROL,ARCH_0538,real_photo,photograph,False,9,19,"exterior photograph of a skyscraper, very tall tapering glass tower with a trap"
CONTROL,ARCH_0538,glass,glass,False,56,61,"or photograph of a skyscraper, very tall tapering glass tower with a trapezoidal opening at the top, next to a step"
CONTROL,ARCH_0368,greenery,trees,False,150,155,"lue and grey panels, park with lawn and tall palm trees in front, overcast sky, daylight, front view at eye level f"
CONTROL,ARCH_0368,greenery,lawn,False,131,135,"a regular grid of blue and grey panels, park with lawn and tall palm trees in front, overcast sky, daylight, front"
CONTROL,ARCH_0368,greenery,park,False,121,125,"slab with a regular grid of blue and grey panels, park with lawn and tall palm trees in front, overcast sky, dayli"
CONTROL,ARCH_0368,greenery,palm,False,145,149," of blue and grey panels, park with lawn and tall palm trees in front, overcast sky, daylight, front view at eye l"
CONTROL,ARCH_0368,real_photo,photograph,False,9,19,"exterior photograph of an office tower, rectangular glass curtain wall slab wit"
CONTROL,ARCH_0368,glass,glass,False,52,57,"terior photograph of an office tower, rectangular glass curtain wall slab with a regular grid of blue and grey pane"
CONTROL,ARCH_0253,greenery,lawn,False,136,140,"ith circular holes and large glass curtain walls, lawn and driveway in front, residential towers behind, daylight,"
CONTROL,ARCH_0253,real_photo,photograph,False,9,19,"exterior photograph of a theatre, box-shaped volume with curved white concrete "
CONTROL,ARCH_0253,curved_organic,curved,False,57,63,"r photograph of a theatre, box-shaped volume with curved white concrete walls with circular holes and large glass cu"
CONTROL,ARCH_0253,curved_organic,circular,False,90,98,"aped volume with curved white concrete walls with circular holes and large glass curtain walls, lawn and driveway in f"
CONTROL,ARCH_0253,concrete,concrete,False,70,78,"of a theatre, box-shaped volume with curved white concrete walls with circular holes and large glass curtain walls, la"
CONTROL,ARCH_0253,glass,glass,False,115,120,"hite concrete walls with circular holes and large glass curtain walls, lawn and driveway in front, residential towe"
CONTROL,ARCH_0253,white,white,False,64,69,"graph of a theatre, box-shaped volume with curved white concrete walls with circular holes and large glass curtain "
CONTROL,ARCH_0522,greenery,trees,False,129,134," sweeping steel crest over a rounded volume, palm trees and garden in front, apartment blocks behind, dusk light, p"
CONTROL,ARCH_0522,greenery,garden,False,139,145,"steel crest over a rounded volume, palm trees and garden in front, apartment blocks behind, dusk light, perspective "
CONTROL,ARCH_0522,greenery,palm,False,124,128,"large sweeping steel crest over a rounded volume, palm trees and garden in front, apartment blocks behind, dusk li"
CONTROL,ARCH_0522,real_photo,photograph,False,9,19,"exterior photograph of an opera house, curved white concrete shells and a large"
CONTROL,ARCH_0522,curved_organic,curved,False,39,45,"exterior photograph of an opera house, curved white concrete shells and a large sweeping steel crest over"
CONTROL,ARCH_0522,curved_organic,rounded,False,108,115,"te shells and a large sweeping steel crest over a rounded volume, palm trees and garden in front, apartment blocks be"
CONTROL,ARCH_0522,curved_organic,shells,False,61,67,"otograph of an opera house, curved white concrete shells and a large sweeping steel crest over a rounded volume, pal"
CONTROL,ARCH_0522,concrete,concrete,False,52,60,"terior photograph of an opera house, curved white concrete shells and a large sweeping steel crest over a rounded volu"
CONTROL,ARCH_0522,white,white,False,46,51,"exterior photograph of an opera house, curved white concrete shells and a large sweeping steel crest over a rou"
CONTROL,ARCH_0374,people,crowds,False,134,140,"de with a flat roof, huge open public square with crowds and an obelisk, trees in the foreground, daylight with thin"
CONTROL,ARCH_0374,greenery,trees,False,157,162,"ge open public square with crowds and an obelisk, trees in the foreground, daylight with thin clouds, elevated pano"
CONTROL,ARCH_0374,real_photo,photograph,False,9,19,"exterior photograph of a parliament building, long symmetrical colonnaded stone"
CONTROL,ARCH_0202,real_photo,photograph,False,9,19,"exterior photograph of a parliament building, layered facade of stone, timber a"
CONTROL,ARCH_0202,complex_form,irregular,False,93,102,"g, layered facade of stone, timber and steel with irregular framed windows and projecting timber screens, entrance cano"
CONTROL,ARCH_0202,wood,timber,False,71,77,"f a parliament building, layered facade of stone, timber and steel with irregular framed windows and projecting timb"
CONTROL,ARCH_0202,wood,timber,False,133,139,"teel with irregular framed windows and projecting timber screens, entrance canopy with steel and timber beams, flags"
CONTROL,ARCH_0202,wood,timber,False,180,186,"ng timber screens, entrance canopy with steel and timber beams, flags and wet paved plaza, overcast sky, daylight, p"
CONTROL,ARCH_0121,real_photo,photograph,False,9,19,"exterior photograph of a parliament building, massive raw concrete cylinders an"
CONTROL,ARCH_0121,water,pool,False,167,171,"cular openings and marble inlay lines, reflecting pool and brick paving in front, daylight, perspective view at ey"
CONTROL,ARCH_0121,curved_organic,circular,False,114,122,"te cylinders and blocks with large triangular and circular openings and marble inlay lines, reflecting pool and brick "
CONTROL,ARCH_0121,concrete,concrete,False,58,66," photograph of a parliament building, massive raw concrete cylinders and blocks with large triangular and circular ope"
CONTROL,ARCH_0121,monumental,massive,False,46,53,"exterior photograph of a parliament building, massive raw concrete cylinders and blocks with large triangular and"
CONTROL,ARCH_0280,greenery,trees,False,178,183,"all of triangular blocks, set in a park lawn with trees, daylight, perspective view at eye level"
CONTROL,ARCH_0280,greenery,lawn,False,168,172,"ved blue wall of triangular blocks, set in a park lawn with trees, daylight, perspective view at eye level"
CONTROL,ARCH_0280,greenery,park,False,163,167,", curved blue wall of triangular blocks, set in a park lawn with trees, daylight, perspective view at eye level"
CONTROL,ARCH_0280,real_photo,photograph,False,9,19,"exterior photograph of a pavilion, wide circular timber roof with triangular la"
CONTROL,ARCH_0280,curved_organic,curved,False,115,121," triangular lattice pattern on a central support, curved blue wall of triangular blocks, set in a park lawn with tre"
CONTROL,ARCH_0280,curved_organic,circular,False,40,48,"exterior photograph of a pavilion, wide circular timber roof with triangular lattice pattern on a central su"
CONTROL,ARCH_0280,wood,timber,False,49,55,"exterior photograph of a pavilion, wide circular timber roof with triangular lattice pattern on a central support, "
CONTROL,ARCH_0027,real_photo,photograph,False,9,19,"exterior photograph of a public building, white rectangular block with a regula"
CONTROL,ARCH_0027,glass,glazing,False,114,121,"k with a regular grid of open frames and recessed glazing, fence in the foreground and wooded hill behind, daylight, "
CONTROL,ARCH_0027,white,white,False,42,47,"exterior photograph of a public building, white rectangular block with a regular grid of open frames and re"
CONTROL,ARCH_0322,greenery,lawn,False,134,138,"h stepped massing and large dark glazed openings, lawn and planted strip along a path, overcast sky, daylight, fro"
CONTROL,ARCH_0322,real_photo,photograph,False,9,19,"exterior photograph of a railway station, symmetrical sand-coloured stone facad"
CONTROL,ARCH_0322,glass,glazed,False,117,123," stone facade with stepped massing and large dark glazed openings, lawn and planted strip along a path, overcast sky"
CONTROL,ARCH_0189,low_angle,low-angle,False,201,210,"w in front, blue sky with white clouds, daylight, low-angle corner view"
CONTROL,ARCH_0189,real_photo,photograph,False,9,19,"exterior photograph of a school building, cubic exposed concrete volume with ir"
CONTROL,ARCH_0189,concrete,concrete,False,56,64,"or photograph of a school building, cubic exposed concrete volume with irregularly placed square windows of different "
CONTROL,ARCH_0189,white,white,False,177,182,"es, flat roof, dry meadow in front, blue sky with white clouds, daylight, low-angle corner view"
CONTROL,ARCH_0304,greenery,trees,False,167,172,"and small square windows, gravel ground and large trees, daylight, corner perspective view at eye level"
CONTROL,ARCH_0304,real_photo,photograph,False,9,19,"exterior photograph of a single-family house, simple white rendered cubic volum"
CONTROL,ARCH_0304,white,white,False,53,58,"erior photograph of a single-family house, simple white rendered cubic volume with flat roof, raised central part a"
CONTROL,ARCH_0153,urban,urban,False,138,143,"k tie holes and a single recessed doorway, narrow urban plot between neighbouring houses, daylight, front view at e"
CONTROL,ARCH_0153,real_photo,photograph,False,9,19,"exterior photograph of a small house, blank exposed concrete facade with visibl"
CONTROL,ARCH_0153,concrete,concrete,False,52,60,"terior photograph of a small house, blank exposed concrete facade with visible formwork tie holes and a single recesse"
CONTROL,ARCH_0306,greenery,lawn,False,117,121,"s with flat roof terraces and horizontal windows, lawn with clipped shrubs and a path, daylight, perspective view "
CONTROL,ARCH_0306,greenery,shrubs,False,135,141,"erraces and horizontal windows, lawn with clipped shrubs and a path, daylight, perspective view at eye level"
CONTROL,ARCH_0306,real_photo,photograph,False,9,19,"exterior photograph of a villa, stepped white rendered cubic volumes with flat "
CONTROL,ARCH_0306,white,white,False,40,45,"exterior photograph of a villa, stepped white rendered cubic volumes with flat roof terraces and horizont"
CONTROL,ARCH_0029,real_photo,photograph,False,0,10,"photograph of a football stadium, curved open stands of grey seats aro"
CONTROL,ARCH_0029,curved_organic,curved,False,34,40,"photograph of a football stadium, curved open stands of grey seats around a green pitch, tall slende"
CONTROL,ARCH_0029,concrete,concrete,False,102,110," of grey seats around a green pitch, tall slender concrete tower with a flagpole, floodlight masts and distant hills, "
CONTROL,ARCH_0223,greenery,trees,False,146,151,"ngular metal sunshades, waterfront promenade with trees, high-rise towers behind, overcast sky, daylight, panoramic"
CONTROL,ARCH_0223,real_photo,photograph,False,9,19,"exterior photograph of a theatre complex, two rounded domes covered with a dens"
CONTROL,ARCH_0223,water,water,False,233,238,"ast sky, daylight, panoramic view from across the water"
CONTROL,ARCH_0223,water,waterfront,False,120,130,"th a dense pattern of triangular metal sunshades, waterfront promenade with trees, high-rise towers behind, overcast sky"
CONTROL,ARCH_0223,curved_organic,rounded,False,46,53,"exterior photograph of a theatre complex, two rounded domes covered with a dense pattern of triangular metal suns"
CONTROL,ARCH_0223,curved_organic,domes,False,54,59,"rior photograph of a theatre complex, two rounded domes covered with a dense pattern of triangular metal sunshades,"
CONTROL,ARCH_0287,urban,city,False,148,152,"s discs, glass towers and older buildings along a city street, clear blue sky, daylight, perspective view at eye l"
CONTROL,ARCH_0287,real_photo,photograph,False,9,19,"exterior photograph of a university building, rectangular block clad in a grid "
CONTROL,ARCH_0287,glass,glass,False,94,99,", rectangular block clad in a grid of translucent glass discs, glass towers and older buildings along a city street"
CONTROL,ARCH_0287,glass,glass,False,107,112," block clad in a grid of translucent glass discs, glass towers and older buildings along a city street, clear blue "
CONTROL,ARCH_0588,people,people,False,179,185,"air and glazed ground floor, waterfront lawn with people walking, dusk light, perspective view at eye level"
CONTROL,ARCH_0588,greenery,lawn,False,169,173,"xternal stair and glazed ground floor, waterfront lawn with people walking, dusk light, perspective view at eye le"
CONTROL,ARCH_0588,real_photo,photograph,False,9,19,"exterior photograph of an arts centre, rounded elongated volume clad in pale ce"
CONTROL,ARCH_0588,water,waterfront,False,158,168," columns, external stair and glazed ground floor, waterfront lawn with people walking, dusk light, perspective view at e"
CONTROL,ARCH_0588,curved_organic,rounded,False,39,46,"exterior photograph of an arts centre, rounded elongated volume clad in pale ceramic discs raised on slend"
CONTROL,ARCH_0588,glass,glazed,False,137,143,"scs raised on slender columns, external stair and glazed ground floor, waterfront lawn with people walking, dusk lig"
CONTROL,ARCH_0360,greenery,garden,False,139,145,"onies and railings on several floors, traditional garden with shrubs and rocks in front, daylight, perspective view "
CONTROL,ARCH_0360,greenery,shrubs,False,151,157,"ilings on several floors, traditional garden with shrubs and rocks in front, daylight, perspective view at eye level"
CONTROL,ARCH_0360,real_photo,photograph,False,9,19,"exterior photograph of a cultural centre, low horizontal concrete building with"
CONTROL,ARCH_0360,concrete,concrete,False,57,65,"r photograph of a cultural centre, low horizontal concrete building with long balconies and railings on several floors"
CONTROL,ARCH_0264,people,visitors,False,176,184,"ircase, next to a historic neoclassical building, visitors on the street, blue sky with white clouds, daylight, perspe"
CONTROL,ARCH_0264,real_photo,photograph,False,9,19,"exterior photograph of a museum entrance building, white stone colonnade of sle"
CONTROL,ARCH_0264,white,white,False,51,56,"xterior photograph of a museum entrance building, white stone colonnade of slender square pillars on a plinth with "
CONTROL,ARCH_0264,white,white,False,214,219,"l building, visitors on the street, blue sky with white clouds, daylight, perspective view at eye level"
CONTROL,ARCH_0245,greenery,trees,False,154,159,"l cube raised on columns, striped paved plaza and trees, blue sky with white clouds, daylight, perspective view at "
CONTROL,ARCH_0245,real_photo,photograph,False,9,19,"exterior photograph of a theatre, large silver sphere and white box volumes plu"
CONTROL,ARCH_0245,curved_organic,sphere,False,47,53,"exterior photograph of a theatre, large silver sphere and white box volumes plugged into a glazed central cube ra"
CONTROL,ARCH_0245,glass,glazed,False,91,97,"ilver sphere and white box volumes plugged into a glazed central cube raised on columns, striped paved plaza and tre"
CONTROL,ARCH_0245,white,white,False,58,63," photograph of a theatre, large silver sphere and white box volumes plugged into a glazed central cube raised on co"
CONTROL,ARCH_0245,white,white,False,175,180,"mns, striped paved plaza and trees, blue sky with white clouds, daylight, perspective view at eye level"
CONTROL,ARCH_0589,people,people,False,198,204," yellow and blue brick sculptures on a plaza with people, clear blue sky, daylight, perspective view at eye level"
CONTROL,ARCH_0589,real_photo,photograph,False,9,19,"exterior photograph of an experience centre, stacked white tiled cubic volumes "
CONTROL,ARCH_0589,white,white,False,53,58,"erior photograph of an experience centre, stacked white tiled cubic volumes with stepped roof terraces and a large "
CONTROL,ARCH_0020,vintage_photo,black and white,False,9,24,"exterior black and white photograph of a factory, long multi-storey white concrete a"
CONTROL,ARCH_0020,greenery,trees,False,171,176,"curved glazed corner tower and rooftop lettering, trees in front, overcast sky, daylight, perspective view at eye l"
CONTROL,ARCH_0020,real_photo,photograph,False,25,35,"exterior black and white photograph of a factory, long multi-storey white concrete and glass cu"
CONTROL,ARCH_0020,curved_organic,curved,False,121,127,"te concrete and glass curtain wall volumes with a curved glazed corner tower and rooftop lettering, trees in front, "
CONTROL,ARCH_0020,concrete,concrete,False,74,82," photograph of a factory, long multi-storey white concrete and glass curtain wall volumes with a curved glazed corner "
CONTROL,ARCH_0020,glass,glass,False,87,92,"f a factory, long multi-storey white concrete and glass curtain wall volumes with a curved glazed corner tower and "
CONTROL,ARCH_0020,glass,glazed,False,128,134,"rete and glass curtain wall volumes with a curved glazed corner tower and rooftop lettering, trees in front, overcas"
CONTROL,ARCH_0020,white,white,False,19,24,"exterior black and white photograph of a factory, long multi-storey white concrete a"
CONTROL,ARCH_0020,white,white,False,68,73," white photograph of a factory, long multi-storey white concrete and glass curtain wall volumes with a curved glaze"
CONTROL,ARCH_0504,colorfulness,colourful,False,46,55,"exterior photograph of an incineration plant, colourful facade with painted patterns, irregular windows and small t"
CONTROL,ARCH_0504,greenery,trees,False,186,191,"himney with a golden sphere on top, wide road and trees in front, clear blue sky, daylight, perspective view at eye"
CONTROL,ARCH_0504,greenery,plant,False,39,44,"exterior photograph of an incineration plant, colourful facade with painted patterns, irregular windows "
CONTROL,ARCH_0504,real_photo,photograph,False,9,19,"exterior photograph of an incineration plant, colourful facade with painted pat"
CONTROL,ARCH_0504,curved_organic,sphere,False,157,163," small towers, tall striped chimney with a golden sphere on top, wide road and trees in front, clear blue sky, dayli"
CONTROL,ARCH_0504,complex_form,irregular,False,86,95,"on plant, colourful facade with painted patterns, irregular windows and small towers, tall striped chimney with a golde"
CONTROL,ARCH_0504,colourful,colourful,False,46,55,"exterior photograph of an incineration plant, colourful facade with painted patterns, irregular windows and small t"
CONTROL,ARCH_0238,low_angle,low-angle,False,194,203,"g from the chimney, overcast sky, daylight, close low-angle view"
CONTROL,ARCH_0238,greenery,plant,False,31,36,"exterior photograph of a power plant, huge sloping facade of stacked grey aluminium bricks with "
CONTROL,ARCH_0238,real_photo,photograph,False,9,19,"exterior photograph of a power plant, huge sloping facade of stacked grey alumi"
CONTROL,ARCH_0342,real_photo,photograph,False,9,19,"exterior photograph of a power station, white horizontal building with a tall s"
CONTROL,ARCH_0342,water,water,False,201,206,"y with white clouds, daylight, side view from the water"
CONTROL,ARCH_0342,water,sea,False,121,124,"a tall striped red and white chimney, pier in the sea in the foreground, blue sky with white clouds, daylight, si"
CONTROL,ARCH_0342,white,white,False,40,45,"exterior photograph of a power station, white horizontal building with a tall striped red and white chimn"
CONTROL,ARCH_0342,white,white,False,94,99,"e horizontal building with a tall striped red and white chimney, pier in the sea in the foreground, blue sky with w"
CONTROL,ARCH_0342,white,white,False,158,163," pier in the sea in the foreground, blue sky with white clouds, daylight, side view from the water"
CONTROL,ARCH_0125,cars,car,False,103,106,"spended from yellow steel masts and tension rods, car park and lawns alongside, flat open landscape, daylight, ae"
CONTROL,ARCH_0125,greenery,lawns,False,116,121,"yellow steel masts and tension rods, car park and lawns alongside, flat open landscape, daylight, aerial view from "
CONTROL,ARCH_0125,greenery,park,False,107,111,"ded from yellow steel masts and tension rods, car park and lawns alongside, flat open landscape, daylight, aerial "
CONTROL,ARCH_0125,real_photo,photograph,False,9,19,"exterior photograph of a warehouse, long flat roof suspended from yellow steel "
CONTROL,ARCH_0137,real_photo,photograph,False,9,19,"exterior photograph of a tower building, curved facade with metal panels and ri"
CONTROL,ARCH_0137,curved_organic,curved,False,41,47,"exterior photograph of a tower building, curved facade with metal panels and ribbon windows under a wide ci"
CONTROL,ARCH_0137,curved_organic,circular,False,105,113,"with metal panels and ribbon windows under a wide circular cantilevered roof, access ramp with railings, covered in fr"
CONTROL,ARCH_0371,urban,city,False,129,133,"ower with observation decks, rising above a dense city of office buildings, hazy sky, daylight, elevated view from"
CONTROL,ARCH_0371,real_photo,photograph,False,9,19,"exterior photograph of a broadcasting tower, tall red and white steel lattice t"
CONTROL,ARCH_0371,white,white,False,58,63," photograph of a broadcasting tower, tall red and white steel lattice tower with observation decks, rising above a "
CONTROL,ARCH_0559,cars,cars,False,160,164,"a large cantilevered entrance canopy, street with cars and trees, evening light with pink clouds, perspective view"
CONTROL,ARCH_0559,greenery,trees,False,169,174,"antilevered entrance canopy, street with cars and trees, evening light with pink clouds, perspective view at eye le"
CONTROL,ARCH_0559,real_photo,photograph,False,9,19,"exterior photograph of a sports arena, faceted angular volumes clad in blue and"
CONTROL,ARCH_0559,complex_form,faceted,False,39,46,"exterior photograph of a sports arena, faceted angular volumes clad in blue and silver triangular panels w"
CONTROL,ARCH_0129,real_photo,photograph,False,9,19,"exterior photograph of a housing complex, long raw concrete terraces with balco"
CONTROL,ARCH_0129,concrete,concrete,False,51,59,"xterior photograph of a housing complex, long raw concrete terraces with balconies and planters, row of barrel-vaulted"
CONTROL,ARCH_0129,glass,glass,False,120,125,"ith balconies and planters, row of barrel-vaulted glass roofs, residential towers behind, paved courtyard with a pl"
CONTROL,ARCH_0397,greenery,trees,False,157,162,"r tower, topped by a pointed tent-like roof, pine trees in the foreground, daylight, perspective view at eye level"
CONTROL,ARCH_0397,greenery,pine,False,152,156," stair tower, topped by a pointed tent-like roof, pine trees in the foreground, daylight, perspective view at eye "
CONTROL,ARCH_0397,real_photo,photograph,False,9,19,"exterior photograph of a hotel, layered concrete structure of stacked horizonta"
CONTROL,ARCH_0397,concrete,concrete,False,40,48,"exterior photograph of a hotel, layered concrete structure of stacked horizontal floors and a vertical stair"
CONTROL,ARCH_0078,colorfulness,colourful,False,80,89,"ry, tall windowless block entirely covered with a colourful stone mosaic mural, glazed base, large lawn with trees in f"
CONTROL,ARCH_0078,greenery,trees,False,139,144," stone mosaic mural, glazed base, large lawn with trees in front, blue sky with white clouds, daylight, front view "
CONTROL,ARCH_0078,greenery,lawn,False,129,133," colourful stone mosaic mural, glazed base, large lawn with trees in front, blue sky with white clouds, daylight, "
CONTROL,ARCH_0078,real_photo,photograph,False,9,19,"exterior photograph of a library, tall windowless block entirely covered with a"
CONTROL,ARCH_0078,glass,glazed,False,110,116,"rely covered with a colourful stone mosaic mural, glazed base, large lawn with trees in front, blue sky with white c"
CONTROL,ARCH_0078,colourful,colourful,False,80,89,"ry, tall windowless block entirely covered with a colourful stone mosaic mural, glazed base, large lawn with trees in f"
CONTROL,ARCH_0078,white,white,False,169,174,"se, large lawn with trees in front, blue sky with white clouds, daylight, front view at eye level"
CONTROL,ARCH_0499,brightness,bright,False,156,162," city street with young trees, traffic and signs, bright overcast sky, daylight, perspective view at eye level"
CONTROL,ARCH_0499,urban,city,False,107,111,"ne office blocks with a rounded glass tower, wide city street with young trees, traffic and signs, bright overcast"
CONTROL,ARCH_0499,greenery,trees,False,130,135," rounded glass tower, wide city street with young trees, traffic and signs, bright overcast sky, daylight, perspect"
CONTROL,ARCH_0499,real_photo,photograph,False,9,19,"exterior photograph of a mixed-use complex, glass and stone office blocks with "
CONTROL,ARCH_0499,curved_organic,rounded,False,81,88,"use complex, glass and stone office blocks with a rounded glass tower, wide city street with young trees, traffic and"
CONTROL,ARCH_0499,glass,glass,False,44,49,"exterior photograph of a mixed-use complex, glass and stone office blocks with a rounded glass tower, wide ci"
CONTROL,ARCH_0499,glass,glass,False,89,94,"lex, glass and stone office blocks with a rounded glass tower, wide city street with young trees, traffic and signs"
CONTROL,ARCH_0109,low_angle,low-angle,False,154,163,"awtooth glazed roofs in the foreground, daylight, low-angle view"
CONTROL,ARCH_0109,real_photo,photograph,False,9,19,"exterior photograph of a university building, red brick and glass tower with an"
CONTROL,ARCH_0109,glass,glass,False,60,65,"hotograph of a university building, red brick and glass tower with angled cantilevered base, sawtooth glazed roofs "
CONTROL,ARCH_0109,glass,glazed,False,112,118,"ass tower with angled cantilevered base, sawtooth glazed roofs in the foreground, daylight, low-angle view"
CONTROL,ARCH_0358,cars,car,False,159,162," patterned screen wall on one side, empty asphalt car park in front, daylight, front view at eye level from a dis"
CONTROL,ARCH_0358,greenery,park,False,163,167,"terned screen wall on one side, empty asphalt car park in front, daylight, front view at eye level from a distance"
CONTROL,ARCH_0358,real_photo,photograph,False,9,19,"exterior photograph of a concert hall, long low volume with glazed ground floor"
CONTROL,ARCH_0358,glass,glazed,False,60,66,"hotograph of a concert hall, long low volume with glazed ground floor and a large pale block above, patterned screen"
CONTROL,ARCH_0365,people,people,False,168,174,"ndows and shop signs at ground level, street with people and trees, dusk light with lit shop windows, perspective vi"
CONTROL,ARCH_0365,greenery,trees,False,179,184,"hop signs at ground level, street with people and trees, dusk light with lit shop windows, perspective view at eye "
CONTROL,ARCH_0365,real_photo,photograph,False,9,19,"exterior photograph of a factory building converted to galleries, three-storey "
CONTROL,ARCH_0113,low_angle,low-angle,False,163,172,"tacked in layers, clear blue sky, daylight, close low-angle view"
CONTROL,ARCH_0113,real_photo,photograph,False,9,19,"exterior photograph of a residential tower, raw concrete cylindrical shafts wit"
CONTROL,ARCH_0113,curved_organic,rounded,False,81,88,"ntial tower, raw concrete cylindrical shafts with rounded cantilevered balconies stacked in layers, clear blue sky, d"
CONTROL,ARCH_0113,curved_organic,cylindrical,False,57,68,"r photograph of a residential tower, raw concrete cylindrical shafts with rounded cantilevered balconies stacked in layer"
CONTROL,ARCH_0113,concrete,concrete,False,48,56,"exterior photograph of a residential tower, raw concrete cylindrical shafts with rounded cantilevered balconies stac"
CONTROL,ARCH_0116,greenery,lawn,False,193,197," entrance canopy with stairs, paved forecourt and lawn, daylight, front view at eye level"
CONTROL,ARCH_0116,real_photo,photograph,False,9,19,"exterior photograph of a museum, white stone cladding with a zigzag roofline of"
CONTROL,ARCH_0116,glass,glazed,False,115,121,"ag roofline of crystalline volumes and skylights, glazed ground floor band and entrance canopy with stairs, paved fo"
CONTROL,ARCH_0116,white,white,False,33,38,"exterior photograph of a museum, white stone cladding with a zigzag roofline of crystalline volume"
CONTROL,ARCH_0048,low_angle,low-angle,False,195,204,"et level and overhead cables, hazy sky, daylight, low-angle view"
CONTROL,ARCH_0048,real_photo,photograph,False,9,19,"exterior photograph of a hotel tower, dark brown brick facade with stepped setb"
CONTROL,ARCH_0048,curved_organic,rounded,False,90,97,"rk brown brick facade with stepped setbacks and a rounded base, rows of small windows, shop signs at street level and"
CONTROL,ARCH_0422,cars,cars,False,191,195,"n towers, city street with pedestrians and parked cars, blue sky with white clouds, daylight, perspective view at "
CONTROL,ARCH_0422,urban,city,False,151,155,"lazed conservatories and tall ventilation towers, city street with pedestrians and parked cars, blue sky with whit"
CONTROL,ARCH_0422,people,pedestrians,False,168,179,"ies and tall ventilation towers, city street with pedestrians and parked cars, blue sky with white clouds, daylight, pers"
CONTROL,ARCH_0422,real_photo,photograph,False,9,19,"exterior photograph of a housing and shopping complex, long stepped terraces of"
CONTROL,ARCH_0422,concrete,concrete,False,86,94," shopping complex, long stepped terraces of cream concrete with glazed conservatories and tall ventilation towers, cit"
CONTROL,ARCH_0422,glass,glazed,False,100,106,"lex, long stepped terraces of cream concrete with glazed conservatories and tall ventilation towers, city street wit"
CONTROL,ARCH_0422,white,white,False,211,216,"t with pedestrians and parked cars, blue sky with white clouds, daylight, perspective view at eye level"
CONTROL,ARCH_0551,greenery,trees,False,134,139," walls and small windows, sloping lawn with young trees, paved path and planting, blue sky with white clouds, dayli"
CONTROL,ARCH_0551,greenery,lawn,False,118,122,"y volcanic stone walls and small windows, sloping lawn with young trees, paved path and planting, blue sky with wh"
CONTROL,ARCH_0551,real_photo,photograph,False,9,19,"exterior photograph of a hospital, long low buildings with rough grey volcanic "
CONTROL,ARCH_0551,white,white,False,180,185,"ung trees, paved path and planting, blue sky with white clouds, daylight, perspective view at eye level"
CONTROL,ARCH_0083,low_angle,low-angle,False,166,175,"ss curtain wall sections between, daylight, close low-angle view without surrounding context"
CONTROL,ARCH_0083,real_photo,photograph,False,9,19,"exterior photograph of a bank building, raw concrete facade with deep vertical "
CONTROL,ARCH_0083,curved_organic,rounded,False,88,95,", raw concrete facade with deep vertical fins and rounded window openings, glass curtain wall sections between, dayli"
CONTROL,ARCH_0083,concrete,concrete,False,44,52,"exterior photograph of a bank building, raw concrete facade with deep vertical fins and rounded window openings,"
CONTROL,ARCH_0083,glass,glass,False,113,118,"h deep vertical fins and rounded window openings, glass curtain wall sections between, daylight, close low-angle vi"
CONTROL,ARCH_0193,greenery,trees,False,166,171,"t roof edge, reed bed and lake in the foreground, trees behind, overcast sky, daylight, perspective view at eye lev"
CONTROL,ARCH_0193,real_photo,photograph,False,9,19,"exterior photograph of a corporate building, long curved glass facade with thin"
CONTROL,ARCH_0193,water,lake,False,142,146,"s under a projecting flat roof edge, reed bed and lake in the foreground, trees behind, overcast sky, daylight, pe"
CONTROL,ARCH_0193,curved_organic,curved,False,50,56,"exterior photograph of a corporate building, long curved glass facade with thin white columns under a projecting fla"
CONTROL,ARCH_0193,glass,glass,False,57,62,"r photograph of a corporate building, long curved glass facade with thin white columns under a projecting flat roof"
CONTROL,ARCH_0193,white,white,False,80,85,"rate building, long curved glass facade with thin white columns under a projecting flat roof edge, reed bed and lak"
CONTROL,ARCH_0369,greenery,trees,False,146,151,"d small windows, mono-pitched roof, lawn and pine trees with ivy, daylight, perspective view at eye level"
CONTROL,ARCH_0369,greenery,lawn,False,132,136,"h a chimney and small windows, mono-pitched roof, lawn and pine trees with ivy, daylight, perspective view at eye "
CONTROL,ARCH_0369,greenery,pine,False,141,145,"ey and small windows, mono-pitched roof, lawn and pine trees with ivy, daylight, perspective view at eye level"
CONTROL,ARCH_0369,real_photo,photograph,False,9,19,"exterior photograph of a courtyard house, low single-storey yellow brick walls "
