replica,n_selezionate,n_originali_recuperate,frazione_originali_recuperate,jaccard,soglia_percentile65
1,98,66,0.7415730337078652,0.5454545454545454,4.625
2,116,71,0.797752808988764,0.5298507462686567,4.645825426944972
3,115,76,0.8539325842696629,0.59375,4.636363636363637
4,123,81,0.9101123595505618,0.6183206106870229,4.7
5,135,78,0.8764044943820225,0.5342465753424658,4.702058823529412
6,80,67,0.7528089887640449,0.6568627450980392,4.491398601398601
7,70,54,0.6067415730337079,0.5142857142857142,4.5
8,89,63,0.7078651685393258,0.5478260869565217,4.583913764510779
9,129,82,0.9213483146067416,0.6029411764705882,4.718941885964912
10,93,71,0.797752808988764,0.6396396396396397,4.5375356125356126
11,122,82,0.9213483146067416,0.6356589147286822,4.587628384687208
12,113,76,0.8539325842696629,0.6031746031746031,4.6146703296703295
13,66,48,0.5393258426966292,0.4485981308411215,4.445605306799337
14,104,66,0.7415730337078652,0.5196850393700787,4.61875
15,108,74,0.8314606741573034,0.6016260162601627,4.598059701492537
16,85,66,0.7415730337078652,0.6111111111111112,4.47568306010929
17,118,76,0.8539325842696629,0.5801526717557252,4.65248269276677
18,106,76,0.8539325842696629,0.6386554621848739,4.6175
19,111,75,0.8426966292134831,0.6,4.666666666666667
20,90,65,0.7303370786516854,0.5701754385964912,4.55
21,123,84,0.9438202247191011,0.65625,4.7
22,99,74,0.8314606741573034,0.6491228070175439,4.623194444444445
23,117,77,0.8651685393258427,0.5968992248062015,4.661112629852378
24,69,60,0.6741573033707865,0.6122448979591837,4.5
25,140,83,0.9325842696629213,0.5684931506849316,4.7407407407407405
26,99,66,0.7415730337078652,0.5409836065573771,4.6
27,112,73,0.8202247191011236,0.5703125,4.694339622641509
28,125,84,0.9438202247191011,0.6461538461538462,4.64744008714597
29,134,77,0.8651685393258427,0.5273972602739726,4.747420634920635
30,113,76,0.8539325842696629,0.6031746031746031,4.656349206349207
31,121,78,0.8764044943820225,0.5909090909090909,4.666666666666667
32,106,71,0.797752808988764,0.5725806451612904,4.666666666666667
33,124,78,0.8764044943820225,0.5777777777777777,4.666666666666667
34,94,67,0.7528089887640449,0.5775862068965517,4.549913194444445
35,89,64,0.7191011235955056,0.5614035087719298,4.571428571428571
36,89,72,0.8089887640449438,0.6792452830188679,4.523809523809524
37,103,73,0.8202247191011236,0.6134453781512605,4.666666666666667
38,115,70,0.7865168539325843,0.5223880597014925,4.651745718050066
39,104,71,0.797752808988764,0.5819672131147541,4.579166666666667
40,103,71,0.797752808988764,0.5867768595041323,4.629271708683474
41,100,77,0.8651685393258427,0.6875,4.592744755244755
42,152,84,0.9438202247191011,0.535031847133758,4.790241228070176
43,89,68,0.7640449438202247,0.6181818181818182,4.531979166666667
44,97,76,0.8539325842696629,0.6909090909090909,4.5858823529411765
45,121,80,0.898876404494382,0.6153846153846154,4.68312447786132
46,98,64,0.7191011235955056,0.5203252032520326,4.621130952380952
47,95,67,0.7528089887640449,0.5726495726495726,4.598059701492537
48,76,56,0.6292134831460674,0.5137614678899083,4.5
49,108,73,0.8202247191011236,0.5887096774193549,4.616666666666666
50,106,74,0.8314606741573034,0.6115702479338843,4.6236680327868855
51,104,68,0.7640449438202247,0.544,4.638425664217072
52,88,70,0.7865168539325843,0.6542056074766355,4.564762931034482
53,86,68,0.7640449438202247,0.6355140186915887,4.545454545454546
54,100,69,0.7752808988764045,0.575,4.570138888888889
55,103,72,0.8089887640449438,0.6,4.627623976889745
56,74,57,0.6404494382022472,0.5377358490566038,4.503723404255319
57,89,66,0.7415730337078652,0.5892857142857143,4.546480938416423
58,98,70,0.7865168539325843,0.5982905982905983,4.622198275862069
59,128,73,0.8202247191011236,0.5069444444444444,4.704723557692308
60,88,65,0.7303370786516854,0.5803571428571429,4.568918918918919
61,133,81,0.9101123595505618,0.574468085106383,4.7525
62,128,84,0.9438202247191011,0.631578947368421,4.7
63,116,76,0.8539325842696629,0.5891472868217055,4.618074712643678
64,107,75,0.8426966292134831,0.6198347107438017,4.586746056294463
65,103,70,0.7865168539325843,0.5737704918032787,4.642857142857143
66,76,55,0.6179775280898876,0.5,4.5
67,89,70,0.7865168539325843,0.6481481481481481,4.56126893939394
68,110,74,0.8314606741573034,0.592,4.6875
69,100,70,0.7865168539325843,0.5882352941176471,4.625
70,91,62,0.6966292134831461,0.5254237288135594,4.611994784876141
71,92,68,0.7640449438202247,0.6017699115044248,4.542548435171386
72,116,70,0.7865168539325843,0.5185185185185185,4.657246376811595
73,112,79,0.8876404494382022,0.6475409836065574,4.606439393939394
74,119,81,0.9101123595505618,0.6377952755905512,4.648366013071896
75,84,67,0.7528089887640449,0.6320754716981132,4.466666666666667
76,103,74,0.8314606741573034,0.6271186440677966,4.5959375
77,92,58,0.651685393258427,0.4715447154471545,4.636363636363637
78,91,63,0.7078651685393258,0.5384615384615384,4.514672939068101
79,87,71,0.797752808988764,0.6761904761904762,4.523028739867354
80,114,65,0.7303370786516854,0.47101449275362317,4.666666666666667
81,102,64,0.7191011235955056,0.5039370078740157,4.614507422402159
82,90,69,0.7752808988764045,0.6272727272727273,4.533735632183908
83,116,73,0.8202247191011236,0.553030303030303,4.666666666666667
84,86,63,0.7078651685393258,0.5625,4.565625
85,101,71,0.797752808988764,0.5966386554621849,4.555555555555555
86,72,57,0.6404494382022472,0.5480769230769231,4.451201771030993
87,114,69,0.7752808988764045,0.5149253731343284,4.730573323856906
88,112,75,0.8426966292134831,0.5952380952380952,4.663172043010753
89,89,69,0.7752808988764045,0.6330275229357798,4.556873822975518
90,83,61,0.6853932584269663,0.5495495495495496,4.534166666666667
91,68,55,0.6179775280898876,0.5392156862745098,4.413480392156863
92,91,69,0.7752808988764045,0.6216216216216216,4.613299377475948
93,107,66,0.7415730337078652,0.5076923076923077,4.6
94,83,63,0.7078651685393258,0.5779816513761468,4.563944281524926
95,66,57,0.6404494382022472,0.5816326530612245,4.429340659340659
96,94,64,0.7191011235955056,0.5378151260504201,4.612244897959184
97,79,66,0.7415730337078652,0.6470588235294118,4.545454545454546
98,106,65,0.7303370786516854,0.5,4.630311890838207
99,81,63,0.7078651685393258,0.5887850467289719,4.430238095238096
100,75,61,0.6853932584269663,0.5922330097087378,4.519694397283532
101,89,64,0.7191011235955056,0.5614035087719298,4.571428571428571
102,71,58,0.651685393258427,0.5686274509803921,4.458572404371584
103,108,80,0.898876404494382,0.6837606837606838,4.641
104,72,57,0.6404494382022472,0.5480769230769231,4.5
105,94,71,0.797752808988764,0.6339285714285714,4.559618573797678
106,106,79,0.8876404494382022,0.6810344827586207,4.5964912280701755
107,130,74,0.8314606741573034,0.5103448275862069,4.777777777777778
108,86,64,0.7191011235955056,0.5765765765765766,4.554018912529551
109,107,74,0.8314606741573034,0.6065573770491803,4.631578947368421
110,115,79,0.8876404494382022,0.632,4.668678160919541
111,111,70,0.7865168539325843,0.5384615384615384,4.6923076923076925
112,97,75,0.8426966292134831,0.6756756756756757,4.5414062500000005
113,88,65,0.7303370786516854,0.5803571428571429,4.560434322033899
114,79,63,0.7078651685393258,0.6,4.428571428571429
115,120,77,0.8651685393258427,0.5833333333333334,4.674596774193549
116,87,66,0.7415730337078652,0.6,4.533333333333333
117,101,71,0.797752808988764,0.5966386554621849,4.555555555555555
118,86,64,0.7191011235955056,0.5765765765765766,4.533333333333333
119,118,70,0.7865168539325843,0.5109489051094891,4.568656716417911
120,100,77,0.8651685393258427,0.6875,4.571428571428571
121,120,72,0.8089887640449438,0.5255474452554745,4.704467790348649
122,88,66,0.7415730337078652,0.5945945945945946,4.495
123,91,66,0.7415730337078652,0.5789473684210527,4.563419743388322
124,116,76,0.8539325842696629,0.5891472868217055,4.644327731092438
125,102,64,0.7191011235955056,0.5039370078740157,4.666666666666667
126,67,52,0.5842696629213483,0.5,4.482959770114943
127,99,70,0.7865168539325843,0.5932203389830508,4.5377152698048215
128,96,67,0.7528089887640449,0.5677966101694916,4.603888888888889
129,82,63,0.7078651685393258,0.5833333333333334,4.471671826625387
130,79,63,0.7078651685393258,0.6,4.484369070208729
131,87,64,0.7191011235955056,0.5714285714285714,4.557986111111111
132,110,71,0.797752808988764,0.5546875,4.606597222222223
133,81,55,0.6179775280898876,0.4782608695652174,4.555555555555555
134,109,72,0.8089887640449438,0.5714285714285714,4.63691222570533
135,93,72,0.8089887640449438,0.6545454545454545,4.569827586206896
136,98,67,0.7528089887640449,0.5583333333333333,4.556303418803418
137,98,61,0.6853932584269663,0.48412698412698413,4.666666666666667
138,109,75,0.8426966292134831,0.6097560975609756,4.6
139,105,69,0.7752808988764045,0.552,4.64744008714597
140,98,69,0.7752808988764045,0.5847457627118644,4.5606060606060606
141,94,64,0.7191011235955056,0.5378151260504201,4.558294209702661
142,133,77,0.8651685393258427,0.5310344827586206,4.701296296296296
143,115,69,0.7752808988764045,0.5111111111111111,4.642857142857143
144,74,62,0.6966292134831461,0.6138613861386139,4.421076923076924
145,88,59,0.6629213483146067,0.5,4.555555555555555
146,82,60,0.6741573033707865,0.5405405405405406,4.530784313725491
147,79,65,0.7303370786516854,0.6310679611650486,4.54191384180791
148,93,65,0.7303370786516854,0.5555555555555556,4.5731234866828085
149,91,65,0.7303370786516854,0.5652173913043478,4.6
150,105,73,0.8202247191011236,0.6033057851239669,4.619047619047619
151,133,82,0.9213483146067416,0.5857142857142857,4.728813559322034
152,84,66,0.7415730337078652,0.616822429906542,4.541234827264239
153,82,70,0.7865168539325843,0.693069306930693,4.547817240103589
154,101,81,0.9101123595505618,0.7431192660550459,4.583333333333333
155,97,71,0.797752808988764,0.6173913043478261,4.625970664365833
156,98,72,0.8089887640449438,0.6260869565217392,4.6
157,149,78,0.8764044943820225,0.4875,4.80906862745098
158,98,73,0.8202247191011236,0.6403508771929824,4.6175
159,78,57,0.6404494382022472,0.5181818181818182,4.525194132873167
160,98,66,0.7415730337078652,0.5454545454545454,4.6
161,84,63,0.7078651685393258,0.5727272727272728,4.5343478260869565
162,115,77,0.8651685393258427,0.6062992125984252,4.622491525423729
163,93,63,0.7078651685393258,0.5294117647058824,4.576604181687094
164,103,70,0.7865168539325843,0.5737704918032787,4.593347723704867
165,127,81,0.9101123595505618,0.6,4.684210526315789
166,144,80,0.898876404494382,0.5228758169934641,4.733333333333333
167,60,47,0.5280898876404494,0.46078431372549017,4.54
168,102,68,0.7640449438202247,0.5528455284552846,4.625
169,90,69,0.7752808988764045,0.6272727272727273,4.529411764705882
170,97,57,0.6404494382022472,0.4418604651162791,4.618640350877193
171,110,67,0.7528089887640449,0.5075757575757576,4.653846153846154
172,107,69,0.7752808988764045,0.5433070866141733,4.666666666666667
173,106,75,0.8426966292134831,0.625,4.617872807017544
174,107,74,0.8314606741573034,0.6065573770491803,4.6
175,84,65,0.7303370786516854,0.6018518518518519,4.508690292758089
176,122,78,0.8764044943820225,0.5864661654135338,4.675255102040817
177,98,79,0.8876404494382022,0.7314814814814815,4.574654377880185
178,79,64,0.7191011235955056,0.6153846153846154,4.49484126984127
179,96,70,0.7865168539325843,0.6086956521739131,4.49484126984127
180,94,69,0.7752808988764045,0.6052631578947368,4.54
181,107,71,0.797752808988764,0.568,4.643663594470047
182,126,75,0.8426966292134831,0.5357142857142857,4.7272727272727275
183,124,75,0.8426966292134831,0.5434782608695652,4.71607027724049
184,85,64,0.7191011235955056,0.5818181818181818,4.5
185,129,76,0.8539325842696629,0.5352112676056338,4.714285714285714
186,113,79,0.8876404494382022,0.6422764227642277,4.686339285714286
187,114,78,0.8764044943820225,0.624,4.622537878787878
188,106,70,0.7865168539325843,0.56,4.611478365384615
189,119,78,0.8764044943820225,0.6,4.651071428571429
190,109,68,0.7640449438202247,0.5230769230769231,4.637931034482759
191,101,71,0.797752808988764,0.5966386554621849,4.581586021505377
192,90,62,0.6966292134831461,0.5299145299145299,4.583333333333333
193,92,59,0.6629213483146067,0.48360655737704916,4.6322222222222225
194,73,56,0.6292134831460674,0.5283018867924528,4.5
195,108,72,0.8089887640449438,0.576,4.653151709401709
196,122,66,0.7415730337078652,0.45517241379310347,4.718831168831169
197,73,63,0.7078651685393258,0.6363636363636364,4.437064516129032
198,94,71,0.797752808988764,0.6339285714285714,4.52408274785324
199,91,68,0.7640449438202247,0.6071428571428571,4.532579185520362
200,65,51,0.5730337078651685,0.49514563106796117,4.384615384615385
201,94,69,0.7752808988764045,0.6052631578947368,4.559375
202,92,76,0.8539325842696629,0.7238095238095238,4.5398305084745765
203,84,62,0.6966292134831461,0.5585585585585585,4.515203984819735
204,109,67,0.7528089887640449,0.5114503816793893,4.68503534956795
205,101,73,0.8202247191011236,0.6239316239316239,4.546480938416423
206,99,76,0.8539325842696629,0.6785714285714286,4.5955932203389835
207,136,77,0.8651685393258427,0.5202702702702703,4.7345614035087715
208,76,57,0.6404494382022472,0.5277777777777778,4.538461538461538
209,99,70,0.7865168539325843,0.5932203389830508,4.627623976889745
210,107,76,0.8539325842696629,0.6333333333333333,4.615833333333333
211,134,83,0.9325842696629213,0.5928571428571429,4.707399425287356
212,102,74,0.8314606741573034,0.6324786324786325,4.6
213,122,71,0.797752808988764,0.5071428571428571,4.67921146953405
214,57,47,0.5280898876404494,0.47474747474747475,4.420887323943662
215,105,68,0.7640449438202247,0.5396825396825397,4.6682648401826485
216,91,71,0.797752808988764,0.6513761467889908,4.466666666666667
217,115,74,0.8314606741573034,0.5692307692307692,4.626411290322581
218,87,69,0.7752808988764045,0.6448598130841121,4.5
219,125,78,0.8764044943820225,0.5735294117647058,4.662578616352201
220,100,70,0.7865168539325843,0.5882352941176471,4.6217500000000005
221,109,75,0.8426966292134831,0.6097560975609756,4.619850968703428
222,69,55,0.6179775280898876,0.5339805825242718,4.436619718309859
223,97,75,0.8426966292134831,0.6756756756756757,4.557335164835164
224,104,71,0.797752808988764,0.5819672131147541,4.555555555555555
225,120,69,0.7752808988764045,0.4928571428571429,4.700614035087719
226,77,64,0.7191011235955056,0.6274509803921569,4.5
227,94,69,0.7752808988764045,0.6052631578947368,4.566666666666666
228,104,73,0.8202247191011236,0.6083333333333333,4.579214340198321
229,103,77,0.8651685393258427,0.6695652173913044,4.576499348109517
230,109,72,0.8089887640449438,0.5714285714285714,4.6
231,76,62,0.6966292134831461,0.6019417475728155,4.539950248756219
232,86,69,0.7752808988764045,0.6509433962264151,4.531363636363636
233,95,66,0.7415730337078652,0.559322033898305,4.5769200211864405
234,111,75,0.8426966292134831,0.6,4.613771712158809
235,91,63,0.7078651685393258,0.5384615384615384,4.532579185520362
236,90,62,0.6966292134831461,0.5299145299145299,4.522463768115942
237,117,79,0.8876404494382022,0.6220472440944882,4.601111111111111
238,145,82,0.9213483146067416,0.5394736842105263,4.750072150072151
239,109,74,0.8314606741573034,0.5967741935483871,4.601206896551724
240,85,69,0.7752808988764045,0.6571428571428571,4.5625
241,73,61,0.6853932584269663,0.6039603960396039,4.525194132873167
242,127,79,0.8876404494382022,0.5766423357664233,4.6842757936507935
243,86,63,0.7078651685393258,0.5625,4.5784090909090915
244,92,70,0.7865168539325843,0.6306306306306306,4.526650717703349
245,149,78,0.8764044943820225,0.4875,4.769672131147541
246,93,71,0.797752808988764,0.6396396396396397,4.571428571428571
247,92,69,0.7752808988764045,0.6160714285714286,4.5578833172613304
248,103,69,0.7752808988764045,0.5609756097560976,4.631052631578948
249,98,71,0.797752808988764,0.6120689655172413,4.53701226309922
250,98,62,0.6966292134831461,0.496,4.557602339181287
251,98,73,0.8202247191011236,0.6403508771929824,4.568656716417911
252,78,61,0.6853932584269663,0.5754716981132075,4.48535657051282
253,87,62,0.6966292134831461,0.543859649122807,4.56126893939394
254,107,74,0.8314606741573034,0.6065573770491803,4.645508684863524
255,148,80,0.898876404494382,0.5095541401273885,4.802692307692308
256,123,83,0.9325842696629213,0.6434108527131783,4.684210526315789
257,111,73,0.8202247191011236,0.5748031496062992,4.662333333333334
258,89,68,0.7640449438202247,0.6181818181818182,4.5
259,104,70,0.7865168539325843,0.5691056910569106,4.64140625
260,110,75,0.8426966292134831,0.6048387096774194,4.67728813559322
261,99,69,0.7752808988764045,0.5798319327731093,4.635227272727273
262,88,67,0.7528089887640449,0.6090909090909091,4.537133775566612
263,106,78,0.8764044943820225,0.6666666666666666,4.634722222222223
264,89,61,0.6853932584269663,0.5213675213675214,4.588235294117647
265,99,73,0.8202247191011236,0.6347826086956522,4.597719298245614
266,98,70,0.7865168539325843,0.5982905982905983,4.591718027734977
267,99,68,0.7640449438202247,0.5666666666666667,4.6236680327868855
268,133,70,0.7865168539325843,0.4605263157894737,4.766289592760181
269,93,71,0.797752808988764,0.6396396396396397,4.502692307692308
270,134,75,0.8426966292134831,0.5067567567567568,4.722222222222222
271,89,61,0.6853932584269663,0.5213675213675214,4.571428571428571
272,86,61,0.6853932584269663,0.5350877192982456,4.5
273,119,76,0.8539325842696629,0.5757575757575758,4.683806818181818
274,86,66,0.7415730337078652,0.6055045871559633,4.530784313725491
275,110,77,0.8651685393258427,0.6311475409836066,4.617
276,100,74,0.8314606741573034,0.6434782608695652,4.617424242424242
277,127,79,0.8876404494382022,0.5766423357664233,4.682655502392344
278,73,64,0.7191011235955056,0.6530612244897959,4.4375
279,105,70,0.7865168539325843,0.5645161290322581,4.577207850133809
280,94,61,0.6853932584269663,0.5,4.567755156002115
281,68,52,0.5842696629213483,0.49523809523809526,4.5120000000000005
282,119,77,0.8651685393258427,0.5877862595419847,4.656000000000001
283,106,73,0.8202247191011236,0.5983606557377049,4.563235294117647
284,136,78,0.8764044943820225,0.5306122448979592,4.724611223799865
285,79,58,0.651685393258427,0.5272727272727272,4.579541595925297
286,97,69,0.7752808988764045,0.5897435897435898,4.604741379310345
287,85,67,0.7528089887640449,0.6261682242990654,4.507487922705314
288,106,68,0.7640449438202247,0.5354330708661418,4.643663594470047
289,106,67,0.7528089887640449,0.5234375,4.651190476190477
290,85,73,0.8202247191011236,0.7227722772277227,4.466666666666667
291,78,60,0.6741573033707865,0.5607476635514018,4.466666666666667
292,111,81,0.9101123595505618,0.680672268907563,4.623466981132076
293,113,79,0.8876404494382022,0.6422764227642277,4.603888888888889
294,127,69,0.7752808988764045,0.46938775510204084,4.739130434782608
295,117,78,0.8764044943820225,0.609375,4.648088235294118
296,103,73,0.8202247191011236,0.6134453781512605,4.619047619047619
297,86,67,0.7528089887640449,0.6203703703703703,4.525294117647059
298,87,67,0.7528089887640449,0.6146788990825688,4.49484126984127
299,115,77,0.8651685393258427,0.6062992125984252,4.625
300,90,64,0.7191011235955056,0.5565217391304348,4.586916835699797
301,101,70,0.7865168539325843,0.5833333333333334,4.5281736281736285
302,121,74,0.8314606741573034,0.5441176470588235,4.70109375
303,84,68,0.7640449438202247,0.6476190476190476,4.502966101694915
304,106,75,0.8426966292134831,0.625,4.6
305,93,68,0.7640449438202247,0.5964912280701754,4.533333333333333
306,102,66,0.7415730337078652,0.528,4.559170081967213
307,79,61,0.6853932584269663,0.5700934579439252,4.555555555555555
308,79,59,0.6629213483146067,0.5412844036697247,4.555555555555555
309,99,76,0.8539325842696629,0.6785714285714286,4.566529235382308
310,117,68,0.7640449438202247,0.4927536231884058,4.647058823529412
311,89,67,0.7528089887640449,0.6036036036036037,4.5375356125356126
312,119,75,0.8426966292134831,0.5639097744360902,4.666666666666667
313,118,74,0.8314606741573034,0.556390977443609,4.666666666666667
314,120,80,0.898876404494382,0.6201550387596899,4.695
315,147,82,0.9213483146067416,0.5324675324675324,4.792361111111111
316,125,81,0.9101123595505618,0.6090225563909775,4.70375256147541
317,77,67,0.7528089887640449,0.6767676767676768,4.5
318,125,75,0.8426966292134831,0.539568345323741,4.705882352941177
319,118,80,0.898876404494382,0.6299212598425197,4.663480392156863
320,109,74,0.8314606741573034,0.5967741935483871,4.6
321,95,65,0.7303370786516854,0.5462184873949579,4.530784313725491
322,90,67,0.7528089887640449,0.5982142857142857,4.5
323,97,69,0.7752808988764045,0.5897435897435898,4.614507422402159
324,131,76,0.8539325842696629,0.5277777777777778,4.711742424242424
325,108,74,0.8314606741573034,0.6016260162601627,4.583333333333333
326,117,79,0.8876404494382022,0.6220472440944882,4.619622331691297
327,122,75,0.8426966292134831,0.5514705882352942,4.712878787878788
328,111,77,0.8651685393258427,0.6260162601626016,4.645114656031905
329,112,71,0.797752808988764,0.5461538461538461,4.666666666666667
330,123,75,0.8426966292134831,0.5474452554744526,4.645359477124184
331,90,60,0.6741573033707865,0.5042016806722689,4.538837064676617
332,77,58,0.651685393258427,0.5370370370370371,4.483333333333333
333,97,68,0.7640449438202247,0.576271186440678,4.503571428571429
334,109,73,0.8202247191011236,0.584,4.58048245614035
335,87,62,0.6966292134831461,0.543859649122807,4.535128205128205
336,97,71,0.797752808988764,0.6173913043478261,4.569314381270903
337,84,68,0.7640449438202247,0.6476190476190476,4.516867816091954
338,83,66,0.7415730337078652,0.6226415094339622,4.510013175230567
339,89,68,0.7640449438202247,0.6181818181818182,4.538888888888889
340,96,71,0.797752808988764,0.6228070175438597,4.603559322033898
341,101,73,0.8202247191011236,0.6239316239316239,4.5463262764632635
342,88,65,0.7303370786516854,0.5803571428571429,4.493627450980393
343,88,72,0.8089887640449438,0.6857142857142857,4.535555555555556
344,125,74,0.8314606741573034,0.5285714285714286,4.662333333333334
345,78,59,0.6629213483146067,0.5462962962962963,4.553065134099617
346,84,68,0.7640449438202247,0.6476190476190476,4.524374495560936
347,108,76,0.8539325842696629,0.628099173553719,4.650530303030303
348,86,69,0.7752808988764045,0.6509433962264151,4.53701226309922
349,103,69,0.7752808988764045,0.5609756097560976,4.625741525423729
350,88,74,0.8314606741573034,0.7184466019417476,4.585049019607843
351,84,68,0.7640449438202247,0.6476190476190476,4.556193078324226
352,104,76,0.8539325842696629,0.6495726495726496,4.571428571428571
353,108,73,0.8202247191011236,0.5887096774193549,4.64389880952381
354,102,79,0.8876404494382022,0.7053571428571429,4.5733516483516485
355,114,76,0.8539325842696629,0.5984251968503937,4.666666666666667
356,101,76,0.8539325842696629,0.6666666666666666,4.618484848484848
357,110,77,0.8651685393258427,0.6311475409836066,4.64140625
358,98,66,0.7415730337078652,0.5454545454545454,4.618032786885246
359,100,75,0.8426966292134831,0.6578947368421053,4.616666666666666
360,111,68,0.7640449438202247,0.5151515151515151,4.658987511150758
361,85,66,0.7415730337078652,0.6111111111111112,4.538461538461538
362,121,70,0.7865168539325843,0.5,4.678571428571429
363,92,71,0.797752808988764,0.6454545454545455,4.511377840909091
364,87,58,0.651685393258427,0.4915254237288136,4.529723707664884
365,93,64,0.7191011235955056,0.5423728813559322,4.559375
366,149,83,0.9325842696629213,0.535483870967742,4.733333333333333
367,133,75,0.8426966292134831,0.5102040816326531,4.777777777777778
368,126,75,0.8426966292134831,0.5357142857142857,4.683333333333334
369,99,70,0.7865168539325843,0.5932203389830508,4.605716134598792
370,66,50,0.5617977528089888,0.47619047619047616,4.429433497536946
371,103,71,0.797752808988764,0.5867768595041323,4.6
372,122,80,0.898876404494382,0.6106870229007634,4.618181818181818
373,91,70,0.7865168539325843,0.6363636363636364,4.556303418803418
374,74,62,0.6966292134831461,0.6138613861386139,4.485004456327985
375,108,75,0.8426966292134831,0.6147540983606558,4.621130952380952
376,99,71,0.797752808988764,0.6068376068376068,4.58048245614035
377,91,68,0.7640449438202247,0.6071428571428571,4.55
378,106,68,0.7640449438202247,0.5354330708661418,4.578947368421052
379,78,59,0.6629213483146067,0.5462962962962963,4.421571534469978
380,129,78,0.8764044943820225,0.5571428571428572,4.697173913043478
381,83,60,0.6741573033707865,0.5357142857142857,4.531363636363636
382,123,80,0.898876404494382,0.6060606060606061,4.666666666666667
383,93,67,0.7528089887640449,0.5826086956521739,4.579541595925297
384,100,69,0.7752808988764045,0.575,4.636363636363637
385,122,77,0.8651685393258427,0.5746268656716418,4.706237322515213
386,105,71,0.797752808988764,0.5772357723577236,4.592352941176471
387,98,67,0.7528089887640449,0.5583333333333333,4.536604536267685
388,91,67,0.7528089887640449,0.5929203539823009,4.623466981132076
389,95,74,0.8314606741573034,0.6727272727272727,4.567564102564102
390,68,58,0.651685393258427,0.5858585858585859,4.454545454545454
391,118,76,0.8539325842696629,0.5801526717557252,4.625
392,93,72,0.8089887640449438,0.6545454545454545,4.63219298245614
393,108,63,0.7078651685393258,0.4701492537313433,4.626250000000001
394,110,78,0.8764044943820225,0.6446280991735537,4.6923076923076925
395,110,76,0.8539325842696629,0.6178861788617886,4.625652985074627
396,93,69,0.7752808988764045,0.6106194690265486,4.5246867167919795
397,62,47,0.5280898876404494,0.4519230769230769,4.454545454545454
398,127,79,0.8876404494382022,0.5766423357664233,4.747420634920635
399,119,74,0.8314606741573034,0.5522388059701493,4.690899241603467
400,84,67,0.7528089887640449,0.6320754716981132,4.586916835699797
401,95,67,0.7528089887640449,0.5726495726495726,4.571428571428571
402,103,77,0.8651685393258427,0.6695652173913044,4.5731234866828085
403,108,76,0.8539325842696629,0.628099173553719,4.647058823529412
404,93,70,0.7865168539325843,0.625,4.5424342105263165
405,97,72,0.8089887640449438,0.631578947368421,4.552376276512176
406,109,74,0.8314606741573034,0.5967741935483871,4.594090909090909
407,102,73,0.8202247191011236,0.6186440677966102,4.627302631578948
408,94,68,0.7640449438202247,0.591304347826087,4.570138888888889
409,70,57,0.6404494382022472,0.5588235294117647,4.467727272727273
410,93,65,0.7303370786516854,0.5555555555555556,4.594693877551021
411,100,76,0.8539325842696629,0.672566371681416,4.552692307692308
412,111,77,0.8651685393258427,0.6260162601626016,4.564023270055113
413,97,68,0.7640449438202247,0.576271186440678,4.6
414,113,74,0.8314606741573034,0.578125,4.586596638655462
415,92,66,0.7415730337078652,0.5739130434782609,4.538461538461538
416,87,61,0.6853932584269663,0.5304347826086957,4.561943493150685
417,108,70,0.7865168539325843,0.5511811023622047,4.619047619047619
418,81,63,0.7078651685393258,0.5887850467289719,4.524374495560936
419,113,72,0.8089887640449438,0.5538461538461539,4.642857142857143
420,91,70,0.7865168539325843,0.6363636363636364,4.608657361249584
421,113,75,0.8426966292134831,0.5905511811023622,4.6875
422,87,70,0.7865168539325843,0.660377358490566,4.460744810744811
423,113,80,0.898876404494382,0.6557377049180327,4.617241379310345
424,69,57,0.6404494382022472,0.5643564356435643,4.4430555555555555
425,151,80,0.898876404494382,0.5,4.769230769230769
426,86,64,0.7191011235955056,0.5765765765765766,4.563205645161291
427,81,64,0.7191011235955056,0.6037735849056604,4.5
428,91,67,0.7528089887640449,0.5929203539823009,4.545454545454546
429,89,65,0.7303370786516854,0.5752212389380531,4.508771929824562
430,155,79,0.8876404494382022,0.47878787878787876,4.769230769230769
431,93,68,0.7640449438202247,0.5964912280701754,4.620413739266199
432,104,68,0.7640449438202247,0.544,4.585886699507389
433,100,69,0.7752808988764045,0.575,4.563958333333334
434,85,69,0.7752808988764045,0.6571428571428571,4.525735950044603
435,113,70,0.7865168539325843,0.5303030303030303,4.656022598870057
436,100,68,0.7640449438202247,0.5619834710743802,4.5955932203389835
437,108,70,0.7865168539325843,0.5511811023622047,4.706740196078432
438,90,70,0.7865168539325843,0.6422018348623854,4.517083333333334
439,129,75,0.8426966292134831,0.5244755244755245,4.737643020594965
440,114,80,0.898876404494382,0.6504065040650406,4.548989898989899
441,80,60,0.6741573033707865,0.5504587155963303,4.545454545454546
442,96,75,0.8426966292134831,0.6818181818181818,4.6
443,108,75,0.8426966292134831,0.6147540983606558,4.643280871670703
444,120,73,0.8202247191011236,0.5367647058823529,4.680997474747475
445,115,75,0.8426966292134831,0.5813953488372093,4.605622814097391
446,73,64,0.7191011235955056,0.6530612244897959,4.393140929535233
447,83,69,0.7752808988764045,0.6699029126213593,4.526315789473684
448,112,76,0.8539325842696629,0.608,4.696388888888889
449,79,63,0.7078651685393258,0.6,4.5
450,86,68,0.7640449438202247,0.6355140186915887,4.56140350877193
451,113,74,0.8314606741573034,0.578125,4.633333333333334
452,107,68,0.7640449438202247,0.53125,4.666666666666667
453,85,65,0.7303370786516854,0.5963302752293578,4.524374495560936
454,99,65,0.7303370786516854,0.5284552845528455,4.666666666666667
455,99,69,0.7752808988764045,0.5798319327731093,4.6
456,94,71,0.797752808988764,0.6339285714285714,4.551420454545455
457,96,66,0.7415730337078652,0.5546218487394958,4.636363636363637
458,142,82,0.9213483146067416,0.5503355704697986,4.737643020594965
459,108,71,0.797752808988764,0.5634920634920635,4.666666666666667
460,77,61,0.6853932584269663,0.580952380952381,4.444444444444445
461,91,75,0.8426966292134831,0.7142857142857143,4.555555555555555
462,108,71,0.797752808988764,0.5634920634920635,4.5955932203389835
463,97,76,0.8539325842696629,0.6909090909090909,4.555555555555555
464,115,69,0.7752808988764045,0.5111111111111111,4.687294647588765
465,98,68,0.7640449438202247,0.5714285714285714,4.636824769433465
466,105,68,0.7640449438202247,0.5396825396825397,4.533774038461538
467,87,67,0.7528089887640449,0.6146788990825688,4.520817669172933
468,80,60,0.6741573033707865,0.5504587155963303,4.519042717447247
469,87,72,0.8089887640449438,0.6923076923076923,4.507246376811594
470,102,69,0.7752808988764045,0.5655737704918032,4.592477525118984
471,70,64,0.7191011235955056,0.6736842105263158,4.482126549249838
472,108,72,0.8089887640449438,0.576,4.621820665673125
473,107,71,0.797752808988764,0.568,4.636666666666668
474,83,62,0.6966292134831461,0.5636363636363636,4.540909090909091
475,129,72,0.8089887640449438,0.4931506849315068,4.754166666666667
476,77,59,0.6629213483146067,0.5514018691588785,4.42275828460039
477,129,80,0.898876404494382,0.5797101449275363,4.714285714285714
478,122,69,0.7752808988764045,0.4859154929577465,4.708823529411765
479,81,59,0.6629213483146067,0.5315315315315315,4.504861111111111
480,103,70,0.7865168539325843,0.5737704918032787,4.579214340198321
481,124,75,0.8426966292134831,0.5434782608695652,4.705882352941177
482,111,78,0.8764044943820225,0.639344262295082,4.632447665056361
483,127,75,0.8426966292134831,0.5319148936170213,4.75
484,93,61,0.6853932584269663,0.5041322314049587,4.551944444444445
485,89,65,0.7303370786516854,0.5752212389380531,4.5
486,104,71,0.797752808988764,0.5819672131147541,4.6117383512544805
487,97,71,0.797752808988764,0.6173913043478261,4.5536206896551725
488,100,80,0.898876404494382,0.7339449541284404,4.581586021505377
489,115,76,0.8539325842696629,0.59375,4.690714908456844
490,98,59,0.6629213483146067,0.4609375,4.616363636363636
491,101,73,0.8202247191011236,0.6239316239316239,4.594591346153846
492,106,76,0.8539325842696629,0.6386554621848739,4.6
493,99,66,0.7415730337078652,0.5409836065573771,4.614507422402159
494,92,62,0.6966292134831461,0.5210084033613446,4.5512500000000005
495,61,52,0.5842696629213483,0.5306122448979592,4.359415584415585
496,119,75,0.8426966292134831,0.5639097744360902,4.644708994708995
497,103,66,0.7415730337078652,0.5238095238095238,4.611006030701755
498,101,70,0.7865168539325843,0.5833333333333334,4.596747076023392
499,125,74,0.8314606741573034,0.5285714285714286,4.744758064516129
500,145,80,0.898876404494382,0.5194805194805194,4.769230769230769
501,74,60,0.6741573033707865,0.5825242718446602,4.558294209702661
502,114,65,0.7303370786516854,0.47101449275362317,4.6923076923076925
503,82,60,0.6741573033707865,0.5405405405405406,4.5845
504,114,71,0.797752808988764,0.5378787878787878,4.657112068965517
505,129,80,0.898876404494382,0.5797101449275363,4.697018194070081
506,113,78,0.8764044943820225,0.6290322580645161,4.62889576883385
507,100,65,0.7303370786516854,0.5241935483870968,4.647781217750258
508,107,72,0.8089887640449438,0.5806451612903226,4.601458333333333
509,97,62,0.6966292134831461,0.5,4.6
510,125,73,0.8202247191011236,0.5177304964539007,4.6923076923076925
511,92,68,0.7640449438202247,0.6017699115044248,4.569827586206896
512,82,64,0.7191011235955056,0.5981308411214953,4.494672131147541
513,81,64,0.7191011235955056,0.6037735849056604,4.50546875
514,75,58,0.651685393258427,0.5471698113207547,4.523809523809524
515,93,73,0.8202247191011236,0.6697247706422018,4.6019718309859154
516,67,53,0.5955056179775281,0.5145631067961165,4.447941327843541
517,101,75,0.8426966292134831,0.6521739130434783,4.59016544117647
518,86,74,0.8314606741573034,0.7326732673267327,4.467619047619047
519,104,70,0.7865168539325843,0.5691056910569106,4.611401326699834
520,129,76,0.8539325842696629,0.5352112676056338,4.701492537313433
521,83,63,0.7078651685393258,0.5779816513761468,4.5375356125356126
522,94,67,0.7528089887640449,0.5775862068965517,4.580037400654511
523,114,75,0.8426966292134831,0.5859375,4.673833671399595
524,104,68,0.7640449438202247,0.544,4.507936507936508
525,86,67,0.7528089887640449,0.6203703703703703,4.523898305084746
526,49,46,0.5168539325842697,0.5,4.35549732381802
527,106,75,0.8426966292134831,0.625,4.620305480682839
528,102,73,0.8202247191011236,0.6186440677966102,4.571428571428571
529,98,75,0.8426966292134831,0.6696428571428571,4.572943722943723
530,80,64,0.7191011235955056,0.6095238095238096,4.554579579579579
531,104,73,0.8202247191011236,0.6083333333333333,4.6236680327868855
532,103,75,0.8426966292134831,0.6410256410256411,4.645825426944972
533,102,69,0.7752808988764045,0.5655737704918032,4.58252487562189
534,81,61,0.6853932584269663,0.5596330275229358,4.562897727272727
535,133,82,0.9213483146067416,0.5857142857142857,4.75616393442623
536,111,71,0.797752808988764,0.5503875968992248,4.666666666666667
537,112,74,0.8314606741573034,0.5826771653543307,4.5858823529411765
538,87,67,0.7528089887640449,0.6146788990825688,4.5524668435013265
539,91,68,0.7640449438202247,0.6071428571428571,4.517314814814815
540,100,66,0.7415730337078652,0.5365853658536586,4.63439393939394
541,87,63,0.7078651685393258,0.5575221238938053,4.55
542,75,58,0.651685393258427,0.5471698113207547,4.495149253731343
543,102,72,0.8089887640449438,0.6050420168067226,4.618074712643678
544,91,72,0.8089887640449438,0.6666666666666666,4.61875
545,73,64,0.7191011235955056,0.6530612244897959,4.452639296187683
546,92,70,0.7865168539325843,0.6306306306306306,4.588235294117647
547,103,73,0.8202247191011236,0.6134453781512605,4.610499058380414
548,120,72,0.8089887640449438,0.5255474452554745,4.660261865793781
549,115,82,0.9213483146067416,0.6721311475409836,4.60054347826087
550,97,71,0.797752808988764,0.6173913043478261,4.523809523809524
551,77,62,0.6966292134831461,0.5961538461538461,4.486015325670498
552,123,81,0.9101123595505618,0.6183206106870229,4.626954211990893
553,105,70,0.7865168539325843,0.5645161290322581,4.6
554,102,77,0.8651685393258427,0.6754385964912281,4.625
555,111,78,0.8764044943820225,0.639344262295082,4.56126893939394
556,117,72,0.8089887640449438,0.5373134328358209,4.647781217750258
557,103,76,0.8539325842696629,0.6551724137931034,4.585049019607843
558,92,68,0.7640449438202247,0.6017699115044248,4.606420483787957
559,91,62,0.6966292134831461,0.5254237288135594,4.543766233766234
560,98,65,0.7303370786516854,0.5327868852459017,4.625741525423729
561,93,65,0.7303370786516854,0.5555555555555556,4.521341090018371
562,114,75,0.8426966292134831,0.5859375,4.6280044275774825
563,99,68,0.7640449438202247,0.5666666666666667,4.548664383561644
564,102,77,0.8651685393258427,0.6754385964912281,4.618484848484848
565,97,70,0.7865168539325843,0.603448275862069,4.644327731092438
566,105,75,0.8426966292134831,0.6302521008403361,4.592061923583663
567,114,75,0.8426966292134831,0.5859375,4.633333333333334
568,96,69,0.7752808988764045,0.5948275862068966,4.547299077733861
569,99,72,0.8089887640449438,0.6206896551724138,4.583333333333333
570,101,75,0.8426966292134831,0.6521739130434783,4.556111111111111
571,115,76,0.8539325842696629,0.59375,4.633253588516747
572,111,74,0.8314606741573034,0.5873015873015873,4.686893656716418
573,61,53,0.5955056179775281,0.5463917525773195,4.384615384615385
574,102,74,0.8314606741573034,0.6324786324786325,4.55
575,98,70,0.7865168539325843,0.5982905982905983,4.56625786163522
576,95,70,0.7865168539325843,0.6140350877192983,4.548989898989899
577,105,71,0.797752808988764,0.5772357723577236,4.6105644546147975
578,78,64,0.7191011235955056,0.6213592233009708,4.5
579,100,70,0.7865168539325843,0.5882352941176471,4.647615262321144
580,106,81,0.9101123595505618,0.7105263157894737,4.608548009367682
581,88,61,0.6853932584269663,0.5258620689655172,4.551436781609195
582,113,71,0.797752808988764,0.5419847328244275,4.6
583,132,80,0.898876404494382,0.5673758865248227,4.736196623634558
584,114,69,0.7752808988764045,0.5149253731343284,4.641
585,105,69,0.7752808988764045,0.552,4.603888888888889
586,85,66,0.7415730337078652,0.6111111111111112,4.583782051282051
587,117,73,0.8202247191011236,0.5488721804511278,4.702058823529412
588,129,78,0.8764044943820225,0.5571428571428572,4.679707792207792
589,94,65,0.7303370786516854,0.5508474576271186,4.608531746031746
590,76,62,0.6966292134831461,0.6019417475728155,4.5
591,118,71,0.797752808988764,0.5220588235294118,4.730573323856906
592,91,69,0.7752808988764045,0.6216216216216216,4.544922926351848
593,95,74,0.8314606741573034,0.6727272727272727,4.607828282828283
594,102,71,0.797752808988764,0.5916666666666667,4.624409558210615
595,122,77,0.8651685393258427,0.5746268656716418,4.698753738783649
596,110,77,0.8651685393258427,0.6311475409836066,4.623822463768116
597,75,63,0.7078651685393258,0.6237623762376238,4.5
598,79,60,0.6741573033707865,0.5555555555555556,4.468039215686275
599,100,69,0.7752808988764045,0.575,4.585049019607843
600,90,68,0.7640449438202247,0.6126126126126126,4.511943573667712
601,78,61,0.6853932584269663,0.5754716981132075,4.513132075471698
602,82,64,0.7191011235955056,0.5981308411214953,4.523379284649776
603,87,70,0.7865168539325843,0.660377358490566,4.535128205128205
604,96,71,0.797752808988764,0.6228070175438597,4.530784313725491
605,104,76,0.8539325842696629,0.6495726495726496,4.597903225806451
606,104,73,0.8202247191011236,0.6083333333333333,4.6
607,97,74,0.8314606741573034,0.6607142857142857,4.636363636363637
608,87,67,0.7528089887640449,0.6146788990825688,4.541702741702742
609,116,78,0.8764044943820225,0.6141732283464567,4.666666666666667
610,98,65,0.7303370786516854,0.5327868852459017,4.657218001168907
611,81,58,0.651685393258427,0.5178571428571429,4.5
612,88,62,0.6966292134831461,0.5391304347826087,4.5
613,75,57,0.6404494382022472,0.5327102803738317,4.5
614,118,79,0.8876404494382022,0.6171875,4.668407960199006
615,93,73,0.8202247191011236,0.6697247706422018,4.507764705882353
616,105,74,0.8314606741573034,0.6166666666666667,4.625
617,89,64,0.7191011235955056,0.5614035087719298,4.546480938416423
618,109,66,0.7415730337078652,0.5,4.701754385964913
619,115,70,0.7865168539325843,0.5223880597014925,4.704466230936819
620,99,71,0.797752808988764,0.6068376068376068,4.629241338112306
621,99,69,0.7752808988764045,0.5798319327731093,4.587628384687208
622,89,71,0.797752808988764,0.6635514018691588,4.543859649122807
623,118,77,0.8651685393258427,0.5923076923076923,4.702058823529412
624,100,72,0.8089887640449438,0.6153846153846154,4.588235294117647
625,127,77,0.8651685393258427,0.5539568345323741,4.7345614035087715
626,140,83,0.9325842696629213,0.5684931506849316,4.777777777777778
627,117,76,0.8539325842696629,0.5846153846153846,4.681818181818182
628,72,59,0.6629213483146067,0.5784313725490197,4.5023333333333335
629,89,68,0.7640449438202247,0.6181818181818182,4.5078688524590165
630,93,69,0.7752808988764045,0.6106194690265486,4.5959375
631,92,66,0.7415730337078652,0.5739130434782609,4.6
632,86,64,0.7191011235955056,0.5765765765765766,4.571428571428571
633,87,63,0.7078651685393258,0.5575221238938053,4.539583333333334
634,127,78,0.8764044943820225,0.5652173913043478,4.615384615384615
635,118,73,0.8202247191011236,0.5447761194029851,4.7
636,103,69,0.7752808988764045,0.5609756097560976,4.638263245426467
637,94,73,0.8202247191011236,0.6636363636363637,4.578412828947369
638,105,70,0.7865168539325843,0.5645161290322581,4.591013964784456
639,89,67,0.7528089887640449,0.6036036036036037,4.462931034482759
640,87,69,0.7752808988764045,0.6448598130841121,4.594090909090909
641,109,77,0.8651685393258427,0.6363636363636364,4.581166666666666
642,108,74,0.8314606741573034,0.6016260162601627,4.585049019607843
643,83,62,0.6966292134831461,0.5636363636363636,4.422169059011164
644,114,79,0.8876404494382022,0.6370967741935484,4.632748538011696
645,92,61,0.6853932584269663,0.5083333333333333,4.539583333333334
646,99,70,0.7865168539325843,0.5932203389830508,4.5959375
647,85,61,0.6853932584269663,0.5398230088495575,4.5
648,132,77,0.8651685393258427,0.5347222222222222,4.742111111111112
649,110,73,0.8202247191011236,0.5793650793650794,4.625
650,82,54,0.6067415730337079,0.46153846153846156,4.545454545454546
651,90,71,0.797752808988764,0.6574074074074074,4.531979166666667
652,123,71,0.797752808988764,0.5035460992907801,4.670621468926554
653,115,73,0.8202247191011236,0.5572519083969466,4.6459455128205125
654,110,73,0.8202247191011236,0.5793650793650794,4.643280871670703
655,102,70,0.7865168539325843,0.5785123966942148,4.58433908045977
656,106,73,0.8202247191011236,0.5983606557377049,4.581663602941177
657,77,62,0.6966292134831461,0.5961538461538461,4.438033536585366
658,88,69,0.7752808988764045,0.6388888888888888,4.531602822580645
659,74,61,0.6853932584269663,0.5980392156862745,4.567391304347826
660,120,83,0.9325842696629213,0.6587301587301587,4.677822580645161
661,128,71,0.797752808988764,0.4863013698630137,4.6875
662,111,74,0.8314606741573034,0.5873015873015873,4.5776315789473685
663,73,58,0.651685393258427,0.5576923076923077,4.4375
664,71,59,0.6629213483146067,0.5841584158415841,4.44944382647386
665,100,75,0.8426966292134831,0.6578947368421053,4.590424739195231
666,97,71,0.797752808988764,0.6173913043478261,4.583333333333333
667,107,70,0.7865168539325843,0.5555555555555556,4.643663594470047
668,101,69,0.7752808988764045,0.5702479338842975,4.605384615384615
669,97,71,0.797752808988764,0.6173913043478261,4.6
670,96,72,0.8089887640449438,0.6371681415929203,4.588235294117647
671,109,76,0.8539325842696629,0.6229508196721312,4.6
672,107,74,0.8314606741573034,0.6065573770491803,4.6
673,85,67,0.7528089887640449,0.6261682242990654,4.526315789473684
674,109,73,0.8202247191011236,0.584,4.663480392156863
675,87,66,0.7415730337078652,0.6,4.55
676,106,71,0.797752808988764,0.5725806451612904,4.615384615384615
677,107,75,0.8426966292134831,0.6198347107438017,4.616176470588235
678,102,66,0.7415730337078652,0.528,4.677822580645161
679,87,65,0.7303370786516854,0.5855855855855856,4.476190476190476
680,89,70,0.7865168539325843,0.6481481481481481,4.534166666666667
681,83,68,0.7640449438202247,0.6538461538461539,4.434494826536823
682,97,69,0.7752808988764045,0.5897435897435898,4.535128205128205
683,97,72,0.8089887640449438,0.631578947368421,4.5740601503759395
684,100,69,0.7752808988764045,0.575,4.579007056451613
685,86,64,0.7191011235955056,0.5765765765765766,4.48532268170426
686,115,71,0.797752808988764,0.5338345864661654,4.691572398190045
687,124,79,0.8876404494382022,0.5895522388059702,4.678177966101695
688,121,76,0.8539325842696629,0.5671641791044776,4.657824675324676
689,115,71,0.797752808988764,0.5338345864661654,4.6790714285714285
690,86,54,0.6067415730337079,0.4462809917355372,4.555555555555555
691,90,60,0.6741573033707865,0.5042016806722689,4.5414062500000005
692,125,79,0.8876404494382022,0.5851851851851851,4.679707792207792
693,91,73,0.8202247191011236,0.6822429906542056,4.486458333333334
694,96,64,0.7191011235955056,0.5289256198347108,4.5625
695,85,64,0.7191011235955056,0.5818181818181818,4.5
696,122,79,0.8876404494382022,0.5984848484848485,4.666666666666667
697,100,70,0.7865168539325843,0.5882352941176471,4.602295081967213
698,71,53,0.5955056179775281,0.4953271028037383,4.5
699,102,72,0.8089887640449438,0.6050420168067226,4.625
700,93,70,0.7865168539325843,0.625,4.571428571428571
701,77,65,0.7303370786516854,0.6435643564356436,4.471671826625387
702,98,67,0.7528089887640449,0.5583333333333333,4.572354497354497
703,103,69,0.7752808988764045,0.5609756097560976,4.625
704,82,67,0.7528089887640449,0.6442307692307693,4.503181818181818
705,64,52,0.5842696629213483,0.5148514851485149,4.3979365079365085
706,105,69,0.7752808988764045,0.552,4.666666666666667
707,134,73,0.8202247191011236,0.4866666666666667,4.7789930555555555
708,100,68,0.7640449438202247,0.5619834710743802,4.594090909090909
709,109,70,0.7865168539325843,0.546875,4.5841666666666665
710,99,71,0.797752808988764,0.6068376068376068,4.585049019607843
711,61,47,0.5280898876404494,0.4563106796116505,4.444444444444445
712,133,80,0.898876404494382,0.5633802816901409,4.70172131147541
713,98,72,0.8089887640449438,0.6260869565217392,4.616666666666666
714,111,78,0.8764044943820225,0.639344262295082,4.604536461277558
715,90,60,0.6741573033707865,0.5042016806722689,4.614507422402159
716,99,74,0.8314606741573034,0.6491228070175439,4.48452380952381
717,132,84,0.9438202247191011,0.6131386861313869,4.679083763203145
718,93,67,0.7528089887640449,0.5826086956521739,4.5740601503759395
719,77,66,0.7415730337078652,0.66,4.44496996996997
720,130,81,0.9101123595505618,0.5869565217391305,4.720841369334619
721,128,74,0.8314606741573034,0.5174825174825175,4.7186111111111115
722,99,70,0.7865168539325843,0.5932203389830508,4.6
723,88,66,0.7415730337078652,0.5945945945945946,4.525194132873167
724,89,65,0.7303370786516854,0.5752212389380531,4.5740601503759395
725,84,64,0.7191011235955056,0.5871559633027523,4.5
726,112,80,0.898876404494382,0.6611570247933884,4.6167091836734695
727,99,67,0.7528089887640449,0.5537190082644629,4.594247066492829
728,118,76,0.8539325842696629,0.5801526717557252,4.686703431372549
729,109,76,0.8539325842696629,0.6229508196721312,4.625
730,116,77,0.8651685393258427,0.6015625,4.706740196078432
731,125,77,0.8651685393258427,0.5620437956204379,4.733333333333333
732,91,70,0.7865168539325843,0.6363636363636364,4.569058355437665
733,71,60,0.6741573033707865,0.6,4.479802599903707
734,74,58,0.651685393258427,0.5523809523809524,4.473684210526316
735,100,69,0.7752808988764045,0.575,4.6
736,100,64,0.7191011235955056,0.512,4.592478056746275
737,122,66,0.7415730337078652,0.45517241379310347,4.7
738,116,79,0.8876404494382022,0.626984126984127,4.642857142857143
739,104,72,0.8089887640449438,0.5950413223140496,4.571428571428571
740,95,75,0.8426966292134831,0.6880733944954128,4.56126893939394
741,119,77,0.8651685393258427,0.5877862595419847,4.705882352941177
742,97,69,0.7752808988764045,0.5897435897435898,4.621130952380952
743,101,77,0.8651685393258427,0.6814159292035398,4.542548435171386
744,119,72,0.8089887640449438,0.5294117647058824,4.685830479452055
745,121,79,0.8876404494382022,0.6030534351145038,4.7063785394932935
746,113,68,0.7640449438202247,0.5074626865671642,4.623033974815871
747,115,77,0.8651685393258427,0.6062992125984252,4.611111111111111
748,80,58,0.651685393258427,0.5225225225225225,4.586916835699797
749,98,71,0.797752808988764,0.6120689655172413,4.6
750,87,66,0.7415730337078652,0.6,4.5
751,103,68,0.7640449438202247,0.5483870967741935,4.6
752,130,77,0.8651685393258427,0.5422535211267606,4.696694915254238
753,81,62,0.6966292134831461,0.5740740740740741,4.533333333333333
754,102,64,0.7191011235955056,0.5039370078740157,4.677367472979928
755,96,72,0.8089887640449438,0.6371681415929203,4.589593091334895
756,83,66,0.7415730337078652,0.6226415094339622,4.527819548872181
757,113,77,0.8651685393258427,0.616,4.668407960199006
758,95,73,0.8202247191011236,0.6576576576576577,4.539344262295082
759,129,75,0.8426966292134831,0.5244755244755245,4.713759967286854
760,87,68,0.7640449438202247,0.6296296296296297,4.571428571428571
761,110,73,0.8202247191011236,0.5793650793650794,4.623822463768116
762,122,72,0.8089887640449438,0.5179856115107914,4.714285714285714
763,92,53,0.5955056179775281,0.4140625,4.6521739130434785
764,82,57,0.6404494382022472,0.5,4.572248243559719
765,90,67,0.7528089887640449,0.5982142857142857,4.569607843137255
766,97,75,0.8426966292134831,0.6756756756756757,4.591498316498316
767,139,80,0.898876404494382,0.5405405405405406,4.735238486842105
768,100,67,0.7528089887640449,0.5491803278688525,4.638636363636365
769,122,78,0.8764044943820225,0.5864661654135338,4.685361842105263
770,122,79,0.8876404494382022,0.5984848484848485,4.671911991765311
771,107,78,0.8764044943820225,0.6610169491525424,4.666666666666667
772,117,80,0.898876404494382,0.6349206349206349,4.619047619047619
773,90,67,0.7528089887640449,0.5982142857142857,4.533333333333333
774,112,75,0.8426966292134831,0.5952380952380952,4.642857142857143
775,109,71,0.797752808988764,0.5590551181102362,4.6
776,103,62,0.6966292134831461,0.47692307692307695,4.64140625
777,95,66,0.7415730337078652,0.559322033898305,4.591124871001032
778,96,72,0.8089887640449438,0.6371681415929203,4.568656716417911
779,71,56,0.6292134831460674,0.5384615384615384,4.420833333333334
780,94,68,0.7640449438202247,0.591304347826087,4.590909090909091
781,105,69,0.7752808988764045,0.552,4.657218001168907
782,103,74,0.8314606741573034,0.6271186440677966,4.636824769433465
783,99,69,0.7752808988764045,0.5798319327731093,4.5512500000000005
784,86,65,0.7303370786516854,0.5909090909090909,4.526650717703349
785,77,66,0.7415730337078652,0.66,4.470008912655971
786,104,75,0.8426966292134831,0.635593220338983,4.666666666666667
787,121,77,0.8651685393258427,0.5789473684210527,4.724758220502902
788,125,79,0.8876404494382022,0.5851851851851851,4.6923076923076925
789,122,76,0.8539325842696629,0.562962962962963,4.705255544840887
790,122,72,0.8089887640449438,0.5179856115107914,4.631578947368421
791,112,71,0.797752808988764,0.5461538461538461,4.691572398190045
792,103,74,0.8314606741573034,0.6271186440677966,4.591006787330317
793,93,74,0.8314606741573034,0.6851851851851852,4.543103448275862
794,105,71,0.797752808988764,0.5772357723577236,4.554265873015873
795,99,73,0.8202247191011236,0.6347826086956522,4.586916835699797
796,79,57,0.6404494382022472,0.5135135135135135,4.485
797,85,66,0.7415730337078652,0.6111111111111112,4.503181818181818
798,101,75,0.8426966292134831,0.6521739130434783,4.58433908045977
799,99,73,0.8202247191011236,0.6347826086956522,4.550603448275862
800,112,61,0.6853932584269663,0.4357142857142857,4.714285714285714
801,129,78,0.8764044943820225,0.5571428571428572,4.6923076923076925
802,97,64,0.7191011235955056,0.5245901639344263,4.516867816091954
803,120,74,0.8314606741573034,0.5481481481481482,4.676359696641387
804,90,73,0.8202247191011236,0.6886792452830188,4.54109907120743
805,97,65,0.7303370786516854,0.5371900826446281,4.577207850133809
806,107,68,0.7640449438202247,0.53125,4.672433035714286
807,77,57,0.6404494382022472,0.5229357798165137,4.4375
808,115,69,0.7752808988764045,0.5111111111111111,4.678636363636364
809,108,72,0.8089887640449438,0.576,4.605522629310345
810,103,66,0.7415730337078652,0.5238095238095238,4.545454545454546
811,117,78,0.8764044943820225,0.609375,4.631598240469208
812,79,71,0.797752808988764,0.7319587628865979,4.454545454545454
813,138,83,0.9325842696629213,0.5763888888888888,4.710386029411765
814,108,73,0.8202247191011236,0.5887096774193549,4.593046132971506
815,102,70,0.7865168539325843,0.5785123966942148,4.565625
816,112,74,0.8314606741573034,0.5826771653543307,4.666666666666667
817,89,65,0.7303370786516854,0.5752212389380531,4.576316352739726
818,86,69,0.7752808988764045,0.6509433962264151,4.478475199020209
819,77,65,0.7303370786516854,0.6435643564356436,4.5
820,99,77,0.8651685393258427,0.6936936936936937,4.6117383512544805
821,75,58,0.651685393258427,0.5471698113207547,4.535128205128205
822,101,72,0.8089887640449438,0.6101694915254238,4.583782051282051
823,83,60,0.6741573033707865,0.5357142857142857,4.550608828006089
824,98,73,0.8202247191011236,0.6403508771929824,4.549362745098039
825,80,60,0.6741573033707865,0.5504587155963303,4.471336898395722
826,96,66,0.7415730337078652,0.5546218487394958,4.68595305832148
827,128,76,0.8539325842696629,0.5390070921985816,4.67025641025641
828,127,83,0.9325842696629213,0.6240601503759399,4.716491596638655
829,80,61,0.6853932584269663,0.5648148148148148,4.439930555555556
830,100,73,0.8202247191011236,0.6293103448275862,4.585984848484848
831,94,67,0.7528089887640449,0.5775862068965517,4.651346153846155
832,82,64,0.7191011235955056,0.5981308411214953,4.530055147058824
833,88,68,0.7640449438202247,0.6238532110091743,4.526315789473684
834,116,77,0.8651685393258427,0.6015625,4.6461538461538465
835,106,72,0.8089887640449438,0.5853658536585366,4.642857142857143
836,120,70,0.7865168539325843,0.5035971223021583,4.715848214285715
837,91,68,0.7640449438202247,0.6071428571428571,4.548951612903226
838,114,74,0.8314606741573034,0.5736434108527132,4.642857142857143
839,110,76,0.8539325842696629,0.6178861788617886,4.7
840,74,58,0.651685393258427,0.5523809523809524,4.486200564971751
841,112,77,0.8651685393258427,0.6209677419354839,4.651944167497508
842,138,70,0.7865168539325843,0.445859872611465,4.793814192343604
843,75,64,0.7191011235955056,0.64,4.47938808373591
844,90,69,0.7752808988764045,0.6272727272727273,4.526650717703349
845,110,76,0.8539325842696629,0.6178861788617886,4.5955932203389835
846,110,76,0.8539325842696629,0.6178861788617886,4.6
847,93,67,0.7528089887640449,0.5826086956521739,4.587583333333334
848,78,63,0.7078651685393258,0.6057692307692307,4.5
849,97,66,0.7415730337078652,0.55,4.601206896551724
850,113,75,0.8426966292134831,0.5905511811023622,4.625
851,116,66,0.7415730337078652,0.4748201438848921,4.684791666666667
852,109,73,0.8202247191011236,0.584,4.647058823529412
853,122,73,0.8202247191011236,0.5289855072463768,4.721630236794171
854,82,65,0.7303370786516854,0.6132075471698113,4.591718027734977
855,111,77,0.8651685393258427,0.6260162601626016,4.6
856,83,65,0.7303370786516854,0.6074766355140186,4.533333333333333
857,135,78,0.8764044943820225,0.5342465753424658,4.756272982911529
858,102,69,0.7752808988764045,0.5655737704918032,4.642857142857143
859,121,80,0.898876404494382,0.6153846153846154,4.684210526315789
860,81,67,0.7528089887640449,0.6504854368932039,4.545454545454546
861,91,68,0.7640449438202247,0.6071428571428571,4.589171122994652
862,126,78,0.8764044943820225,0.5693430656934306,4.720378787878788
863,80,63,0.7078651685393258,0.5943396226415094,4.48686974789916
864,67,52,0.5842696629213483,0.5,4.461538461538462
865,70,52,0.5842696629213483,0.48598130841121495,4.476190476190476
866,125,80,0.898876404494382,0.5970149253731343,4.698968253968254
867,114,74,0.8314606741573034,0.5736434108527132,4.611006030701755
868,110,73,0.8202247191011236,0.5793650793650794,4.637636363636364
869,124,74,0.8314606741573034,0.5323741007194245,4.719965277777778
870,111,73,0.8202247191011236,0.5748031496062992,4.614507422402159
871,109,72,0.8089887640449438,0.5714285714285714,4.6405737704918035
872,89,73,0.8202247191011236,0.6952380952380952,4.538888888888889
873,110,72,0.8089887640449438,0.5669291338582677,4.636363636363637
874,99,65,0.7303370786516854,0.5284552845528455,4.6
875,95,69,0.7752808988764045,0.6,4.615384615384615
876,116,78,0.8764044943820225,0.6141732283464567,4.698968253968254
877,98,67,0.7528089887640449,0.5583333333333333,4.596231884057971
878,95,70,0.7865168539325843,0.6140350877192983,4.585049019607843
879,105,70,0.7865168539325843,0.5645161290322581,4.618115942028986
880,115,74,0.8314606741573034,0.5692307692307692,4.672230073487846
881,81,61,0.6853932584269663,0.5596330275229358,4.514035087719298
882,118,75,0.8426966292134831,0.5681818181818182,4.68984867591425
883,118,75,0.8426966292134831,0.5681818181818182,4.666666666666667
884,131,84,0.9438202247191011,0.6176470588235294,4.728282828282828
885,106,72,0.8089887640449438,0.5853658536585366,4.625652985074627
886,115,80,0.898876404494382,0.6451612903225806,4.622198275862069
887,115,78,0.8764044943820225,0.6190476190476191,4.608141517476556
888,102,69,0.7752808988764045,0.5655737704918032,4.633888888888889
889,121,77,0.8651685393258427,0.5789473684210527,4.657246376811595
890,132,82,0.9213483146067416,0.5899280575539568,4.668489583333334
891,88,74,0.8314606741573034,0.7184466019417476,4.563205645161291
892,89,68,0.7640449438202247,0.6181818181818182,4.567164179104478
893,93,67,0.7528089887640449,0.5826086956521739,4.633333333333334
894,92,65,0.7303370786516854,0.5603448275862069,4.539344262295082
895,87,66,0.7415730337078652,0.6,4.5625
896,99,74,0.8314606741573034,0.6491228070175439,4.58048245614035
897,109,74,0.8314606741573034,0.5967741935483871,4.589171122994652
898,89,71,0.797752808988764,0.6635514018691588,4.5
899,108,71,0.797752808988764,0.5634920634920635,4.628515318146111
900,118,84,0.9438202247191011,0.6829268292682927,4.6
901,91,65,0.7303370786516854,0.5652173913043478,4.6
902,107,78,0.8764044943820225,0.6610169491525424,4.637636363636364
903,84,69,0.7752808988764045,0.6634615384615384,4.481221922731357
904,90,66,0.7415730337078652,0.584070796460177,4.5
905,88,62,0.6966292134831461,0.5391304347826087,4.546054888507719
906,104,78,0.8764044943820225,0.6782608695652174,4.588235294117647
907,98,76,0.8539325842696629,0.6846846846846847,4.586916835699797
908,95,71,0.797752808988764,0.6283185840707964,4.572943722943723
909,91,56,0.6292134831460674,0.45161290322580644,4.60932400932401
910,101,75,0.8426966292134831,0.6521739130434783,4.560885167464114
911,132,79,0.8876404494382022,0.5563380281690141,4.7293939393939395
912,101,68,0.7640449438202247,0.5573770491803278,4.528771929824561
913,126,79,0.8876404494382022,0.5808823529411765,4.712878787878788
914,109,72,0.8089887640449438,0.5714285714285714,4.631578947368421
915,112,70,0.7865168539325843,0.5343511450381679,4.666666666666667
916,77,61,0.6853932584269663,0.580952380952381,4.502966101694915
917,98,77,0.8651685393258427,0.7,4.533735632183908
918,89,64,0.7191011235955056,0.5614035087719298,4.588235294117647
919,80,66,0.7415730337078652,0.6407766990291263,4.525770308123249
920,97,69,0.7752808988764045,0.5897435897435898,4.596774193548387
921,107,75,0.8426966292134831,0.6198347107438017,4.592477525118984
922,70,56,0.6292134831460674,0.5436893203883495,4.45109375
923,106,74,0.8314606741573034,0.6115702479338843,4.613145809414466
924,122,74,0.8314606741573034,0.5401459854014599,4.693220338983051
925,88,68,0.7640449438202247,0.6238532110091743,4.589853896103897
926,85,67,0.7528089887640449,0.6261682242990654,4.545454545454546
927,75,57,0.6404494382022472,0.5327102803738317,4.527399380804954
928,89,71,0.797752808988764,0.6635514018691588,4.5625
929,122,81,0.9101123595505618,0.6230769230769231,4.684210526315789
930,123,80,0.898876404494382,0.6060606060606061,4.680398322851153
931,128,78,0.8764044943820225,0.5611510791366906,4.692741935483871
932,107,72,0.8089887640449438,0.5806451612903226,4.647058823529412
933,98,73,0.8202247191011236,0.6403508771929824,4.502966101694915
934,97,65,0.7303370786516854,0.5371900826446281,4.594591346153846
935,82,57,0.6404494382022472,0.5,4.495149253731343
936,77,65,0.7303370786516854,0.6435643564356436,4.444444444444445
937,104,74,0.8314606741573034,0.6218487394957983,4.550603448275862
938,94,64,0.7191011235955056,0.5378151260504201,4.58433908045977
939,94,70,0.7865168539325843,0.6194690265486725,4.560434322033899
940,119,79,0.8876404494382022,0.6124031007751938,4.690596539162113
941,112,74,0.8314606741573034,0.5826771653543307,4.610499058380414
942,99,70,0.7865168539325843,0.5932203389830508,4.581586021505377
943,107,73,0.8202247191011236,0.5934959349593496,4.621052631578948
944,83,64,0.7191011235955056,0.5925925925925926,4.530784313725491
945,84,63,0.7078651685393258,0.5727272727272728,4.523790322580646
946,82,65,0.7303370786516854,0.6132075471698113,4.524846356453029
947,107,76,0.8539325842696629,0.6333333333333333,4.612567616300036
948,119,77,0.8651685393258427,0.5877862595419847,4.716666666666667
949,67,56,0.6292134831460674,0.56,4.5
950,96,71,0.797752808988764,0.6228070175438597,4.572248243559719
951,120,80,0.898876404494382,0.6201550387596899,4.6875
952,109,74,0.8314606741573034,0.5967741935483871,4.598058712121213
953,115,70,0.7865168539325843,0.5223880597014925,4.666666666666667
954,85,64,0.7191011235955056,0.5818181818181818,4.541909090909091
955,111,72,0.8089887640449438,0.5625,4.6117383512544805
956,85,71,0.797752808988764,0.6893203883495146,4.556696428571429
957,91,63,0.7078651685393258,0.5384615384615384,4.551944444444445
958,102,74,0.8314606741573034,0.6324786324786325,4.635425685425686
959,94,71,0.797752808988764,0.6339285714285714,4.591124871001032
960,92,69,0.7752808988764045,0.6160714285714286,4.6
961,109,72,0.8089887640449438,0.5714285714285714,4.571428571428571
962,118,70,0.7865168539325843,0.5109489051094891,4.695
963,102,70,0.7865168539325843,0.5785123966942148,4.6119949494949495
964,115,74,0.8314606741573034,0.5692307692307692,4.647058823529412
965,84,67,0.7528089887640449,0.6320754716981132,4.551944444444445
966,105,65,0.7303370786516854,0.5038759689922481,4.648088235294118
967,115,78,0.8764044943820225,0.6190476190476191,4.637695078031213
968,113,77,0.8651685393258427,0.616,4.616363636363636
969,148,79,0.8876404494382022,0.5,4.771796383647799
970,110,66,0.7415730337078652,0.49624060150375937,4.68984867591425
971,89,67,0.7528089887640449,0.6036036036036037,4.517361111111112
972,119,73,0.8202247191011236,0.5407407407407407,4.714285714285714
973,112,78,0.8764044943820225,0.6341463414634146,4.6299235993208825
974,125,79,0.8876404494382022,0.5851851851851851,4.694284712482468
975,103,76,0.8539325842696629,0.6551724137931034,4.619047619047619
976,107,75,0.8426966292134831,0.6198347107438017,4.638137254901961
977,97,74,0.8314606741573034,0.6607142857142857,4.628679750223015
978,88,68,0.7640449438202247,0.6238532110091743,4.53701226309922
979,91,69,0.7752808988764045,0.6216216216216216,4.55
980,86,72,0.8089887640449438,0.6990291262135923,4.536997126436781
981,100,69,0.7752808988764045,0.575,4.635425685425686
982,119,71,0.797752808988764,0.5182481751824818,4.673982020095187
983,100,72,0.8089887640449438,0.6153846153846154,4.6
984,127,79,0.8876404494382022,0.5766423357664233,4.7272727272727275
985,111,73,0.8202247191011236,0.5748031496062992,4.6
986,99,78,0.8764044943820225,0.7090909090909091,4.6175
987,110,71,0.797752808988764,0.5546875,4.597719298245614
988,76,60,0.6741573033707865,0.5714285714285714,4.529411764705882
989,112,75,0.8426966292134831,0.5952380952380952,4.5969310035842295
990,69,61,0.6853932584269663,0.6288659793814433,4.385886736214606
991,90,59,0.6629213483146067,0.49166666666666664,4.5776315789473685
992,104,75,0.8426966292134831,0.635593220338983,4.647058823529412
993,132,75,0.8426966292134831,0.5136986301369864,4.717234141791045
994,107,67,0.7528089887640449,0.5193798449612403,4.648796296296296
995,99,71,0.797752808988764,0.6068376068376068,4.672230073487846
996,107,74,0.8314606741573034,0.6065573770491803,4.588235294117647
997,87,62,0.6966292134831461,0.543859649122807,4.55
998,73,58,0.651685393258427,0.5576923076923077,4.511519607843137
999,107,72,0.8089887640449438,0.5806451612903226,4.659895833333334
1000,83,63,0.7078651685393258,0.5779816513761468,4.5460087719298246
1001,69,59,0.6629213483146067,0.5959595959595959,4.5
1002,93,66,0.7415730337078652,0.5689655172413793,4.598194444444444
1003,70,57,0.6404494382022472,0.5588235294117647,4.446135265700484
1004,90,67,0.7528089887640449,0.5982142857142857,4.5023333333333335
1005,86,68,0.7640449438202247,0.6355140186915887,4.5
1006,134,77,0.8651685393258427,0.5273972602739726,4.7293939393939395
1007,104,70,0.7865168539325843,0.5691056910569106,4.588235294117647
1008,128,77,0.8651685393258427,0.55,4.6743852459016395
1009,106,70,0.7865168539325843,0.56,4.631578947368421
1010,109,77,0.8651685393258427,0.6363636363636364,4.619813829787234
1011,79,54,0.6067415730337079,0.47368421052631576,4.583333333333333
1012,75,65,0.7303370786516854,0.6565656565656566,4.510977224576272
1013,93,64,0.7191011235955056,0.5423728813559322,4.580542937486481
1014,124,84,0.9438202247191011,0.6511627906976745,4.642857142857143
1015,96,73,0.8202247191011236,0.6517857142857143,4.5512500000000005
1016,129,79,0.8876404494382022,0.5683453237410072,4.736668943533697
1017,132,80,0.898876404494382,0.5673758865248227,4.7167447306791574
1018,131,78,0.8764044943820225,0.5492957746478874,4.67741935483871
1019,79,66,0.7415730337078652,0.6470588235294118,4.50963249516441
1020,78,61,0.6853932584269663,0.5754716981132075,4.510153776571688
1021,120,80,0.898876404494382,0.6201550387596899,4.6875
1022,107,68,0.7640449438202247,0.53125,4.627019230769231
1023,85,66,0.7415730337078652,0.6111111111111112,4.478677784395473
1024,75,62,0.6966292134831461,0.6078431372549019,4.535128205128205
1025,84,66,0.7415730337078652,0.616822429906542,4.529686548995739
1026,93,62,0.6966292134831461,0.5166666666666667,4.6021212121212125
1027,76,66,0.7415730337078652,0.6666666666666666,4.4921489621489625
1028,95,75,0.8426966292134831,0.6880733944954128,4.615384615384615
1029,89,61,0.6853932584269663,0.5213675213675214,4.583333333333333
1030,102,70,0.7865168539325843,0.5785123966942148,4.515801411290322
1031,130,79,0.8876404494382022,0.5642857142857143,4.733697916666666
1032,86,69,0.7752808988764045,0.6509433962264151,4.5755952380952385
1033,105,58,0.651685393258427,0.4264705882352941,4.777777777777778
1034,92,67,0.7528089887640449,0.5877192982456141,4.542983549351944
1035,105,77,0.8651685393258427,0.6581196581196581,4.604563492063492
1036,95,74,0.8314606741573034,0.6727272727272727,4.5930357142857146
1037,71,56,0.6292134831460674,0.5384615384615384,4.5
1038,90,63,0.7078651685393258,0.5431034482758621,4.604032976827094
1039,95,69,0.7752808988764045,0.6,4.56280809859155
1040,89,67,0.7528089887640449,0.6036036036036037,4.58048245614035
1041,98,72,0.8089887640449438,0.6260869565217392,4.5625
1042,98,75,0.8426966292134831,0.6696428571428571,4.55857524828113
1043,113,75,0.8426966292134831,0.5905511811023622,4.625
1044,83,70,0.7865168539325843,0.6862745098039216,4.4693933823529415
1045,131,82,0.9213483146067416,0.5942028985507246,4.6563559322033905
1046,113,81,0.9101123595505618,0.6694214876033058,4.668333333333334
1047,106,72,0.8089887640449438,0.5853658536585366,4.530784313725491
1048,106,73,0.8202247191011236,0.5983606557377049,4.625
1049,101,68,0.7640449438202247,0.5573770491803278,4.65300395256917
1050,105,68,0.7640449438202247,0.5396825396825397,4.604206846673095
1051,104,72,0.8089887640449438,0.5950413223140496,4.610499058380414
1052,132,80,0.898876404494382,0.5673758865248227,4.705882352941177
1053,92,61,0.6853932584269663,0.5083333333333333,4.571428571428571
1054,82,62,0.6966292134831461,0.5688073394495413,4.566935483870968
1055,107,72,0.8089887640449438,0.5806451612903226,4.548295454545455
1056,111,74,0.8314606741573034,0.5873015873015873,4.613585858585859
1057,105,69,0.7752808988764045,0.552,4.625
1058,108,67,0.7528089887640449,0.5153846153846153,4.666666666666667
1059,88,68,0.7640449438202247,0.6238532110091743,4.582974910394266
1060,100,70,0.7865168539325843,0.5882352941176471,4.615833333333333
1061,100,72,0.8089887640449438,0.6153846153846154,4.615384615384615
1062,138,75,0.8426966292134831,0.4934210526315789,4.7704545454545455
1063,113,74,0.8314606741573034,0.578125,4.571428571428571
1064,91,61,0.6853932584269663,0.5126050420168067,4.635425685425686
1065,83,67,0.7528089887640449,0.638095238095238,4.535895445134575
1066,93,69,0.7752808988764045,0.6106194690265486,4.5
1067,90,63,0.7078651685393258,0.5431034482758621,4.610499058380414
1068,93,66,0.7415730337078652,0.5689655172413793,4.607828282828283
1069,86,68,0.7640449438202247,0.6355140186915887,4.554265873015873
1070,83,62,0.6966292134831461,0.5636363636363636,4.548951612903226
1071,93,68,0.7640449438202247,0.5964912280701754,4.6418299788135595
1072,114,72,0.8089887640449438,0.549618320610687,4.638636363636365
1073,82,64,0.7191011235955056,0.5981308411214953,4.544477856752324
1074,125,77,0.8651685393258427,0.5620437956204379,4.6770689655172415
1075,113,76,0.8539325842696629,0.6031746031746031,4.638873922413794
1076,118,80,0.898876404494382,0.6299212598425197,4.663480392156863
1077,94,62,0.6966292134831461,0.512396694214876,4.606439393939394
1078,119,76,0.8539325842696629,0.5757575757575758,4.684210526315789
1079,77,65,0.7303370786516854,0.6435643564356436,4.5
1080,76,63,0.7078651685393258,0.6176470588235294,4.518088624338625
1081,83,65,0.7303370786516854,0.6074766355140186,4.5
1082,106,72,0.8089887640449438,0.5853658536585366,4.61875
1083,103,72,0.8089887640449438,0.6,4.5975
1084,121,81,0.9101123595505618,0.627906976744186,4.666666666666667
1085,80,64,0.7191011235955056,0.6095238095238096,4.583333333333333
1086,74,53,0.5955056179775281,0.4818181818181818,4.487500000000001
1087,103,81,0.9101123595505618,0.7297297297297297,4.572354497354497
1088,89,65,0.7303370786516854,0.5752212389380531,4.579952153110048
1089,97,70,0.7865168539325843,0.603448275862069,4.625741525423729
1090,67,55,0.6179775280898876,0.5445544554455446,4.465919540229885
1091,80,61,0.6853932584269663,0.5648148148148148,4.5
1092,76,62,0.6966292134831461,0.6019417475728155,4.480810502283105
1093,107,72,0.8089887640449438,0.5806451612903226,4.639792520491803
1094,84,66,0.7415730337078652,0.616822429906542,4.5078793515811855
1095,97,70,0.7865168539325843,0.603448275862069,4.613888888888889
1096,94,68,0.7640449438202247,0.591304347826087,4.578125
1097,94,65,0.7303370786516854,0.5508474576271186,4.6
1098,119,73,0.8202247191011236,0.5407407407407407,4.730238095238096
1099,91,66,0.7415730337078652,0.5789473684210527,4.545454545454546
1100,87,70,0.7865168539325843,0.660377358490566,4.533275462962963
1101,79,61,0.6853932584269663,0.5700934579439252,4.58433908045977
1102,107,74,0.8314606741573034,0.6065573770491803,4.630354391371341
1103,110,72,0.8089887640449438,0.5669291338582677,4.588602941176471
1104,118,80,0.898876404494382,0.6299212598425197,4.640997499305363
1105,102,72,0.8089887640449438,0.6050420168067226,4.6
1106,109,69,0.7752808988764045,0.5348837209302325,4.571428571428571
1107,96,69,0.7752808988764045,0.5948275862068966,4.566529235382308
1108,134,75,0.8426966292134831,0.5067567567567568,4.755151515151515
1109,88,66,0.7415730337078652,0.5945945945945946,4.4571469657750935
1110,92,68,0.7640449438202247,0.6017699115044248,4.548387096774194
1111,90,64,0.7191011235955056,0.5565217391304348,4.584722222222222
1112,88,62,0.6966292134831461,0.5391304347826087,4.520833333333334
1113,105,70,0.7865168539325843,0.5645161290322581,4.625741525423729
1114,110,77,0.8651685393258427,0.6311475409836066,4.625
1115,99,78,0.8764044943820225,0.7090909090909091,4.527399380804954
1116,111,73,0.8202247191011236,0.5748031496062992,4.648088235294118
1117,129,80,0.898876404494382,0.5797101449275363,4.7186111111111115
1118,77,65,0.7303370786516854,0.6435643564356436,4.533333333333333
1119,98,70,0.7865168539325843,0.5982905982905983,4.526315789473684
1120,81,61,0.6853932584269663,0.5596330275229358,4.5
1121,109,77,0.8651685393258427,0.6363636363636364,4.625652985074627
1122,110,69,0.7752808988764045,0.5307692307692308,4.644327731092438
1123,82,64,0.7191011235955056,0.5981308411214953,4.464782608695653
1124,95,66,0.7415730337078652,0.559322033898305,4.572248243559719
1125,102,65,0.7303370786516854,0.5158730158730159,4.623822463768116
1126,97,66,0.7415730337078652,0.55,4.546480938416423
1127,112,74,0.8314606741573034,0.5826771653543307,4.616901408450704
1128,100,69,0.7752808988764045,0.575,4.642164179104478
1129,112,72,0.8089887640449438,0.5581395348837209,4.653223388305848
1130,88,59,0.6629213483146067,0.5,4.623944805194806
1131,121,76,0.8539325842696629,0.5671641791044776,4.721630236794171
1132,115,74,0.8314606741573034,0.5692307692307692,4.698773584905661
1133,86,65,0.7303370786516854,0.5909090909090909,4.5616666666666665
1134,109,78,0.8764044943820225,0.65,4.583333333333333
1135,117,70,0.7865168539325843,0.5147058823529411,4.693939393939394
1136,96,66,0.7415730337078652,0.5546218487394958,4.6
1137,96,69,0.7752808988764045,0.5948275862068966,4.563205645161291
1138,96,74,0.8314606741573034,0.6666666666666666,4.530784313725491
1139,96,70,0.7865168539325843,0.6086956521739131,4.540137913088733
1140,84,67,0.7528089887640449,0.6320754716981132,4.515989583333333
1141,109,73,0.8202247191011236,0.584,4.578947368421052
1142,98,66,0.7415730337078652,0.5454545454545454,4.556699346405229
1143,109,76,0.8539325842696629,0.6229508196721312,4.644450519409514
1144,112,76,0.8539325842696629,0.608,4.666666666666667
1145,99,70,0.7865168539325843,0.5932203389830508,4.625741525423729
1146,125,77,0.8651685393258427,0.5620437956204379,4.613771712158809
1147,96,64,0.7191011235955056,0.5289256198347108,4.6
1148,89,64,0.7191011235955056,0.5614035087719298,4.5
1149,106,74,0.8314606741573034,0.6115702479338843,4.58048245614035
1150,113,74,0.8314606741573034,0.578125,4.6342592592592595
1151,106,75,0.8426966292134831,0.625,4.63219298245614
1152,123,78,0.8764044943820225,0.582089552238806,4.702916666666667
1153,83,68,0.7640449438202247,0.6538461538461539,4.528021390374332
1154,111,76,0.8539325842696629,0.6129032258064516,4.632748538011696
1155,110,74,0.8314606741573034,0.592,4.604747912155892
1156,94,67,0.7528089887640449,0.5775862068965517,4.578947368421052
1157,108,71,0.797752808988764,0.5634920634920635,4.625
1158,116,77,0.8651685393258427,0.6015625,4.733333333333333
1159,153,82,0.9213483146067416,0.5125,4.768337912087913
1160,99,76,0.8539325842696629,0.6785714285714286,4.555555555555555
1161,106,75,0.8426966292134831,0.625,4.584064171122995
1162,106,75,0.8426966292134831,0.625,4.606762295081967
1163,98,72,0.8089887640449438,0.6260869565217392,4.615384615384615
1164,98,68,0.7640449438202247,0.5714285714285714,4.563451086956522
1165,103,70,0.7865168539325843,0.5737704918032787,4.6
1166,95,67,0.7528089887640449,0.5726495726495726,4.55
1167,107,65,0.7303370786516854,0.4961832061068702,4.636363636363637
1168,106,70,0.7865168539325843,0.56,4.642857142857143
1169,92,69,0.7752808988764045,0.6160714285714286,4.584722222222222
1170,81,67,0.7528089887640449,0.6504854368932039,4.530407969639469
1171,86,64,0.7191011235955056,0.5765765765765766,4.571428571428571
1172,109,81,0.9101123595505618,0.6923076923076923,4.576148148148149
1173,141,76,0.8539325842696629,0.4935064935064935,4.747420634920635
1174,118,75,0.8426966292134831,0.5681818181818182,4.650096432015429
1175,77,65,0.7303370786516854,0.6435643564356436,4.441996233521658
1176,80,63,0.7078651685393258,0.5943396226415094,4.535128205128205
1177,76,60,0.6741573033707865,0.5714285714285714,4.5613146898103505
1178,141,83,0.9325842696629213,0.564625850340136,4.751434426229508
1179,126,77,0.8651685393258427,0.5579710144927537,4.694026790595954
1180,79,63,0.7078651685393258,0.6,4.4623188405797105
1181,118,75,0.8426966292134831,0.5681818181818182,4.687457741717377
1182,107,76,0.8539325842696629,0.6333333333333333,4.635425685425686
1183,99,66,0.7415730337078652,0.5409836065573771,4.56126893939394
1184,86,67,0.7528089887640449,0.6203703703703703,4.5
1185,97,73,0.8202247191011236,0.6460176991150443,4.538461538461538
1186,88,71,0.797752808988764,0.6698113207547169,4.55
1187,108,68,0.7640449438202247,0.5271317829457365,4.671503198294244
1188,95,66,0.7415730337078652,0.559322033898305,4.618484848484848
1189,88,63,0.7078651685393258,0.5526315789473685,4.585049019607843
1190,92,72,0.8089887640449438,0.6605504587155964,4.523809523809524
1191,111,71,0.797752808988764,0.5503875968992248,4.644708994708995
1192,113,72,0.8089887640449438,0.5538461538461539,4.628977272727273
1193,128,73,0.8202247191011236,0.5069444444444444,4.727935606060607
1194,105,77,0.8651685393258427,0.6581196581196581,4.635425685425686
1195,120,74,0.8314606741573034,0.5481481481481482,4.7
1196,90,70,0.7865168539325843,0.6422018348623854,4.551346153846154
1197,84,62,0.6966292134831461,0.5585585585585585,4.526650717703349
1198,104,73,0.8202247191011236,0.6083333333333333,4.608531746031746
1199,96,68,0.7640449438202247,0.5811965811965812,4.567471264367816
1200,81,65,0.7303370786516854,0.6190476190476191,4.545454545454546
1201,127,74,0.8314606741573034,0.5211267605633803,4.738695652173913
1202,114,80,0.898876404494382,0.6504065040650406,4.646643518518518
1203,89,72,0.8089887640449438,0.6792452830188679,4.5459517045454545
1204,98,74,0.8314606741573034,0.6548672566371682,4.55089605734767
1205,93,61,0.6853932584269663,0.5041322314049587,4.593606557377049
1206,93,68,0.7640449438202247,0.5964912280701754,4.595003813882532
1207,116,76,0.8539325842696629,0.5891472868217055,4.698644338118023
1208,105,74,0.8314606741573034,0.6166666666666667,4.643599232456141
1209,123,77,0.8651685393258427,0.5703703703703704,4.650760869565218
1210,80,59,0.6629213483146067,0.5363636363636364,4.505645161290323
1211,105,74,0.8314606741573034,0.6166666666666667,4.631093189964158
1212,101,75,0.8426966292134831,0.6521739130434783,4.633253588516747
1213,133,74,0.8314606741573034,0.5,4.78703007518797
1214,87,65,0.7303370786516854,0.5855855855855856,4.533333333333333
1215,103,77,0.8651685393258427,0.6695652173913044,4.589171122994652
1216,117,74,0.8314606741573034,0.5606060606060606,4.666666666666667
1217,112,77,0.8651685393258427,0.6209677419354839,4.638636363636365
1218,116,72,0.8089887640449438,0.5413533834586466,4.623822463768116
1219,91,69,0.7752808988764045,0.6216216216216216,4.565625
1220,104,73,0.8202247191011236,0.6083333333333333,4.668407960199006
1221,132,74,0.8314606741573034,0.5034013605442177,4.737408906882591
1222,99,71,0.797752808988764,0.6068376068376068,4.576600985221675
1223,107,69,0.7752808988764045,0.5433070866141733,4.636363636363637
1224,109,70,0.7865168539325843,0.546875,4.625583333333333
1225,114,79,0.8876404494382022,0.6370967741935484,4.606234475906607
1226,93,68,0.7640449438202247,0.5964912280701754,4.54796875
1227,93,66,0.7415730337078652,0.5689655172413793,4.540909090909091
1228,128,83,0.9325842696629213,0.6194029850746269,4.722222222222222
1229,81,65,0.7303370786516854,0.6190476190476191,4.543451463790447
1230,94,65,0.7303370786516854,0.5508474576271186,4.58048245614035
1231,104,72,0.8089887640449438,0.5950413223140496,4.57734375
1232,110,76,0.8539325842696629,0.6178861788617886,4.634920634920635
1233,113,74,0.8314606741573034,0.578125,4.663480392156863
1234,115,81,0.9101123595505618,0.6585365853658537,4.588235294117647
1235,108,73,0.8202247191011236,0.5887096774193549,4.628515318146111
1236,80,66,0.7415730337078652,0.6407766990291263,4.462037037037037
1237,90,63,0.7078651685393258,0.5431034482758621,4.5975
1238,101,75,0.8426966292134831,0.6521739130434783,4.635227272727273
1239,109,74,0.8314606741573034,0.5967741935483871,4.666666666666667
1240,97,72,0.8089887640449438,0.631578947368421,4.591124871001032
1241,106,76,0.8539325842696629,0.6386554621848739,4.607686335403726
1242,113,76,0.8539325842696629,0.6031746031746031,4.583333333333333
1243,105,68,0.7640449438202247,0.5396825396825397,4.611111111111111
1244,125,76,0.8539325842696629,0.5507246376811594,4.7
1245,68,61,0.6853932584269663,0.6354166666666666,4.386988304093568
1246,107,72,0.8089887640449438,0.5806451612903226,4.588602941176471
1247,127,76,0.8539325842696629,0.5428571428571428,4.646470588235294
1248,125,75,0.8426966292134831,0.539568345323741,4.726114081996435
1249,111,71,0.797752808988764,0.5503875968992248,4.621130952380952
1250,99,73,0.8202247191011236,0.6347826086956522,4.584064171122995
1251,92,72,0.8089887640449438,0.6605504587155964,4.5858823529411765
1252,86,72,0.8089887640449438,0.6990291262135923,4.550104821802935
1253,128,79,0.8876404494382022,0.572463768115942,4.698773584905661
1254,65,48,0.5393258426966292,0.4528301886792453,4.397758620689655
1255,99,70,0.7865168539325843,0.5932203389830508,4.5721638655462185
1256,123,79,0.8876404494382022,0.5939849624060151,4.639790209790211
1257,118,78,0.8764044943820225,0.6046511627906976,4.625
1258,93,66,0.7415730337078652,0.5689655172413793,4.528690344062153
1259,116,75,0.8426966292134831,0.5769230769230769,4.640625
1260,77,58,0.651685393258427,0.5370370370370371,4.46969696969697
1261,109,76,0.8539325842696629,0.6229508196721312,4.666666666666667
1262,130,71,0.797752808988764,0.4797297297297297,4.7293939393939395
1263,84,68,0.7640449438202247,0.6476190476190476,4.476915113871636
1264,103,67,0.7528089887640449,0.536,4.6
1265,98,80,0.898876404494382,0.7476635514018691,4.574645734926369
1266,102,69,0.7752808988764045,0.5655737704918032,4.530784313725491
1267,95,74,0.8314606741573034,0.6727272727272727,4.564644607843137
1268,112,75,0.8426966292134831,0.5952380952380952,4.666666666666667
1269,121,79,0.8876404494382022,0.6030534351145038,4.622198275862069
1270,90,66,0.7415730337078652,0.584070796460177,4.538461538461538
1271,99,68,0.7640449438202247,0.5666666666666667,4.558383838383838
1272,95,73,0.8202247191011236,0.6576576576576577,4.471671826625387
1273,91,65,0.7303370786516854,0.5652173913043478,4.617924528301887
1274,131,76,0.8539325842696629,0.5277777777777778,4.666666666666667
1275,76,65,0.7303370786516854,0.65,4.406999372253609
1276,112,74,0.8314606741573034,0.5826771653543307,4.588235294117647
1277,95,71,0.797752808988764,0.6283185840707964,4.557487389659521
1278,112,78,0.8764044943820225,0.6341463414634146,4.597719298245614
1279,94,63,0.7078651685393258,0.525,4.539583333333334
1280,99,73,0.8202247191011236,0.6347826086956522,4.580047132757266
1281,97,73,0.8202247191011236,0.6460176991150443,4.611927083333334
1282,81,66,0.7415730337078652,0.6346153846153846,4.450958965209635
1283,73,58,0.651685393258427,0.5576923076923077,4.520291666666666
1284,71,50,0.5617977528089888,0.45454545454545453,4.462565298507463
1285,112,72,0.8089887640449438,0.5581395348837209,4.652795193312435
1286,111,72,0.8089887640449438,0.5625,4.621130952380952
1287,87,67,0.7528089887640449,0.6146788990825688,4.57734375
1288,142,80,0.898876404494382,0.5298013245033113,4.764293659621802
1289,115,69,0.7752808988764045,0.5111111111111111,4.638263245426467
1290,111,69,0.7752808988764045,0.5267175572519084,4.647058823529412
1291,71,64,0.7191011235955056,0.6666666666666666,4.478690476190477
1292,91,67,0.7528089887640449,0.5929203539823009,4.540137913088733
1293,87,59,0.6629213483146067,0.5042735042735043,4.6
1294,128,76,0.8539325842696629,0.5390070921985816,4.7640106951871655
1295,79,67,0.7528089887640449,0.6633663366336634,4.5199404761904765
1296,118,74,0.8314606741573034,0.556390977443609,4.638636363636365
1297,95,69,0.7752808988764045,0.6,4.611111111111111
1298,98,70,0.7865168539325843,0.5982905982905983,4.5955932203389835
1299,96,69,0.7752808988764045,0.5948275862068966,4.538461538461538
1300,81,59,0.6629213483146067,0.5315315315315315,4.5858823529411765
1301,107,79,0.8876404494382022,0.6752136752136753,4.59454844421958
1302,110,74,0.8314606741573034,0.592,4.6236680327868855
1303,95,75,0.8426966292134831,0.6880733944954128,4.582348484848485
1304,108,71,0.797752808988764,0.5634920634920635,4.581586021505377
1305,79,58,0.651685393258427,0.5272727272727272,4.5
1306,123,79,0.8876404494382022,0.5939849624060151,4.663480392156863
1307,73,60,0.6741573033707865,0.5882352941176471,4.495149253731343
1308,86,66,0.7415730337078652,0.6055045871559633,4.547404233870968
1309,98,74,0.8314606741573034,0.6548672566371682,4.595676691729323
1310,102,73,0.8202247191011236,0.6186440677966102,4.606130268199234
1311,106,74,0.8314606741573034,0.6115702479338843,4.6092114959469415
1312,97,71,0.797752808988764,0.6173913043478261,4.633253588516747
1313,119,80,0.898876404494382,0.625,4.637406855439643
1314,92,67,0.7528089887640449,0.5877192982456141,4.578412828947369
1315,135,72,0.8089887640449438,0.47368421052631576,4.728496503496504
1316,116,73,0.8202247191011236,0.553030303030303,4.64140625
1317,93,64,0.7191011235955056,0.5423728813559322,4.626411290322581
1318,101,75,0.8426966292134831,0.6521739130434783,4.58048245614035
1319,115,75,0.8426966292134831,0.5813953488372093,4.627997489014438
1320,97,72,0.8089887640449438,0.631578947368421,4.586073200992557
1321,78,63,0.7078651685393258,0.6057692307692307,4.568333333333333
1322,124,78,0.8764044943820225,0.5777777777777777,4.714048967355097
1323,107,71,0.797752808988764,0.568,4.634699103713188
1324,121,77,0.8651685393258427,0.5789473684210527,4.679726027397261
1325,110,75,0.8426966292134831,0.6048387096774194,4.638263229308006
1326,107,68,0.7640449438202247,0.53125,4.632641700404859
1327,105,70,0.7865168539325843,0.5645161290322581,4.583333333333333
1328,132,74,0.8314606741573034,0.5034013605442177,4.75
1329,116,80,0.898876404494382,0.64,4.631578947368421
1330,122,78,0.8764044943820225,0.5864661654135338,4.668579234972678
1331,128,80,0.898876404494382,0.583941605839416,4.7225213675213675
1332,98,65,0.7303370786516854,0.5327868852459017,4.5899800598205385
1333,95,67,0.7528089887640449,0.5726495726495726,4.6
1334,102,68,0.7640449438202247,0.5528455284552846,4.619622331691297
1335,102,67,0.7528089887640449,0.5403225806451613,4.587284482758621
1336,84,65,0.7303370786516854,0.6018518518518519,4.521106557377049
1337,127,71,0.797752808988764,0.4896551724137931,4.700522388059702
1338,98,64,0.7191011235955056,0.5203252032520326,4.632696078431373
1339,91,69,0.7752808988764045,0.6216216216216216,4.551724137931035
1340,94,74,0.8314606741573034,0.6788990825688074,4.578412828947369
1341,105,72,0.8089887640449438,0.5901639344262295,4.638164665523156
1342,94,68,0.7640449438202247,0.591304347826087,4.61875
1343,75,60,0.6741573033707865,0.5769230769230769,4.489516129032258
1344,114,71,0.797752808988764,0.5378787878787878,4.63691222570533
1345,103,75,0.8426966292134831,0.6410256410256411,4.554444444444444
1346,85,55,0.6179775280898876,0.46218487394957986,4.555555555555555
1347,78,64,0.7191011235955056,0.6213592233009708,4.476446886446887
1348,72,55,0.6179775280898876,0.5188679245283019,4.466666666666667
1349,85,65,0.7303370786516854,0.5963302752293578,4.479138795986622
1350,58,46,0.5168539325842697,0.45544554455445546,4.4
1351,93,72,0.8089887640449438,0.6545454545454545,4.5625
1352,71,58,0.651685393258427,0.5686274509803921,4.446388888888889
1353,91,66,0.7415730337078652,0.5789473684210527,4.538888888888889
1354,92,66,0.7415730337078652,0.5739130434782609,4.576923076923077
1355,99,75,0.8426966292134831,0.6637168141592921,4.593278972078083
1356,98,64,0.7191011235955056,0.5203252032520326,4.618484848484848
1357,114,74,0.8314606741573034,0.5736434108527132,4.703968253968254
1358,73,61,0.6853932584269663,0.6039603960396039,4.425757575757576
1359,100,68,0.7640449438202247,0.5619834710743802,4.693220338983051
1360,84,66,0.7415730337078652,0.616822429906542,4.5459517045454545
1361,113,75,0.8426966292134831,0.5905511811023622,4.674568965517242
1362,77,63,0.7078651685393258,0.6116504854368932,4.479835082458771
1363,88,58,0.651685393258427,0.48739495798319327,4.560212121212121
1364,82,67,0.7528089887640449,0.6442307692307693,4.563205645161291
1365,118,76,0.8539325842696629,0.5801526717557252,4.666666666666667
1366,121,75,0.8426966292134831,0.5555555555555556,4.71
1367,108,75,0.8426966292134831,0.6147540983606558,4.621978582355941
1368,109,78,0.8764044943820225,0.65,4.640102072378596
1369,77,66,0.7415730337078652,0.66,4.502868852459017
1370,115,73,0.8202247191011236,0.5572519083969466,4.666666666666667
1371,89,67,0.7528089887640449,0.6036036036036037,4.614035087719298
1372,92,68,0.7640449438202247,0.6017699115044248,4.537017543859649
1373,99,73,0.8202247191011236,0.6347826086956522,4.618074712643678
1374,97,69,0.7752808988764045,0.5897435897435898,4.601206896551724
1375,97,70,0.7865168539325843,0.603448275862069,4.592352941176471
1376,114,78,0.8764044943820225,0.624,4.666666666666667
1377,117,79,0.8876404494382022,0.6220472440944882,4.6521739130434785
1378,119,75,0.8426966292134831,0.5639097744360902,4.690095338983051
1379,83,68,0.7640449438202247,0.6538461538461539,4.571428571428571
1380,117,82,0.9213483146067416,0.6612903225806451,4.590424739195231
1381,128,81,0.9101123595505618,0.5955882352941176,4.751434426229508
1382,103,69,0.7752808988764045,0.5609756097560976,4.585049019607843
1383,76,58,0.651685393258427,0.5420560747663551,4.529411764705882
1384,133,78,0.8764044943820225,0.5416666666666666,4.706740196078432
1385,108,69,0.7752808988764045,0.5390625,4.631578947368421
1386,119,82,0.9213483146067416,0.6507936507936508,4.666666666666667
1387,98,78,0.8764044943820225,0.7155963302752294,4.541990221455278
1388,94,74,0.8314606741573034,0.6788990825688074,4.47568306010929
1389,98,62,0.6966292134831461,0.496,4.636363636363637
1390,86,61,0.6853932584269663,0.5350877192982456,4.568333333333333
1391,68,59,0.6629213483146067,0.6020408163265306,4.426229508196721
1392,69,55,0.6179775280898876,0.5339805825242718,4.5
1393,94,67,0.7528089887640449,0.5775862068965517,4.5
1394,124,77,0.8651685393258427,0.5661764705882353,4.705589225589225
1395,116,80,0.898876404494382,0.64,4.620962113659023
1396,87,59,0.6629213483146067,0.5042735042735043,4.525021645021645
1397,114,74,0.8314606741573034,0.5736434108527132,4.619047619047619
1398,95,63,0.7078651685393258,0.5206611570247934,4.5776315789473685
1399,81,62,0.6966292134831461,0.5740740740740741,4.46425925925926
1400,77,59,0.6629213483146067,0.5514018691588785,4.540909090909091
1401,92,73,0.8202247191011236,0.6759259259259259,4.563060897435897
1402,92,62,0.6966292134831461,0.5210084033613446,4.545454545454546
1403,103,75,0.8426966292134831,0.6410256410256411,4.65
1404,99,68,0.7640449438202247,0.5666666666666667,4.640528301886793
1405,92,69,0.7752808988764045,0.6160714285714286,4.564476843910806
1406,112,70,0.7865168539325843,0.5343511450381679,4.672849650349651
1407,72,46,0.5168539325842697,0.4,4.555555555555555
1408,106,78,0.8764044943820225,0.6666666666666666,4.610609879032258
1409,85,72,0.8089887640449438,0.7058823529411765,4.5512500000000005
1410,87,54,0.6067415730337079,0.4426229508196721,4.613888888888889
1411,95,64,0.7191011235955056,0.5333333333333333,4.543451463790447
1412,85,67,0.7528089887640449,0.6261682242990654,4.5
1413,121,77,0.8651685393258427,0.5789473684210527,4.668579234972678
1414,91,59,0.6629213483146067,0.48760330578512395,4.545454545454546
1415,84,61,0.6853932584269663,0.5446428571428571,4.541990221455278
1416,106,77,0.8651685393258427,0.652542372881356,4.568333333333333
1417,101,65,0.7303370786516854,0.52,4.645508684863524
1418,104,77,0.8651685393258427,0.6637931034482759,4.6
1419,82,58,0.651685393258427,0.5132743362831859,4.539583333333334
1420,106,72,0.8089887640449438,0.5853658536585366,4.621372804163956
1421,110,76,0.8539325842696629,0.6178861788617886,4.666666666666667
1422,94,71,0.797752808988764,0.6339285714285714,4.589171122994652
1423,116,74,0.8314606741573034,0.5648854961832062,4.672230073487846
1424,123,78,0.8764044943820225,0.582089552238806,4.680888888888889
1425,113,74,0.8314606741573034,0.578125,4.648088235294118
1426,113,74,0.8314606741573034,0.578125,4.633253588516747
1427,109,70,0.7865168539325843,0.546875,4.642857142857143
1428,131,77,0.8651685393258427,0.5384615384615384,4.666666666666667
1429,101,78,0.8764044943820225,0.6964285714285714,4.582034739454095
1430,96,66,0.7415730337078652,0.5546218487394958,4.625
1431,128,81,0.9101123595505618,0.5955882352941176,4.716040100250627
1432,118,76,0.8539325842696629,0.5801526717557252,4.666666666666667
1433,94,70,0.7865168539325843,0.6194690265486725,4.572248243559719
1434,107,69,0.7752808988764045,0.5433070866141733,4.58433908045977
1435,91,58,0.651685393258427,0.47540983606557374,4.616363636363636
1436,100,68,0.7640449438202247,0.5619834710743802,4.55
1437,76,63,0.7078651685393258,0.6176470588235294,4.424604056682412
1438,103,75,0.8426966292134831,0.6410256410256411,4.593957115009746
1439,95,71,0.797752808988764,0.6283185840707964,4.5
1440,67,56,0.6292134831460674,0.56,4.455237154150197
1441,69,61,0.6853932584269663,0.6288659793814433,4.4
1442,119,73,0.8202247191011236,0.5407407407407407,4.688693181818182
1443,132,76,0.8539325842696629,0.5241379310344828,4.75
1444,119,79,0.8876404494382022,0.6124031007751938,4.661016949152542
1445,97,65,0.7303370786516854,0.5371900826446281,4.593606557377049
1446,82,66,0.7415730337078652,0.6285714285714286,4.579952153110048
1447,76,67,0.7528089887640449,0.6836734693877551,4.382234432234433
1448,86,65,0.7303370786516854,0.5909090909090909,4.571428571428571
1449,123,80,0.898876404494382,0.6060606060606061,4.702058823529412
1450,95,75,0.8426966292134831,0.6880733944954128,4.527399380804954
1451,92,73,0.8202247191011236,0.6759259259259259,4.631954887218045
1452,86,63,0.7078651685393258,0.5625,4.55977144324602
1453,124,73,0.8202247191011236,0.5214285714285715,4.7077204301075275
1454,114,71,0.797752808988764,0.5378787878787878,4.666666666666667
1455,108,65,0.7303370786516854,0.49242424242424243,4.630311890838207
1456,112,78,0.8764044943820225,0.6341463414634146,4.629624060150376
1457,102,64,0.7191011235955056,0.5039370078740157,4.607480694980695
1458,122,76,0.8539325842696629,0.562962962962963,4.666666666666667
1459,72,58,0.651685393258427,0.5631067961165048,4.411742424242425
1460,98,74,0.8314606741573034,0.6548672566371682,4.583333333333333
1461,103,62,0.6966292134831461,0.47692307692307695,4.522736992159658
1462,65,58,0.651685393258427,0.6041666666666666,4.417910447761194
1463,104,75,0.8426966292134831,0.635593220338983,4.631954887218045
1464,71,61,0.6853932584269663,0.6161616161616161,4.444444444444445
1465,113,70,0.7865168539325843,0.5303030303030303,4.648088235294118
1466,99,73,0.8202247191011236,0.6347826086956522,4.64744008714597
1467,86,72,0.8089887640449438,0.6990291262135923,4.474561403508772
1468,121,80,0.898876404494382,0.6153846153846154,4.578412828947369
1469,102,68,0.7640449438202247,0.5528455284552846,4.58433908045977
1470,95,60,0.6741573033707865,0.4838709677419355,4.635425685425686
1471,92,66,0.7415730337078652,0.5739130434782609,4.6280044275774825
1472,95,70,0.7865168539325843,0.6140350877192983,4.546480938416423
1473,120,74,0.8314606741573034,0.5481481481481482,4.711290322580646
1474,74,61,0.6853932584269663,0.5980392156862745,4.4626760563380286
1475,68,54,0.6067415730337079,0.5242718446601942,4.443260473588342
1476,83,59,0.6629213483146067,0.5221238938053098,4.472549019607843
1477,94,77,0.8651685393258427,0.7264150943396226,4.5858823529411765
1478,107,72,0.8089887640449438,0.5806451612903226,4.663172043010753
1479,89,63,0.7078651685393258,0.5478260869565217,4.55
1480,129,82,0.9213483146067416,0.6029411764705882,4.722222222222222
1481,110,75,0.8426966292134831,0.6048387096774194,4.615833333333333
1482,84,61,0.6853932584269663,0.5446428571428571,4.5459517045454545
1483,118,77,0.8651685393258427,0.5923076923076923,4.688693181818182
1484,100,75,0.8426966292134831,0.6578947368421053,4.5955932203389835
1485,105,71,0.797752808988764,0.5772357723577236,4.6391196192948305
1486,108,74,0.8314606741573034,0.6016260162601627,4.610098039215686
1487,106,76,0.8539325842696629,0.6386554621848739,4.60304347826087
1488,96,74,0.8314606741573034,0.6666666666666666,4.572943722943723
1489,93,71,0.797752808988764,0.6396396396396397,4.571428571428571
1490,76,53,0.5955056179775281,0.4732142857142857,4.47568306010929
1491,81,64,0.7191011235955056,0.6037735849056604,4.392777777777779
1492,94,72,0.8089887640449438,0.6486486486486487,4.6
1493,96,77,0.8651685393258427,0.7129629629629629,4.5643939393939394
1494,98,76,0.8539325842696629,0.6846846846846847,4.529017595307918
1495,111,78,0.8764044943820225,0.639344262295082,4.645357142857144
1496,100,74,0.8314606741573034,0.6434782608695652,4.588235294117647
1497,85,62,0.6966292134831461,0.5535714285714286,4.47981276371308
1498,85,70,0.7865168539325843,0.6730769230769231,4.5
1499,94,65,0.7303370786516854,0.5508474576271186,4.629624060150376
1500,105,76,0.8539325842696629,0.6440677966101694,4.6337566844919795
1501,105,73,0.8202247191011236,0.6033057851239669,4.607686335403726
1502,113,72,0.8089887640449438,0.5538461538461539,4.571428571428571
1503,109,79,0.8876404494382022,0.6638655462184874,4.683846872082166
1504,105,68,0.7640449438202247,0.5396825396825397,4.566529235382308
1505,80,62,0.6966292134831461,0.5794392523364486,4.528349673202614
1506,108,77,0.8651685393258427,0.6416666666666667,4.614124830393488
1507,85,69,0.7752808988764045,0.6571428571428571,4.6
1508,134,75,0.8426966292134831,0.5067567567567568,4.71831797235023
1509,90,61,0.6853932584269663,0.5169491525423728,4.576682162955714
1510,86,66,0.7415730337078652,0.6055045871559633,4.495289855072464
1511,69,57,0.6404494382022472,0.5643564356435643,4.4517959770114945
1512,72,58,0.651685393258427,0.5631067961165048,4.4350280504908834
1513,106,67,0.7528089887640449,0.5234375,4.631578947368421
1514,103,73,0.8202247191011236,0.6134453781512605,4.615384615384615
1515,71,55,0.6179775280898876,0.5238095238095238,4.455972652218782
1516,95,68,0.7640449438202247,0.5862068965517241,4.603448275862069
1517,95,72,0.8089887640449438,0.6428571428571429,4.545454545454546
1518,105,69,0.7752808988764045,0.552,4.601206896551724
1519,100,76,0.8539325842696629,0.672566371681416,4.621130952380952
1520,93,71,0.797752808988764,0.6396396396396397,4.5625
1521,73,54,0.6067415730337079,0.5,4.56126893939394
1522,120,79,0.8876404494382022,0.6076923076923076,4.6842757936507935
1523,93,69,0.7752808988764045,0.6106194690265486,4.648088235294118
1524,86,66,0.7415730337078652,0.6055045871559633,4.533333333333333
1525,125,75,0.8426966292134831,0.539568345323741,4.714285714285714
1526,106,69,0.7752808988764045,0.5476190476190477,4.642857142857143
1527,76,59,0.6629213483146067,0.5566037735849056,4.547045454545455
1528,112,79,0.8876404494382022,0.6475409836065574,4.602696078431372
1529,64,52,0.5842696629213483,0.5148514851485149,4.484016393442624
1530,123,80,0.898876404494382,0.6060606060606061,4.631052631578948
1531,84,62,0.6966292134831461,0.5585585585585585,4.5
1532,103,73,0.8202247191011236,0.6134453781512605,4.6507445887445895
1533,76,65,0.7303370786516854,0.65,4.473273657289003
1534,96,67,0.7528089887640449,0.5677966101694916,4.58721568627451
1535,107,70,0.7865168539325843,0.5555555555555556,4.646470588235294
1536,83,63,0.7078651685393258,0.5779816513761468,4.517764945652174
1537,87,65,0.7303370786516854,0.5855855855855856,4.546054888507719
1538,130,74,0.8314606741573034,0.5103448275862069,4.7342805939580135
1539,103,71,0.797752808988764,0.5867768595041323,4.551944444444445
1540,111,72,0.8089887640449438,0.5625,4.7
1541,108,74,0.8314606741573034,0.6016260162601627,4.644797913950456
1542,102,71,0.797752808988764,0.5916666666666667,4.622950819672131
1543,85,63,0.7078651685393258,0.5675675675675675,4.455871212121211
1544,99,73,0.8202247191011236,0.6347826086956522,4.602295081967213
1545,88,64,0.7191011235955056,0.5663716814159292,4.523333333333333
1546,106,77,0.8651685393258427,0.652542372881356,4.608695652173913
1547,100,74,0.8314606741573034,0.6434782608695652,4.578947368421052
1548,122,74,0.8314606741573034,0.5401459854014599,4.648849104859336
1549,117,81,0.9101123595505618,0.648,4.685361842105263
1550,82,65,0.7303370786516854,0.6132075471698113,4.474288179465057
1551,108,75,0.8426966292134831,0.6147540983606558,4.668407960199006
1552,69,59,0.6629213483146067,0.5959595959595959,4.446388888888889
1553,83,61,0.6853932584269663,0.5495495495495496,4.502868852459017
1554,95,71,0.797752808988764,0.6283185840707964,4.55
1555,97,67,0.7528089887640449,0.5630252100840336,4.622727272727273
1556,136,80,0.898876404494382,0.5517241379310345,4.7272727272727275
1557,75,61,0.6853932584269663,0.5922330097087378,4.412698412698413
1558,92,68,0.7640449438202247,0.6017699115044248,4.6
1559,84,67,0.7528089887640449,0.6320754716981132,4.535473494595985
1560,96,62,0.6966292134831461,0.5040650406504065,4.613771712158809
1561,106,66,0.7415730337078652,0.5116279069767442,4.620872518286311
1562,90,71,0.797752808988764,0.6574074074074074,4.487081339712918
1563,100,66,0.7415730337078652,0.5365853658536586,4.663615023474178
1564,104,72,0.8089887640449438,0.5950413223140496,4.642857142857143
1565,79,60,0.6741573033707865,0.5555555555555556,4.516125419932811
1566,127,71,0.797752808988764,0.4896551724137931,4.721459276018099
1567,91,71,0.797752808988764,0.6513761467889908,4.55
1568,93,70,0.7865168539325843,0.625,4.590909090909091
1569,121,79,0.8876404494382022,0.6030534351145038,4.666666666666667
1570,81,68,0.7640449438202247,0.6666666666666666,4.555555555555555
1571,107,75,0.8426966292134831,0.6198347107438017,4.687858606557377
1572,88,57,0.6404494382022472,0.475,4.56788748564868
1573,100,77,0.8651685393258427,0.6875,4.536675824175824
1574,100,63,0.7078651685393258,0.5,4.619583333333333
1575,102,71,0.797752808988764,0.5916666666666667,4.608531746031746
1576,103,69,0.7752808988764045,0.5609756097560976,4.6405737704918035
1577,93,69,0.7752808988764045,0.6106194690265486,4.587628384687208
1578,94,71,0.797752808988764,0.6339285714285714,4.5943651501635445
1579,141,69,0.7752808988764045,0.42857142857142855,4.8
1580,70,57,0.6404494382022472,0.5588235294117647,4.4245462794918335
1581,118,75,0.8426966292134831,0.5681818181818182,4.714285714285714
1582,105,74,0.8314606741573034,0.6166666666666667,4.5943651501635445
1583,132,76,0.8539325842696629,0.5241379310344828,4.714285714285714
1584,78,65,0.7303370786516854,0.6372549019607843,4.530055147058824
1585,99,76,0.8539325842696629,0.6785714285714286,4.598194444444444
1586,79,59,0.6629213483146067,0.5412844036697247,4.48452380952381
1587,104,75,0.8426966292134831,0.635593220338983,4.589171122994652
1588,95,71,0.797752808988764,0.6283185840707964,4.5625
1589,92,65,0.7303370786516854,0.5603448275862069,4.474868018894137
1590,97,70,0.7865168539325843,0.603448275862069,4.502777777777778
1591,79,58,0.651685393258427,0.5272727272727272,4.404178436911487
1592,83,60,0.6741573033707865,0.5357142857142857,4.5023333333333335
1593,87,60,0.6741573033707865,0.5172413793103449,4.5740601503759395
1594,88,69,0.7752808988764045,0.6388888888888888,4.612606837606838
1595,98,64,0.7191011235955056,0.5203252032520326,4.627019230769231
1596,123,84,0.9438202247191011,0.65625,4.675255102040817
1597,91,61,0.6853932584269663,0.5126050420168067,4.601111111111111
1598,112,73,0.8202247191011236,0.5703125,4.639573770491803
1599,85,69,0.7752808988764045,0.6571428571428571,4.568745774171737
1600,119,72,0.8089887640449438,0.5294117647058824,4.6875
1601,139,76,0.8539325842696629,0.5,4.800985915492958
1602,113,79,0.8876404494382022,0.6422764227642277,4.5955932203389835
1603,85,71,0.797752808988764,0.6893203883495146,4.524374495560936
1604,83,63,0.7078651685393258,0.5779816513761468,4.539123376623377
1605,85,70,0.7865168539325843,0.6730769230769231,4.510803891449053
1606,113,79,0.8876404494382022,0.6422764227642277,4.626620370370371
1607,92,70,0.7865168539325843,0.6306306306306306,4.564023270055113
1608,106,80,0.898876404494382,0.6956521739130435,4.639655172413794
1609,128,81,0.9101123595505618,0.5955882352941176,4.719965277777778
1610,101,69,0.7752808988764045,0.5702479338842975,4.580047132757266
1611,99,70,0.7865168539325843,0.5932203389830508,4.54
1612,102,75,0.8426966292134831,0.646551724137931,4.571428571428571
1613,96,64,0.7191011235955056,0.5289256198347108,4.543451463790447
1614,116,71,0.797752808988764,0.5298507462686567,4.693478260869566
1615,93,68,0.7640449438202247,0.5964912280701754,4.639790209790211
1616,100,80,0.898876404494382,0.7339449541284404,4.601206896551724
1617,84,65,0.7303370786516854,0.6018518518518519,4.545454545454546
1618,85,67,0.7528089887640449,0.6261682242990654,4.486877648305085
1619,141,81,0.9101123595505618,0.5436241610738255,4.777777777777778
1620,88,67,0.7528089887640449,0.6090909090909091,4.48984375
1621,104,75,0.8426966292134831,0.635593220338983,4.623822463768116
1622,127,77,0.8651685393258427,0.5539568345323741,4.725774400935126
1623,107,78,0.8764044943820225,0.6610169491525424,4.631598240469208
1624,99,58,0.651685393258427,0.4461538461538462,4.7272727272727275
1625,129,77,0.8651685393258427,0.5460992907801419,4.698968253968254
1626,98,69,0.7752808988764045,0.5847457627118644,4.6
1627,108,74,0.8314606741573034,0.6016260162601627,4.583333333333333
1628,103,71,0.797752808988764,0.5867768595041323,4.535128205128205
1629,104,78,0.8764044943820225,0.6782608695652174,4.582348484848485
1630,88,62,0.6966292134831461,0.5391304347826087,4.53125
1631,102,69,0.7752808988764045,0.5655737704918032,4.627573529411765
1632,93,74,0.8314606741573034,0.6851851851851852,4.510909090909091
1633,92,74,0.8314606741573034,0.6915887850467289,4.537017543859649
1634,111,75,0.8426966292134831,0.6,4.666666666666667
1635,83,60,0.6741573033707865,0.5357142857142857,4.5740601503759395
1636,122,70,0.7865168539325843,0.49645390070921985,4.68503534956795
1637,103,79,0.8876404494382022,0.6991150442477876,4.604747912155892
1638,109,78,0.8764044943820225,0.65,4.6
1639,106,77,0.8651685393258427,0.652542372881356,4.592352941176471
1640,77,62,0.6966292134831461,0.5961538461538461,4.447321428571429
1641,137,80,0.898876404494382,0.547945205479452,4.7306220095693785
1642,118,78,0.8764044943820225,0.6046511627906976,4.625
1643,104,78,0.8764044943820225,0.6782608695652174,4.5975
1644,88,63,0.7078651685393258,0.5526315789473685,4.6021212121212125
1645,77,58,0.651685393258427,0.5370370370370371,4.466666666666667
1646,90,62,0.6966292134831461,0.5299145299145299,4.616666666666666
1647,85,70,0.7865168539325843,0.6730769230769231,4.55
1648,77,58,0.651685393258427,0.5370370370370371,4.583333333333333
1649,99,68,0.7640449438202247,0.5666666666666667,4.523606557377049
1650,80,60,0.6741573033707865,0.5504587155963303,4.47875
1651,102,73,0.8202247191011236,0.6186440677966102,4.550603448275862
1652,97,74,0.8314606741573034,0.6607142857142857,4.571428571428571
1653,92,67,0.7528089887640449,0.5877192982456141,4.563230769230769
1654,124,73,0.8202247191011236,0.5214285714285715,4.68312447786132
1655,81,63,0.7078651685393258,0.5887850467289719,4.5541110387495936
1656,89,66,0.7415730337078652,0.5892857142857143,4.55
1657,96,71,0.797752808988764,0.6228070175438597,4.6
1658,115,67,0.7528089887640449,0.48905109489051096,4.625
1659,94,67,0.7528089887640449,0.5775862068965517,4.579541595925297
1660,101,72,0.8089887640449438,0.6101694915254238,4.563944281524926
1661,93,70,0.7865168539325843,0.625,4.518206896551725
1662,113,70,0.7865168539325843,0.5303030303030303,4.64906045751634
1663,133,71,0.797752808988764,0.47019867549668876,4.689182692307693
1664,107,71,0.797752808988764,0.568,4.666666666666667
1665,100,70,0.7865168539325843,0.5882352941176471,4.5584999999999996
1666,90,68,0.7640449438202247,0.6126126126126126,4.552692307692308
1667,84,65,0.7303370786516854,0.6018518518518519,4.583333333333333
1668,83,72,0.8089887640449438,0.72,4.482755453501722
1669,86,65,0.7303370786516854,0.5909090909090909,4.5445855614973265
1670,109,70,0.7865168539325843,0.546875,4.641
1671,115,75,0.8426966292134831,0.5813953488372093,4.547045454545455
1672,102,71,0.797752808988764,0.5916666666666667,4.5740601503759395
1673,95,67,0.7528089887640449,0.5726495726495726,4.575491898148148
1674,84,66,0.7415730337078652,0.616822429906542,4.526315789473684
1675,95,65,0.7303370786516854,0.5462184873949579,4.521076923076923
1676,104,65,0.7303370786516854,0.5078125,4.666666666666667
1677,128,83,0.9325842696629213,0.6194029850746269,4.7
1678,74,62,0.6966292134831461,0.6138613861386139,4.455237154150197
1679,115,73,0.8202247191011236,0.5572519083969466,4.643663594470047
1680,92,68,0.7640449438202247,0.6017699115044248,4.552607709750567
1681,63,57,0.6404494382022472,0.6,4.4
1682,93,71,0.797752808988764,0.6396396396396397,4.5375356125356126
1683,120,81,0.9101123595505618,0.6328125,4.668489583333334
1684,101,69,0.7752808988764045,0.5702479338842975,4.578947368421052
1685,85,64,0.7191011235955056,0.5818181818181818,4.5625
1686,102,72,0.8089887640449438,0.6050420168067226,4.585176390773405
1687,100,68,0.7640449438202247,0.5619834710743802,4.585049019607843
1688,109,73,0.8202247191011236,0.584,4.631578947368421
1689,138,79,0.8876404494382022,0.5337837837837838,4.71159420289855
1690,123,82,0.9213483146067416,0.6307692307692307,4.682655502392344
1691,104,72,0.8089887640449438,0.5950413223140496,4.6010294117647055
1692,85,64,0.7191011235955056,0.5818181818181818,4.537103174603175
1693,108,75,0.8426966292134831,0.6147540983606558,4.583333333333333
1694,106,67,0.7528089887640449,0.5234375,4.611111111111111
1695,105,76,0.8539325842696629,0.6440677966101694,4.554444444444444
1696,70,58,0.651685393258427,0.5742574257425742,4.447678571428572
1697,82,64,0.7191011235955056,0.5981308411214953,4.555555555555555
1698,99,68,0.7640449438202247,0.5666666666666667,4.604563492063492
1699,124,69,0.7752808988764045,0.4791666666666667,4.7
1700,109,70,0.7865168539325843,0.546875,4.592260403530895
1701,82,65,0.7303370786516854,0.6132075471698113,4.555555555555555
1702,103,72,0.8089887640449438,0.6,4.625
1703,118,80,0.898876404494382,0.6299212598425197,4.644327731092438
1704,92,64,0.7191011235955056,0.5470085470085471,4.588235294117647
1705,107,72,0.8089887640449438,0.5806451612903226,4.580978260869565
1706,99,71,0.797752808988764,0.6068376068376068,4.536675824175824
1707,91,73,0.8202247191011236,0.6822429906542056,4.530784313725491
1708,110,68,0.7640449438202247,0.5190839694656488,4.65
1709,107,76,0.8539325842696629,0.6333333333333333,4.598059701492537
1710,69,57,0.6404494382022472,0.5643564356435643,4.451767565178965
1711,115,77,0.8651685393258427,0.6062992125984252,4.6078216171158655
1712,90,70,0.7865168539325843,0.6422018348623854,4.505303030303031
1713,91,65,0.7303370786516854,0.5652173913043478,4.5154936461388075
1714,137,83,0.9325842696629213,0.5804195804195804,4.772222222222222
1715,102,74,0.8314606741573034,0.6324786324786325,4.553399668325041
1716,124,75,0.8426966292134831,0.5434782608695652,4.687647967061245
1717,99,71,0.797752808988764,0.6068376068376068,4.596231884057971
1718,96,70,0.7865168539325843,0.6086956521739131,4.540350877192982
1719,115,71,0.797752808988764,0.5338345864661654,4.6923076923076925
1720,126,79,0.8876404494382022,0.5808823529411765,4.692741935483871
1721,94,69,0.7752808988764045,0.6052631578947368,4.531363636363636
1722,97,70,0.7865168539325843,0.603448275862069,4.612606837606838
1723,97,66,0.7415730337078652,0.55,4.608657361249584
1724,124,75,0.8426966292134831,0.5434782608695652,4.666666666666667
1725,101,71,0.797752808988764,0.5966386554621849,4.546054888507719
1726,110,74,0.8314606741573034,0.592,4.668489583333334
1727,100,70,0.7865168539325843,0.5882352941176471,4.597903225806451
1728,126,76,0.8539325842696629,0.5467625899280576,4.688693181818182
1729,110,81,0.9101123595505618,0.6864406779661016,4.647058823529412
1730,93,66,0.7415730337078652,0.5689655172413793,4.5784090909090915
1731,106,73,0.8202247191011236,0.5983606557377049,4.573529411764706
1732,95,76,0.8539325842696629,0.7037037037037037,4.604741379310345
1733,99,69,0.7752808988764045,0.5798319327731093,4.511943573667712
1734,83,64,0.7191011235955056,0.5925925925925926,4.5
1735,88,70,0.7865168539325843,0.6542056074766355,4.482799389778795
1736,78,64,0.7191011235955056,0.6213592233009708,4.539344262295082
1737,112,73,0.8202247191011236,0.5703125,4.650760869565218
1738,92,66,0.7415730337078652,0.5739130434782609,4.583333333333333
1739,119,79,0.8876404494382022,0.6124031007751938,4.636363636363637
1740,83,60,0.6741573033707865,0.5357142857142857,4.5
1741,142,85,0.9550561797752809,0.5821917808219178,4.722222222222222
1742,120,78,0.8764044943820225,0.5954198473282443,4.666666666666667
1743,115,76,0.8539325842696629,0.59375,4.588235294117647
1744,125,72,0.8089887640449438,0.5070422535211268,4.777777777777778
1745,117,73,0.8202247191011236,0.5488721804511278,4.6834656084656086
1746,118,75,0.8426966292134831,0.5681818181818182,4.684210526315789
1747,110,74,0.8314606741573034,0.592,4.631849845201239
1748,114,69,0.7752808988764045,0.5149253731343284,4.685489510489511
1749,92,65,0.7303370786516854,0.5603448275862069,4.5343478260869565
1750,91,68,0.7640449438202247,0.6071428571428571,4.533930704898447
1751,84,64,0.7191011235955056,0.5871559633027523,4.5
1752,120,81,0.9101123595505618,0.6328125,4.647058823529412
1753,96,71,0.797752808988764,0.6228070175438597,4.5154936461388075
1754,97,66,0.7415730337078652,0.55,4.565898767034393
1755,115,76,0.8539325842696629,0.59375,4.636363636363637
1756,100,72,0.8089887640449438,0.6153846153846154,4.609982638888889
1757,99,71,0.797752808988764,0.6068376068376068,4.558998005982054
1758,103,68,0.7640449438202247,0.5483870967741935,4.604829545454546
1759,108,75,0.8426966292134831,0.6147540983606558,4.638164665523156
1760,116,76,0.8539325842696629,0.5891472868217055,4.6875
1761,90,69,0.7752808988764045,0.6272727272727273,4.557111111111111
1762,120,74,0.8314606741573034,0.5481481481481482,4.707005347593583
1763,127,71,0.797752808988764,0.4896551724137931,4.702058823529412
1764,72,56,0.6292134831460674,0.5333333333333333,4.458996088657106
1765,101,73,0.8202247191011236,0.6239316239316239,4.555555555555555
1766,111,76,0.8539325842696629,0.6129032258064516,4.645887445887446
1767,99,76,0.8539325842696629,0.6785714285714286,4.538461538461538
1768,111,80,0.898876404494382,0.6666666666666666,4.644327731092438
1769,116,76,0.8539325842696629,0.5891472868217055,4.615384615384615
1770,102,72,0.8089887640449438,0.6050420168067226,4.591124871001032
1771,118,79,0.8876404494382022,0.6171875,4.733697916666666
1772,84,59,0.6629213483146067,0.5175438596491229,4.5
1773,77,52,0.5842696629213483,0.45614035087719296,4.5
1774,80,58,0.651685393258427,0.5225225225225225,4.535128205128205
1775,135,83,0.9325842696629213,0.5886524822695035,4.75
1776,142,76,0.8539325842696629,0.49032258064516127,4.734213836477988
1777,109,73,0.8202247191011236,0.584,4.616666666666666
1778,87,68,0.7640449438202247,0.6296296296296297,4.503181818181818
1779,112,72,0.8089887640449438,0.5581395348837209,4.637406855439643
1780,95,70,0.7865168539325843,0.6140350877192983,4.585049019607843
1781,90,63,0.7078651685393258,0.5431034482758621,4.565898767034393
1782,108,75,0.8426966292134831,0.6147540983606558,4.609541062801933
1783,73,62,0.6966292134831461,0.62,4.5
1784,82,69,0.7752808988764045,0.6764705882352942,4.587628384687208
1785,112,75,0.8426966292134831,0.5952380952380952,4.650275735294118
1786,83,60,0.6741573033707865,0.5357142857142857,4.571428571428571
1787,110,63,0.7078651685393258,0.4632352941176471,4.61875
1788,94,68,0.7640449438202247,0.591304347826087,4.6146703296703295
1789,92,67,0.7528089887640449,0.5877192982456141,4.602295081967213
1790,121,81,0.9101123595505618,0.627906976744186,4.713246268656717
1791,115,68,0.7640449438202247,0.5,4.6416666666666675
1792,128,83,0.9325842696629213,0.6194029850746269,4.619583333333333
1793,104,69,0.7752808988764045,0.5564516129032258,4.644010989010989
1794,115,74,0.8314606741573034,0.5692307692307692,4.659195402298851
1795,81,60,0.6741573033707865,0.5454545454545454,4.520666356011184
1796,96,69,0.7752808988764045,0.5948275862068966,4.626411290322581
1797,98,71,0.797752808988764,0.6120689655172413,4.565268817204301
1798,117,83,0.9325842696629213,0.6747967479674797,4.616901408450704
1799,121,73,0.8202247191011236,0.5328467153284672,4.708823529411765
1800,91,63,0.7078651685393258,0.5384615384615384,4.5
1801,93,76,0.8539325842696629,0.7169811320754716,4.591718027734977
1802,117,76,0.8539325842696629,0.5846153846153846,4.693137254901962
1803,139,75,0.8426966292134831,0.49019607843137253,4.8
1804,116,77,0.8651685393258427,0.6015625,4.658142857142858
1805,102,65,0.7303370786516854,0.5158730158730159,4.604035323049407
1806,84,70,0.7865168539325843,0.6796116504854369,4.517314814814815
1807,100,70,0.7865168539325843,0.5882352941176471,4.612606837606838
1808,88,67,0.7528089887640449,0.6090909090909091,4.533333333333333
1809,118,76,0.8539325842696629,0.5801526717557252,4.706237322515213
1810,128,80,0.898876404494382,0.583941605839416,4.685361842105263
1811,110,76,0.8539325842696629,0.6178861788617886,4.647058823529412
1812,93,72,0.8089887640449438,0.6545454545454545,4.527399380804954
1813,109,70,0.7865168539325843,0.546875,4.695
1814,86,69,0.7752808988764045,0.6509433962264151,4.5740601503759395
1815,97,69,0.7752808988764045,0.5897435897435898,4.5899800598205385
1816,81,65,0.7303370786516854,0.6190476190476191,4.531363636363636
1817,86,62,0.6966292134831461,0.5486725663716814,4.530835459183674
1818,82,67,0.7528089887640449,0.6442307692307693,4.524881911642122
1819,92,74,0.8314606741573034,0.6915887850467289,4.525889266934735
1820,92,69,0.7752808988764045,0.6160714285714286,4.548951612903226
1821,96,71,0.797752808988764,0.6228070175438597,4.605768353853169
1822,84,68,0.7640449438202247,0.6476190476190476,4.54
1823,97,70,0.7865168539325843,0.603448275862069,4.573613789778206
1824,94,68,0.7640449438202247,0.591304347826087,4.645114656031905
1825,115,74,0.8314606741573034,0.5692307692307692,4.631578947368421
1826,106,70,0.7865168539325843,0.56,4.626865671641791
1827,121,79,0.8876404494382022,0.6030534351145038,4.666666666666667
1828,75,56,0.6292134831460674,0.5185185185185185,4.5246867167919795
1829,94,73,0.8202247191011236,0.6636363636363637,4.5625
1830,111,73,0.8202247191011236,0.5748031496062992,4.612606837606838
1831,111,80,0.898876404494382,0.6666666666666666,4.571428571428571
1832,100,72,0.8089887640449438,0.6153846153846154,4.564492753623188
1833,95,72,0.8089887640449438,0.6428571428571429,4.534166666666667
1834,100,73,0.8202247191011236,0.6293103448275862,4.565625
1835,105,79,0.8876404494382022,0.6869565217391305,4.5560335497835505
1836,116,71,0.797752808988764,0.5298507462686567,4.6497076023391815
1837,94,73,0.8202247191011236,0.6636363636363637,4.571428571428571
1838,99,74,0.8314606741573034,0.6491228070175439,4.544417862838916
1839,112,78,0.8764044943820225,0.6341463414634146,4.696513535684988
1840,124,77,0.8651685393258427,0.5661764705882353,4.636363636363637
1841,95,67,0.7528089887640449,0.5726495726495726,4.6
1842,103,74,0.8314606741573034,0.6271186440677966,4.639282038085435
1843,108,75,0.8426966292134831,0.6147540983606558,4.608986928104575
1844,85,68,0.7640449438202247,0.6415094339622641,4.503301886792453
1845,121,77,0.8651685393258427,0.5789473684210527,4.696113306982872
1846,116,73,0.8202247191011236,0.553030303030303,4.638164665523156
1847,104,67,0.7528089887640449,0.5317460317460317,4.6
1848,128,76,0.8539325842696629,0.5390070921985816,4.666666666666667
1849,106,69,0.7752808988764045,0.5476190476190477,4.615384615384615
1850,88,69,0.7752808988764045,0.6388888888888888,4.502692307692308
1851,109,75,0.8426966292134831,0.6097560975609756,4.648088235294118
1852,110,77,0.8651685393258427,0.6311475409836066,4.56126893939394
1853,78,63,0.7078651685393258,0.6057692307692307,4.5211274509803925
1854,111,77,0.8651685393258427,0.6260162601626016,4.61719696969697
1855,100,76,0.8539325842696629,0.672566371681416,4.5725
1856,111,74,0.8314606741573034,0.5873015873015873,4.65462962962963
1857,97,72,0.8089887640449438,0.631578947368421,4.539
1858,89,71,0.797752808988764,0.6635514018691588,4.521739130434782
1859,100,77,0.8651685393258427,0.6875,4.620305480682839
1860,99,71,0.797752808988764,0.6068376068376068,4.666666666666667
1861,112,70,0.7865168539325843,0.5343511450381679,4.6875
1862,105,79,0.8876404494382022,0.6869565217391305,4.5
1863,100,76,0.8539325842696629,0.672566371681416,4.612606837606838
1864,114,74,0.8314606741573034,0.5736434108527132,4.625
1865,103,71,0.797752808988764,0.5867768595041323,4.606597222222223
1866,98,76,0.8539325842696629,0.6846846846846847,4.56126893939394
1867,106,70,0.7865168539325843,0.56,4.593606557377049
1868,119,79,0.8876404494382022,0.6124031007751938,4.6923076923076925
1869,99,69,0.7752808988764045,0.5798319327731093,4.597903225806451
1870,122,72,0.8089887640449438,0.5179856115107914,4.6581156716417915
1871,119,84,0.9438202247191011,0.6774193548387096,4.616666666666666
1872,101,71,0.797752808988764,0.5966386554621849,4.585049019607843
1873,111,72,0.8089887640449438,0.5625,4.642857142857143
1874,108,70,0.7865168539325843,0.5511811023622047,4.678177966101695
1875,111,74,0.8314606741573034,0.5873015873015873,4.616176470588235
1876,106,76,0.8539325842696629,0.6386554621848739,4.590424739195231
1877,128,83,0.9325842696629213,0.6194029850746269,4.676533393911859
1878,113,73,0.8202247191011236,0.5658914728682171,4.625
1879,82,69,0.7752808988764045,0.6764705882352942,4.434782608695652
1880,102,70,0.7865168539325843,0.5785123966942148,4.639792520491803
1881,88,66,0.7415730337078652,0.5945945945945946,4.589171122994652
1882,108,73,0.8202247191011236,0.5887096774193549,4.625
1883,104,69,0.7752808988764045,0.5564516129032258,4.637406855439643
1884,94,71,0.797752808988764,0.6339285714285714,4.577802077638054
1885,101,68,0.7640449438202247,0.5573770491803278,4.591903409090909
1886,72,53,0.5955056179775281,0.49074074074074076,4.473684210526316
1887,64,50,0.5617977528089888,0.4854368932038835,4.386111111111112
1888,115,69,0.7752808988764045,0.5111111111111111,4.621203703703704
1889,107,74,0.8314606741573034,0.6065573770491803,4.6
1890,107,74,0.8314606741573034,0.6065573770491803,4.6
1891,104,69,0.7752808988764045,0.5564516129032258,4.597903225806451
1892,94,68,0.7640449438202247,0.591304347826087,4.590662832929782
1893,101,75,0.8426966292134831,0.6521739130434783,4.631031543052004
1894,65,52,0.5842696629213483,0.5098039215686274,4.4
1895,144,80,0.898876404494382,0.5228758169934641,4.740141398271799
1896,93,69,0.7752808988764045,0.6106194690265486,4.608108108108108
1897,99,68,0.7640449438202247,0.5666666666666667,4.6
1898,109,76,0.8539325842696629,0.6229508196721312,4.659083191850594
1899,115,81,0.9101123595505618,0.6585365853658537,4.636363636363637
1900,86,63,0.7078651685393258,0.5625,4.545454545454546
1901,102,74,0.8314606741573034,0.6324786324786325,4.5943651501635445
1902,80,58,0.651685393258427,0.5225225225225225,4.5117101449275365
1903,122,74,0.8314606741573034,0.5401459854014599,4.684210526315789
1904,118,81,0.9101123595505618,0.6428571428571429,4.6923076923076925
1905,84,64,0.7191011235955056,0.5871559633027523,4.531068171949631
1906,121,76,0.8539325842696629,0.5671641791044776,4.690503314001657
1907,94,74,0.8314606741573034,0.6788990825688074,4.590909090909091
1908,103,73,0.8202247191011236,0.6134453781512605,4.6875
1909,81,68,0.7640449438202247,0.6666666666666666,4.5459517045454545
1910,84,60,0.6741573033707865,0.5309734513274337,4.471160130718954
1911,86,71,0.797752808988764,0.6826923076923077,4.54
1912,83,69,0.7752808988764045,0.6699029126213593,4.4942982456140355
1913,93,68,0.7640449438202247,0.5964912280701754,4.524374495560936
1914,97,71,0.797752808988764,0.6173913043478261,4.605453431372549
1915,67,55,0.6179775280898876,0.5445544554455446,4.449090909090909
1916,97,67,0.7528089887640449,0.5630252100840336,4.557986111111111
1917,80,62,0.6966292134831461,0.5794392523364486,4.529411764705882
1918,111,72,0.8089887640449438,0.5625,4.644327731092438
1919,104,69,0.7752808988764045,0.5564516129032258,4.57734375
1920,89,66,0.7415730337078652,0.5892857142857143,4.542992424242424
1921,92,74,0.8314606741573034,0.6915887850467289,4.593220338983051
1922,89,69,0.7752808988764045,0.6330275229357798,4.615384615384615
1923,92,62,0.6966292134831461,0.5210084033613446,4.633802177858439
1924,96,70,0.7865168539325843,0.6086956521739131,4.555555555555555
1925,86,70,0.7865168539325843,0.6666666666666666,4.572943722943723
1926,68,51,0.5730337078651685,0.4811320754716981,4.397758620689655
1927,80,59,0.6629213483146067,0.5363636363636364,4.6
1928,93,76,0.8539325842696629,0.7169811320754716,4.585049019607843
1929,117,77,0.8651685393258427,0.5968992248062015,4.666666666666667
1930,109,71,0.797752808988764,0.5590551181102362,4.547045454545455
1931,103,69,0.7752808988764045,0.5609756097560976,4.583333333333333
1932,78,57,0.6404494382022472,0.5181818181818182,4.5
1933,93,63,0.7078651685393258,0.5294117647058824,4.549913194444445
1934,77,65,0.7303370786516854,0.6435643564356436,4.492537313432836
1935,103,72,0.8089887640449438,0.6,4.578125
1936,106,72,0.8089887640449438,0.5853658536585366,4.6
1937,90,66,0.7415730337078652,0.584070796460177,4.581586021505377
1938,102,67,0.7528089887640449,0.5403225806451613,4.557986111111111
1939,107,73,0.8202247191011236,0.5934959349593496,4.585744234800838
1940,94,68,0.7640449438202247,0.591304347826087,4.605344742063492
1941,90,70,0.7865168539325843,0.6422018348623854,4.5776315789473685
1942,136,74,0.8314606741573034,0.4900662251655629,4.7281326781326785
1943,125,84,0.9438202247191011,0.6461538461538462,4.633433570256972
1944,91,68,0.7640449438202247,0.6071428571428571,4.545454545454546
1945,91,62,0.6966292134831461,0.5254237288135594,4.583782051282051
1946,118,75,0.8426966292134831,0.5681818181818182,4.689182692307693
1947,84,62,0.6966292134831461,0.5585585585585585,4.507628524046434
1948,90,65,0.7303370786516854,0.5701754385964912,4.508509687034277
1949,98,65,0.7303370786516854,0.5327868852459017,4.598059701492537
1950,125,75,0.8426966292134831,0.539568345323741,4.719444444444445
1951,100,68,0.7640449438202247,0.5619834710743802,4.627788408966649
1952,95,72,0.8089887640449438,0.6428571428571429,4.554444444444444
1953,75,61,0.6853932584269663,0.5922330097087378,4.471671826625387
1954,111,77,0.8651685393258427,0.6260162601626016,4.644327731092438
1955,102,67,0.7528089887640449,0.5403225806451613,4.615384615384615
1956,81,67,0.7528089887640449,0.6504854368932039,4.533333333333333
1957,142,80,0.898876404494382,0.5298013245033113,4.684791666666667
1958,102,70,0.7865168539325843,0.5785123966942148,4.571428571428571
1959,109,79,0.8876404494382022,0.6638655462184874,4.614402173913044
1960,118,72,0.8089887640449438,0.5333333333333333,4.578947368421052
1961,113,80,0.898876404494382,0.6557377049180327,4.685361842105263
1962,103,69,0.7752808988764045,0.5609756097560976,4.666666666666667
1963,95,72,0.8089887640449438,0.6428571428571429,4.604536461277558
1964,66,53,0.5955056179775281,0.5196078431372549,4.35635593220339
1965,112,75,0.8426966292134831,0.5952380952380952,4.666666666666667
1966,118,76,0.8539325842696629,0.5801526717557252,4.675255102040817
1967,112,76,0.8539325842696629,0.608,4.625
1968,126,80,0.898876404494382,0.5925925925925926,4.666666666666667
1969,99,70,0.7865168539325843,0.5932203389830508,4.6146703296703295
1970,84,66,0.7415730337078652,0.616822429906542,4.540983606557377
1971,104,71,0.797752808988764,0.5819672131147541,4.613771712158809
1972,109,71,0.797752808988764,0.5590551181102362,4.685361842105263
1973,102,69,0.7752808988764045,0.5655737704918032,4.616363636363636
1974,88,66,0.7415730337078652,0.5945945945945946,4.6
1975,124,76,0.8539325842696629,0.5547445255474452,4.696694460988684
1976,113,77,0.8651685393258427,0.616,4.67275481111903
1977,99,69,0.7752808988764045,0.5798319327731093,4.550201612903226
1978,92,70,0.7865168539325843,0.6306306306306306,4.571428571428571
1979,115,79,0.8876404494382022,0.632,4.644327731092438
1980,128,81,0.9101123595505618,0.5955882352941176,4.6923076923076925
1981,110,78,0.8764044943820225,0.6446280991735537,4.642164179104478
1982,137,82,0.9213483146067416,0.5694444444444444,4.7704545454545455
1983,80,65,0.7303370786516854,0.625,4.476915113871636
1984,102,71,0.797752808988764,0.5916666666666667,4.673815524193548
1985,84,67,0.7528089887640449,0.6320754716981132,4.491879585125221
1986,132,80,0.898876404494382,0.5673758865248227,4.7125
1987,103,78,0.8764044943820225,0.6842105263157895,4.5222105263157895
1988,101,75,0.8426966292134831,0.6521739130434783,4.6021212121212125
1989,121,69,0.7752808988764045,0.48936170212765956,4.668579234972678
1990,90,68,0.7640449438202247,0.6126126126126126,4.557986111111111
1991,88,68,0.7640449438202247,0.6238532110091743,4.554265873015873
1992,88,66,0.7415730337078652,0.5945945945945946,4.557602339181287
1993,104,65,0.7303370786516854,0.5078125,4.58433908045977
1994,99,72,0.8089887640449438,0.6206896551724138,4.625
1995,86,70,0.7865168539325843,0.6666666666666666,4.58048245614035
1996,91,71,0.797752808988764,0.6513761467889908,4.6101683029453016
1997,100,73,0.8202247191011236,0.6293103448275862,4.625
1998,108,74,0.8314606741573034,0.6016260162601627,4.643199608610568
1999,79,61,0.6853932584269663,0.5700934579439252,4.5
2000,99,72,0.8089887640449438,0.6206896551724138,4.620241379310345
2001,125,76,0.8539325842696629,0.5507246376811594,4.712878787878788
2002,92,62,0.6966292134831461,0.5210084033613446,4.584601449275362
2003,96,75,0.8426966292134831,0.6818181818181818,4.610499058380414
2004,111,73,0.8202247191011236,0.5748031496062992,4.666666666666667
2005,91,68,0.7640449438202247,0.6071428571428571,4.583333333333333
2006,85,63,0.7078651685393258,0.5675675675675675,4.455103668261563
2007,121,75,0.8426966292134831,0.5555555555555556,4.692741935483871
2008,91,70,0.7865168539325843,0.6363636363636364,4.5625
2009,101,69,0.7752808988764045,0.5702479338842975,4.648849104859336
2010,66,54,0.6067415730337079,0.5346534653465347,4.4
2011,111,76,0.8539325842696629,0.6129032258064516,4.621372804163956
2012,111,73,0.8202247191011236,0.5748031496062992,4.629578338156263
2013,145,83,0.9325842696629213,0.5496688741721855,4.737643020594965
2014,114,75,0.8426966292134831,0.5859375,4.690094043887147
2015,107,77,0.8651685393258427,0.6470588235294118,4.559170081967213
2016,93,71,0.797752808988764,0.6396396396396397,4.583333333333333
2017,80,61,0.6853932584269663,0.5648148148148148,4.529411764705882
2018,88,66,0.7415730337078652,0.5945945945945946,4.525770308123249
2019,121,80,0.898876404494382,0.6153846153846154,4.639655172413794
2020,109,78,0.8764044943820225,0.65,4.589166666666666
2021,82,66,0.7415730337078652,0.6285714285714286,4.556111111111111
2022,97,64,0.7191011235955056,0.5245901639344263,4.589760348583878
2023,108,73,0.8202247191011236,0.5887096774193549,4.625
2024,118,82,0.9213483146067416,0.656,4.6
2025,117,73,0.8202247191011236,0.5488721804511278,4.654117647058825
2026,81,68,0.7640449438202247,0.6666666666666666,4.557986111111111
2027,92,72,0.8089887640449438,0.6605504587155964,4.567391304347826
2028,102,62,0.6966292134831461,0.4806201550387597,4.560110294117647
2029,116,75,0.8426966292134831,0.5769230769230769,4.5889103182256505
2030,100,59,0.6629213483146067,0.45384615384615384,4.615384615384615
2031,126,78,0.8764044943820225,0.5693430656934306,4.6913986013986015
2032,103,75,0.8426966292134831,0.6410256410256411,4.547045454545455
2033,110,73,0.8202247191011236,0.5793650793650794,4.638425664217072
2034,116,78,0.8764044943820225,0.6141732283464567,4.636363636363637
2035,77,64,0.7191011235955056,0.6274509803921569,4.470976692563818
2036,107,71,0.797752808988764,0.568,4.614507422402159
2037,75,60,0.6741573033707865,0.5769230769230769,4.470588235294118
2038,102,73,0.8202247191011236,0.6186440677966102,4.6
2039,86,71,0.797752808988764,0.6826923076923077,4.526315789473684
2040,126,71,0.797752808988764,0.4930555555555556,4.684931506849315
2041,90,71,0.797752808988764,0.6574074074074074,4.57279843444227
2042,95,66,0.7415730337078652,0.559322033898305,4.556193078324226
2043,121,73,0.8202247191011236,0.5328467153284672,4.666666666666667
2044,120,80,0.898876404494382,0.6201550387596899,4.666666666666667
2045,96,70,0.7865168539325843,0.6086956521739131,4.611401326699834
2046,92,63,0.7078651685393258,0.5338983050847458,4.579952153110048
2047,117,79,0.8876404494382022,0.6220472440944882,4.654764890282132
2048,83,67,0.7528089887640449,0.638095238095238,4.5377152698048215
2049,108,72,0.8089887640449438,0.576,4.53462962962963
2050,116,74,0.8314606741573034,0.5648854961832062,4.637855113636364
2051,112,73,0.8202247191011236,0.5703125,4.6836403508771935
2052,112,79,0.8876404494382022,0.6475409836065574,4.59168956043956
2053,97,61,0.6853932584269663,0.488,4.60304347826087
2054,73,61,0.6853932584269663,0.6039603960396039,4.444444444444445
2055,86,71,0.797752808988764,0.6826923076923077,4.473684210526316
2056,88,64,0.7191011235955056,0.5663716814159292,4.573772321428572
2057,97,68,0.7640449438202247,0.576271186440678,4.588235294117647
2058,103,64,0.7191011235955056,0.5,4.644327731092438
2059,104,67,0.7528089887640449,0.5317460317460317,4.616666666666666
2060,99,70,0.7865168539325843,0.5932203389830508,4.56
2061,69,56,0.6292134831460674,0.5490196078431373,4.4759394703657005
2062,96,69,0.7752808988764045,0.5948275862068966,4.549410377358491
2063,128,81,0.9101123595505618,0.5955882352941176,4.666666666666667
2064,80,60,0.6741573033707865,0.5504587155963303,4.540350877192982
2065,93,65,0.7303370786516854,0.5555555555555556,4.571428571428571
2066,86,63,0.7078651685393258,0.5625,4.6
2067,113,79,0.8876404494382022,0.6422764227642277,4.666666666666667
2068,109,66,0.7415730337078652,0.5,4.571428571428571
2069,79,64,0.7191011235955056,0.6153846153846154,4.544706559263521
2070,108,74,0.8314606741573034,0.6016260162601627,4.5972340425531915
2071,84,64,0.7191011235955056,0.5871559633027523,4.539583333333334
2072,101,76,0.8539325842696629,0.6666666666666666,4.554444444444444
2073,92,66,0.7415730337078652,0.5739130434782609,4.5246867167919795
2074,99,67,0.7528089887640449,0.5537190082644629,4.560050550104074
2075,103,70,0.7865168539325843,0.5737704918032787,4.596370967741935
2076,99,78,0.8764044943820225,0.7090909090909091,4.572354497354497
2077,131,76,0.8539325842696629,0.5277777777777778,4.734863387978142
2078,123,78,0.8764044943820225,0.582089552238806,4.682655502392344
2079,102,74,0.8314606741573034,0.6324786324786325,4.575491898148148
2080,103,72,0.8089887640449438,0.6,4.629640198511166
2081,87,62,0.6966292134831461,0.543859649122807,4.572248243559719
2082,80,62,0.6966292134831461,0.5794392523364486,4.526315789473684
2083,87,64,0.7191011235955056,0.5714285714285714,4.525194132873167
2084,98,73,0.8202247191011236,0.6403508771929824,4.526819541375873
2085,101,72,0.8089887640449438,0.6101694915254238,4.58433908045977
2086,96,63,0.7078651685393258,0.5163934426229508,4.567391304347826
2087,102,68,0.7640449438202247,0.5528455284552846,4.645114656031905
2088,101,76,0.8539325842696629,0.6666666666666666,4.566037735849057
2089,89,67,0.7528089887640449,0.6036036036036037,4.524374495560936
2090,89,67,0.7528089887640449,0.6036036036036037,4.583333333333333
2091,100,69,0.7752808988764045,0.575,4.554265873015873
2092,92,75,0.8426966292134831,0.7075471698113207,4.545454545454546
2093,120,73,0.8202247191011236,0.5367647058823529,4.666666666666667
2094,131,81,0.9101123595505618,0.5827338129496403,4.714285714285714
2095,113,75,0.8426966292134831,0.5905511811023622,4.6092114959469415
2096,96,70,0.7865168539325843,0.6086956521739131,4.626865671641791
2097,103,76,0.8539325842696629,0.6551724137931034,4.569827586206896
2098,132,84,0.9438202247191011,0.6131386861313869,4.675909090909091
2099,111,79,0.8876404494382022,0.6528925619834711,4.567391304347826
2100,142,79,0.8876404494382022,0.5197368421052632,4.7874584717607975
2101,104,70,0.7865168539325843,0.5691056910569106,4.587628384687208
2102,111,77,0.8651685393258427,0.6260162601626016,4.695250896057348
2103,84,69,0.7752808988764045,0.6634615384615384,4.518607142857143
2104,80,64,0.7191011235955056,0.6095238095238096,4.503181818181818
2105,112,78,0.8764044943820225,0.6341463414634146,4.608933423913044
2106,94,70,0.7865168539325843,0.6194690265486725,4.530055147058824
2107,90,66,0.7415730337078652,0.584070796460177,4.5735412474849095
2108,84,59,0.6629213483146067,0.5175438596491229,4.58433908045977
2109,109,80,0.898876404494382,0.6779661016949152,4.5899800598205385
2110,75,59,0.6629213483146067,0.5619047619047619,4.468427672955975
2111,96,69,0.7752808988764045,0.5948275862068966,4.526277724204435
2112,111,71,0.797752808988764,0.5503875968992248,4.7
2113,109,78,0.8764044943820225,0.65,4.620689655172414
2114,112,66,0.7415730337078652,0.4888888888888889,4.715031982942431
2115,113,80,0.898876404494382,0.6557377049180327,4.606762295081967
2116,110,69,0.7752808988764045,0.5307692307692308,4.650530303030303
2117,116,72,0.8089887640449438,0.5413533834586466,4.654310344827587
2118,109,72,0.8089887640449438,0.5714285714285714,4.576035834266517
2119,62,53,0.5955056179775281,0.5408163265306123,4.376182432432432
2120,71,61,0.6853932584269663,0.6161616161616161,4.5
2121,124,81,0.9101123595505618,0.6136363636363636,4.714285714285714
2122,85,63,0.7078651685393258,0.5675675675675675,4.5
2123,101,74,0.8314606741573034,0.6379310344827587,4.529831932773109
2124,89,68,0.7640449438202247,0.6181818181818182,4.5
2125,82,63,0.7078651685393258,0.5833333333333334,4.534726368159204
2126,78,64,0.7191011235955056,0.6213592233009708,4.5
2127,107,70,0.7865168539325843,0.5555555555555556,4.676051912568306
2128,85,58,0.651685393258427,0.5,4.5
2129,100,73,0.8202247191011236,0.6293103448275862,4.549019607843137
2130,96,67,0.7528089887640449,0.5677966101694916,4.580978260869565
2131,82,65,0.7303370786516854,0.6132075471698113,4.558991228070175
2132,111,74,0.8314606741573034,0.5873015873015873,4.640528301886793
2133,109,72,0.8089887640449438,0.5714285714285714,4.643280871670703
2134,102,80,0.898876404494382,0.7207207207207207,4.5769200211864405
2135,105,80,0.898876404494382,0.7017543859649122,4.587628384687208
2136,107,70,0.7865168539325843,0.5555555555555556,4.722222222222222
2137,93,67,0.7528089887640449,0.5826086956521739,4.561111111111111
2138,80,62,0.6966292134831461,0.5794392523364486,4.466666666666667
2139,80,63,0.7078651685393258,0.5943396226415094,4.540909090909091
2140,101,72,0.8089887640449438,0.6101694915254238,4.61783422459893
2141,100,61,0.6853932584269663,0.4765625,4.644450519409514
2142,115,70,0.7865168539325843,0.5223880597014925,4.648088235294118
2143,83,62,0.6966292134831461,0.5636363636363636,4.529411764705882
2144,136,77,0.8651685393258427,0.5202702702702703,4.7475746268656716
2145,104,64,0.7191011235955056,0.49612403100775193,4.644327731092438
2146,120,77,0.8651685393258427,0.5833333333333334,4.681818181818182
2147,127,78,0.8764044943820225,0.5652173913043478,4.706445868945869
2148,104,74,0.8314606741573034,0.6218487394957983,4.583333333333333
2149,102,66,0.7415730337078652,0.528,4.633253588516747
2150,89,65,0.7303370786516854,0.5752212389380531,4.52408274785324
2151,124,76,0.8539325842696629,0.5547445255474452,4.611126298523784
2152,79,63,0.7078651685393258,0.6,4.590503830972835
2153,119,78,0.8764044943820225,0.6,4.695652173913044
2154,137,76,0.8539325842696629,0.5066666666666667,4.785714285714286
2155,80,61,0.6853932584269663,0.5648148148148148,4.525770308123249
2156,91,67,0.7528089887640449,0.5929203539823009,4.591124871001032
2157,96,66,0.7415730337078652,0.5546218487394958,4.5721638655462185
2158,85,69,0.7752808988764045,0.6571428571428571,4.533875968992248
2159,78,61,0.6853932584269663,0.5754716981132075,4.506481481481482
2160,111,72,0.8089887640449438,0.5625,4.666666666666667
2161,94,66,0.7415730337078652,0.5641025641025641,4.5362739872068225
2162,104,73,0.8202247191011236,0.6083333333333333,4.617734741784037
2163,102,74,0.8314606741573034,0.6324786324786325,4.640626865671641
2164,86,64,0.7191011235955056,0.5765765765765766,4.523333333333333
2165,112,73,0.8202247191011236,0.5703125,4.61001031991744
2166,134,83,0.9325842696629213,0.5928571428571429,4.714285714285714
2167,86,66,0.7415730337078652,0.6055045871559633,4.5512500000000005
2168,113,78,0.8764044943820225,0.6290322580645161,4.614507422402159
2169,128,85,0.9550561797752809,0.6439393939393939,4.672413793103448
2170,148,83,0.9325842696629213,0.538961038961039,4.774777530589544
2171,116,79,0.8876404494382022,0.626984126984127,4.579191919191919
2172,103,73,0.8202247191011236,0.6134453781512605,4.625
2173,121,73,0.8202247191011236,0.5328467153284672,4.702058823529412
2174,111,71,0.797752808988764,0.5503875968992248,4.608151183970856
2175,93,68,0.7640449438202247,0.5964912280701754,4.571428571428571
2176,108,74,0.8314606741573034,0.6016260162601627,4.6399046434494196
2177,104,74,0.8314606741573034,0.6218487394957983,4.621712407089766
2178,109,75,0.8426966292134831,0.6097560975609756,4.6376984126984135
2179,120,77,0.8651685393258427,0.5833333333333334,4.643663594470047
2180,109,74,0.8314606741573034,0.5967741935483871,4.638636363636365
2181,75,65,0.7303370786516854,0.6565656565656566,4.444444444444445
2182,115,70,0.7865168539325843,0.5223880597014925,4.666666666666667
2183,104,74,0.8314606741573034,0.6218487394957983,4.582367149758454
2184,93,68,0.7640449438202247,0.5964912280701754,4.61231884057971
2185,89,65,0.7303370786516854,0.5752212389380531,4.575937339496662
2186,98,73,0.8202247191011236,0.6403508771929824,4.557323232323232
2187,108,73,0.8202247191011236,0.5887096774193549,4.612606837606838
2188,96,64,0.7191011235955056,0.5289256198347108,4.583333333333333
2189,81,61,0.6853932584269663,0.5596330275229358,4.552370689655173
2190,97,66,0.7415730337078652,0.55,4.615833333333333
2191,97,64,0.7191011235955056,0.5245901639344263,4.6380594277329426
2192,147,78,0.8764044943820225,0.4936708860759494,4.809523809523809
2193,113,73,0.8202247191011236,0.5658914728682171,4.666666666666667
2194,85,64,0.7191011235955056,0.5818181818181818,4.433517156862745
2195,94,73,0.8202247191011236,0.6636363636363637,4.5740601503759395
2196,95,70,0.7865168539325843,0.6140350877192983,4.571428571428571
2197,103,67,0.7528089887640449,0.536,4.6
2198,102,69,0.7752808988764045,0.5655737704918032,4.590909090909091
2199,100,71,0.797752808988764,0.6016949152542372,4.571428571428571
2200,135,83,0.9325842696629213,0.5886524822695035,4.7312698412698415
2201,97,71,0.797752808988764,0.6173913043478261,4.5964912280701755
2202,90,67,0.7528089887640449,0.5982142857142857,4.5
2203,95,71,0.797752808988764,0.6283185840707964,4.538461538461538
2204,94,66,0.7415730337078652,0.5641025641025641,4.58252487562189
2205,81,64,0.7191011235955056,0.6037735849056604,4.434126984126984
2206,101,69,0.7752808988764045,0.5702479338842975,4.635227272727273
2207,103,72,0.8089887640449438,0.6,4.6
2208,107,78,0.8764044943820225,0.6610169491525424,4.650760869565218
2209,102,73,0.8202247191011236,0.6186440677966102,4.571428571428571
2210,120,75,0.8426966292134831,0.5597014925373134,4.648088235294118
2211,80,59,0.6629213483146067,0.5363636363636364,4.467292089249493
2212,109,77,0.8651685393258427,0.6363636363636364,4.583333333333333
2213,97,69,0.7752808988764045,0.5897435897435898,4.62015873015873
2214,89,70,0.7865168539325843,0.6481481481481481,4.590909090909091
2215,108,78,0.8764044943820225,0.6554621848739496,4.607686335403726
2216,104,78,0.8764044943820225,0.6782608695652174,4.5
2217,110,68,0.7640449438202247,0.5190839694656488,4.625
2218,114,76,0.8539325842696629,0.5984251968503937,4.637719298245615
2219,120,79,0.8876404494382022,0.6076923076923076,4.723476702508961
2220,123,83,0.9325842696629213,0.6434108527131783,4.6790714285714285
2221,100,65,0.7303370786516854,0.5241935483870968,4.581586021505377
2222,94,66,0.7415730337078652,0.5641025641025641,4.586979166666667
2223,130,79,0.8876404494382022,0.5642857142857143,4.730395480225988
2224,136,81,0.9101123595505618,0.5625,4.721160130718954
2225,92,61,0.6853932584269663,0.5083333333333333,4.598059701492537
2226,83,59,0.6629213483146067,0.5221238938053098,4.562864877589455
2227,93,66,0.7415730337078652,0.5689655172413793,4.560434322033899
2228,56,50,0.5617977528089888,0.5263157894736842,4.378365384615385
2229,107,74,0.8314606741573034,0.6065573770491803,4.6537500000000005
2230,92,77,0.8651685393258427,0.7403846153846154,4.573772321428572
2231,113,79,0.8876404494382022,0.6422764227642277,4.6
2232,120,73,0.8202247191011236,0.5367647058823529,4.666666666666667
2233,130,72,0.8089887640449438,0.4897959183673469,4.689182692307693
2234,84,68,0.7640449438202247,0.6476190476190476,4.502868852459017
2235,108,71,0.797752808988764,0.5634920634920635,4.623822463768116
2236,125,79,0.8876404494382022,0.5851851851851851,4.70880376344086
2237,100,75,0.8426966292134831,0.6578947368421053,4.532770562770563
2238,76,52,0.5842696629213483,0.46017699115044247,4.464461770623743
2239,86,73,0.8202247191011236,0.7156862745098039,4.55
2240,93,66,0.7415730337078652,0.5689655172413793,4.56373820754717
2241,90,67,0.7528089887640449,0.5982142857142857,4.5
2242,124,82,0.9213483146067416,0.6259541984732825,4.662797619047619
2243,124,74,0.8314606741573034,0.5323741007194245,4.663172043010753
2244,112,74,0.8314606741573034,0.5826771653543307,4.687858606557377
2245,98,73,0.8202247191011236,0.6403508771929824,4.566529235382308
2246,99,72,0.8089887640449438,0.6206896551724138,4.650760869565218
2247,111,73,0.8202247191011236,0.5748031496062992,4.609653072033899
2248,87,67,0.7528089887640449,0.6146788990825688,4.585984848484848
2249,105,71,0.797752808988764,0.5772357723577236,4.583883647798742
2250,93,72,0.8089887640449438,0.6545454545454545,4.59016544117647
2251,108,73,0.8202247191011236,0.5887096774193549,4.618894830659536
2252,94,68,0.7640449438202247,0.591304347826087,4.5108618052014275
2253,89,67,0.7528089887640449,0.6036036036036037,4.535555555555556
2254,136,76,0.8539325842696629,0.5100671140939598,4.727812018489985
2255,84,62,0.6966292134831461,0.5585585585585585,4.569058355437665
2256,95,75,0.8426966292134831,0.6880733944954128,4.515151515151516
2257,125,77,0.8651685393258427,0.5620437956204379,4.705882352941177
2258,73,55,0.6179775280898876,0.514018691588785,4.556111111111111
2259,119,79,0.8876404494382022,0.6124031007751938,4.650530303030303
2260,72,58,0.651685393258427,0.5631067961165048,4.398219178082192
2261,114,78,0.8764044943820225,0.624,4.616666666666666
2262,107,71,0.797752808988764,0.568,4.61719696969697
2263,72,55,0.6179775280898876,0.5188679245283019,4.491124807395994
2264,96,74,0.8314606741573034,0.6666666666666666,4.564189723320158
2265,67,58,0.651685393258427,0.5918367346938775,4.454545454545454
2266,80,63,0.7078651685393258,0.5943396226415094,4.5
2267,104,73,0.8202247191011236,0.6083333333333333,4.571428571428571
2268,125,83,0.9325842696629213,0.6335877862595419,4.685361842105263
2269,96,65,0.7303370786516854,0.5416666666666666,4.494672131147541
2270,83,58,0.651685393258427,0.5087719298245614,4.5
2271,84,68,0.7640449438202247,0.6476190476190476,4.50343137254902
2272,99,65,0.7303370786516854,0.5284552845528455,4.636363636363637
2273,101,71,0.797752808988764,0.5966386554621849,4.579541595925297
2274,88,71,0.797752808988764,0.6698113207547169,4.482033898305085
2275,122,78,0.8764044943820225,0.5864661654135338,4.666666666666667
2276,134,80,0.898876404494382,0.5594405594405595,4.7
2277,103,66,0.7415730337078652,0.5238095238095238,4.627302631578948
2278,92,69,0.7752808988764045,0.6160714285714286,4.6
2279,97,73,0.8202247191011236,0.6460176991150443,4.526650717703349
2280,111,72,0.8089887640449438,0.5625,4.666666666666667
2281,78,57,0.6404494382022472,0.5181818181818182,4.468529199711608
2282,82,65,0.7303370786516854,0.6132075471698113,4.571428571428571
2283,103,68,0.7640449438202247,0.5483870967741935,4.6025
2284,79,60,0.6741573033707865,0.5555555555555556,4.525194132873167
2285,106,77,0.8651685393258427,0.652542372881356,4.588517324738114
2286,132,79,0.8876404494382022,0.5563380281690141,4.698030303030303
2287,138,76,0.8539325842696629,0.5033112582781457,4.722222222222222
2288,103,69,0.7752808988764045,0.5609756097560976,4.582693947144075
2289,96,70,0.7865168539325843,0.6086956521739131,4.5
2290,111,76,0.8539325842696629,0.6129032258064516,4.615384615384615
2291,83,70,0.7865168539325843,0.6862745098039216,4.5
2292,100,71,0.797752808988764,0.6016949152542372,4.63219298245614
2293,131,73,0.8202247191011236,0.4965986394557823,4.757941483803553
2294,75,53,0.5955056179775281,0.4774774774774775,4.502868852459017
2295,91,71,0.797752808988764,0.6513761467889908,4.55
2296,98,66,0.7415730337078652,0.5454545454545454,4.625652985074627
2297,107,76,0.8539325842696629,0.6333333333333333,4.5858823529411765
2298,130,81,0.9101123595505618,0.5869565217391305,4.759408602150538
2299,111,67,0.7528089887640449,0.5037593984962406,4.642857142857143
2300,104,71,0.797752808988764,0.5819672131147541,4.6
2301,125,77,0.8651685393258427,0.5620437956204379,4.694284712482468
2302,94,65,0.7303370786516854,0.5508474576271186,4.5510366826156305
2303,98,59,0.6629213483146067,0.4609375,4.645114656031905
2304,89,69,0.7752808988764045,0.6330275229357798,4.5403769841269845
2305,105,76,0.8539325842696629,0.6440677966101694,4.591124871001032
2306,102,67,0.7528089887640449,0.5403225806451613,4.642164179104478
2307,68,54,0.6067415730337079,0.5242718446601942,4.428571428571429
2308,100,76,0.8539325842696629,0.672566371681416,4.601111111111111
2309,95,69,0.7752808988764045,0.6,4.531979166666667
2310,118,76,0.8539325842696629,0.5801526717557252,4.597719298245614
2311,116,80,0.898876404494382,0.64,4.61875
2312,106,79,0.8876404494382022,0.6810344827586207,4.6
2313,101,76,0.8539325842696629,0.6666666666666666,4.601320754716981
2314,89,69,0.7752808988764045,0.6330275229357798,4.541441176470588
2315,111,70,0.7865168539325843,0.5384615384615384,4.666666666666667
2316,100,64,0.7191011235955056,0.512,4.596370967741935
2317,126,75,0.8426966292134831,0.5357142857142857,4.718158914728683
2318,122,82,0.9213483146067416,0.6356589147286822,4.5943651501635445
2319,77,61,0.6853932584269663,0.580952380952381,4.418415984593163
2320,108,74,0.8314606741573034,0.6016260162601627,4.646854838709678
2321,98,73,0.8202247191011236,0.6403508771929824,4.5720646766169155
2322,103,74,0.8314606741573034,0.6271186440677966,4.620496894409937
2323,84,60,0.6741573033707865,0.5309734513274337,4.562897727272727
2324,156,83,0.9325842696629213,0.5123456790123457,4.784166666666667
2325,90,67,0.7528089887640449,0.5982142857142857,4.5222105263157895
2326,119,79,0.8876404494382022,0.6124031007751938,4.6836403508771935
2327,106,76,0.8539325842696629,0.6386554621848739,4.6
2328,90,62,0.6966292134831461,0.5299145299145299,4.585049019607843
2329,115,68,0.7640449438202247,0.5,4.610819327731092
2330,114,73,0.8202247191011236,0.5615384615384615,4.660476190476191
2331,117,75,0.8426966292134831,0.5725190839694656,4.6569061583577716
2332,107,66,0.7415730337078652,0.5076923076923077,4.666666666666667
2333,103,70,0.7865168539325843,0.5737704918032787,4.625
2334,82,63,0.7078651685393258,0.5833333333333334,4.5
2335,99,72,0.8089887640449438,0.6206896551724138,4.627070529704419
2336,77,63,0.7078651685393258,0.6116504854368932,4.477391304347826
2337,102,75,0.8426966292134831,0.646551724137931,4.55
2338,108,70,0.7865168539325843,0.5511811023622047,4.586916835699797
2339,97,73,0.8202247191011236,0.6460176991150443,4.522942920681986
2340,95,69,0.7752808988764045,0.6,4.538461538461538
2341,118,78,0.8764044943820225,0.6046511627906976,4.668910256410257
2342,88,64,0.7191011235955056,0.5663716814159292,4.555555555555555
2343,80,66,0.7415730337078652,0.6407766990291263,4.508690292758089
2344,130,73,0.8202247191011236,0.5,4.6923076923076925
2345,120,80,0.898876404494382,0.6201550387596899,4.666666666666667
2346,85,60,0.6741573033707865,0.5263157894736842,4.581586021505377
2347,102,72,0.8089887640449438,0.6050420168067226,4.565217391304348
2348,118,76,0.8539325842696629,0.5801526717557252,4.666666666666667
2349,100,74,0.8314606741573034,0.6434782608695652,4.567391304347826
2350,131,78,0.8764044943820225,0.5492957746478874,4.692741935483871
2351,76,64,0.7191011235955056,0.6336633663366337,4.4746323529411764
2352,107,70,0.7865168539325843,0.5555555555555556,4.670098039215687
2353,118,80,0.898876404494382,0.6299212598425197,4.626175548589342
2354,113,65,0.7303370786516854,0.4744525547445255,4.625
2355,100,67,0.7528089887640449,0.5491803278688525,4.563958333333334
2356,92,67,0.7528089887640449,0.5877192982456141,4.524881911642122
2357,84,65,0.7303370786516854,0.6018518518518519,4.568918918918919
2358,84,67,0.7528089887640449,0.6320754716981132,4.5202137002341924
2359,102,69,0.7752808988764045,0.5655737704918032,4.640625
2360,85,66,0.7415730337078652,0.6111111111111112,4.547045454545455
2361,148,82,0.9213483146067416,0.5290322580645161,4.805409663865547
2362,92,70,0.7865168539325843,0.6306306306306306,4.528771929824561
2363,108,75,0.8426966292134831,0.6147540983606558,4.633253588516747
2364,96,71,0.797752808988764,0.6228070175438597,4.5740601503759395
2365,105,72,0.8089887640449438,0.5901639344262295,4.642857142857143
2366,107,69,0.7752808988764045,0.5433070866141733,4.6321153846153855
2367,106,71,0.797752808988764,0.5725806451612904,4.625
2368,88,70,0.7865168539325843,0.6542056074766355,4.5735412474849095
2369,114,76,0.8539325842696629,0.5984251968503937,4.657246376811595
2370,80,66,0.7415730337078652,0.6407766990291263,4.53125
2371,102,73,0.8202247191011236,0.6186440677966102,4.637406855439643
2372,86,64,0.7191011235955056,0.5765765765765766,4.558383838383838
2373,117,75,0.8426966292134831,0.5725190839694656,4.634722222222223
2374,91,66,0.7415730337078652,0.5789473684210527,4.6
2375,126,81,0.9101123595505618,0.6044776119402985,4.724545454545455
2376,89,67,0.7528089887640449,0.6036036036036037,4.559375
2377,112,77,0.8651685393258427,0.6209677419354839,4.636363636363637
2378,78,62,0.6966292134831461,0.5904761904761905,4.5
2379,101,76,0.8539325842696629,0.6666666666666666,4.545454545454546
2380,106,73,0.8202247191011236,0.5983606557377049,4.666666666666667
2381,95,71,0.797752808988764,0.6283185840707964,4.56158064516129
2382,101,76,0.8539325842696629,0.6666666666666666,4.612673474731605
2383,114,71,0.797752808988764,0.5378787878787878,4.618137254901961
2384,85,63,0.7078651685393258,0.5675675675675675,4.5202137002341924
2385,109,76,0.8539325842696629,0.6229508196721312,4.682655502392344
2386,100,70,0.7865168539325843,0.5882352941176471,4.558088235294117
2387,99,71,0.797752808988764,0.6068376068376068,4.589853896103897
2388,85,62,0.6966292134831461,0.5535714285714286,4.547045454545455
2389,118,77,0.8651685393258427,0.5923076923076923,4.700614035087719
2390,113,76,0.8539325842696629,0.6031746031746031,4.642857142857143
2391,100,66,0.7415730337078652,0.5365853658536586,4.566197183098592
2392,104,79,0.8876404494382022,0.6929824561403509,4.559322033898305
2393,85,60,0.6741573033707865,0.5263157894736842,4.609541062801933
2394,79,67,0.7528089887640449,0.6633663366336634,4.4921489621489625
2395,102,74,0.8314606741573034,0.6324786324786325,4.583333333333333
2396,91,68,0.7640449438202247,0.6071428571428571,4.538461538461538
2397,91,68,0.7640449438202247,0.6071428571428571,4.591133162612036
2398,107,69,0.7752808988764045,0.5433070866141733,4.6923076923076925
2399,88,67,0.7528089887640449,0.6090909090909091,4.458996088657106
2400,103,71,0.797752808988764,0.5867768595041323,4.566410912190963
2401,143,71,0.797752808988764,0.4409937888198758,4.75
2402,99,72,0.8089887640449438,0.6206896551724138,4.55805779383162
2403,104,71,0.797752808988764,0.5819672131147541,4.643916879498491
2404,92,73,0.8202247191011236,0.6759259259259259,4.505833333333333
2405,126,78,0.8764044943820225,0.5693430656934306,4.680676100628931
2406,99,68,0.7640449438202247,0.5666666666666667,4.552581967213115
2407,93,60,0.6741573033707865,0.4918032786885246,4.5625
2408,83,71,0.797752808988764,0.7029702970297029,4.476190476190476
2409,110,72,0.8089887640449438,0.5669291338582677,4.666666666666667
2410,124,77,0.8651685393258427,0.5661764705882353,4.7063845050215205
2411,130,77,0.8651685393258427,0.5422535211267606,4.728496503496504
2412,102,78,0.8764044943820225,0.6902654867256637,4.630537634408602
2413,81,59,0.6629213483146067,0.5315315315315315,4.555555555555555
2414,113,65,0.7303370786516854,0.4744525547445255,4.694915254237288
2415,129,83,0.9325842696629213,0.6148148148148148,4.723989898989899
2416,106,68,0.7640449438202247,0.5354330708661418,4.616666666666666
2417,91,69,0.7752808988764045,0.6216216216216216,4.520142602495544
2418,92,65,0.7303370786516854,0.5603448275862069,4.5398305084745765
2419,66,56,0.6292134831460674,0.5656565656565656,4.4105110896817745
2420,87,59,0.6629213483146067,0.5042735042735043,4.544117647058823
2421,107,70,0.7865168539325843,0.5555555555555556,4.6236680327868855
2422,75,60,0.6741573033707865,0.5769230769230769,4.537214285714286
2423,129,81,0.9101123595505618,0.5912408759124088,4.670833333333334
2424,122,77,0.8651685393258427,0.5746268656716418,4.706515837104073
2425,97,69,0.7752808988764045,0.5897435897435898,4.529411764705882
2426,113,70,0.7865168539325843,0.5303030303030303,4.655142045454546
2427,85,56,0.6292134831460674,0.4745762711864407,4.507487922705314
2428,122,77,0.8651685393258427,0.5746268656716418,4.656413246268657
2429,81,62,0.6966292134831461,0.5740740740740741,4.533735632183908
2430,91,73,0.8202247191011236,0.6822429906542056,4.495
2431,94,75,0.8426966292134831,0.6944444444444444,4.583333333333333
2432,92,64,0.7191011235955056,0.5470085470085471,4.495422535211268
2433,86,65,0.7303370786516854,0.5909090909090909,4.540909090909091
2434,112,79,0.8876404494382022,0.6475409836065574,4.666666666666667
2435,78,62,0.6966292134831461,0.5904761904761905,4.459899117276167
2436,91,71,0.797752808988764,0.6513761467889908,4.472275795564127
2437,86,66,0.7415730337078652,0.6055045871559633,4.535128205128205
2438,112,76,0.8539325842696629,0.608,4.637636363636364
2439,98,67,0.7528089887640449,0.5583333333333333,4.554545454545456
2440,83,64,0.7191011235955056,0.5925925925925926,4.508228905597327
2441,72,59,0.6629213483146067,0.5784313725490197,4.476644736842106
2442,89,70,0.7865168539325843,0.6481481481481481,4.484213098729227
2443,94,72,0.8089887640449438,0.6486486486486487,4.548705134029986
2444,93,66,0.7415730337078652,0.5689655172413793,4.523333333333333
2445,93,62,0.6966292134831461,0.5166666666666667,4.598059701492537
2446,92,73,0.8202247191011236,0.6759259259259259,4.527399380804954
2447,111,67,0.7528089887640449,0.5037593984962406,4.615384615384615
2448,87,64,0.7191011235955056,0.5714285714285714,4.571428571428571
2449,104,70,0.7865168539325843,0.5691056910569106,4.625
2450,120,79,0.8876404494382022,0.6076923076923076,4.682134433962264
2451,114,77,0.8651685393258427,0.6111111111111112,4.648088235294118
2452,86,68,0.7640449438202247,0.6355140186915887,4.5733516483516485
2453,92,64,0.7191011235955056,0.5470085470085471,4.576586174242425
2454,83,67,0.7528089887640449,0.638095238095238,4.503070175438597
2455,97,67,0.7528089887640449,0.5630252100840336,4.611111111111111
2456,114,71,0.797752808988764,0.5378787878787878,4.616363636363636
2457,96,67,0.7528089887640449,0.5677966101694916,4.597903225806451
2458,115,78,0.8764044943820225,0.6190476190476191,4.641
2459,100,73,0.8202247191011236,0.6293103448275862,4.607387955182072
2460,118,79,0.8876404494382022,0.6171875,4.643663594470047
2461,79,62,0.6966292134831461,0.5849056603773585,4.558959359605912
2462,74,54,0.6067415730337079,0.4954128440366973,4.470588235294118
2463,88,68,0.7640449438202247,0.6238532110091743,4.580931174089068
2464,115,77,0.8651685393258427,0.6062992125984252,4.684932920536636
2465,111,80,0.898876404494382,0.6666666666666666,4.594090909090909
2466,123,73,0.8202247191011236,0.5251798561151079,4.645508684863524
2467,121,78,0.8764044943820225,0.5909090909090909,4.684210526315789
2468,106,72,0.8089887640449438,0.5853658536585366,4.666666666666667
2469,119,75,0.8426966292134831,0.5639097744360902,4.625741525423729
2470,99,68,0.7640449438202247,0.5666666666666667,4.5731234866828085
2471,127,81,0.9101123595505618,0.6,4.75
2472,131,75,0.8426966292134831,0.5172413793103449,4.769230769230769
2473,130,80,0.898876404494382,0.5755395683453237,4.690583554376658
2474,100,76,0.8539325842696629,0.672566371681416,4.592352941176471
2475,112,67,0.7528089887640449,0.5,4.625
2476,113,68,0.7640449438202247,0.5074626865671642,4.685361842105263
2477,115,81,0.9101123595505618,0.6585365853658537,4.686703431372549
2478,129,77,0.8651685393258427,0.5460992907801419,4.7193704600484265
2479,100,70,0.7865168539325843,0.5882352941176471,4.598194444444444
2480,105,68,0.7640449438202247,0.5396825396825397,4.6
2481,148,82,0.9213483146067416,0.5290322580645161,4.75
2482,96,77,0.8651685393258427,0.7129629629629629,4.5592243186582815
2483,84,66,0.7415730337078652,0.616822429906542,4.5
2484,76,64,0.7191011235955056,0.6336633663366337,4.45
2485,121,73,0.8202247191011236,0.5328467153284672,4.716040100250627
2486,129,78,0.8764044943820225,0.5571428571428572,4.733333333333333
2487,107,74,0.8314606741573034,0.6065573770491803,4.608933423913044
2488,102,71,0.797752808988764,0.5916666666666667,4.579541595925297
2489,148,85,0.9550561797752809,0.5592105263157895,4.690583554376658
2490,91,66,0.7415730337078652,0.5789473684210527,4.5524668435013265
2491,96,77,0.8651685393258427,0.7129629629629629,4.509563448020717
2492,118,78,0.8764044943820225,0.6046511627906976,4.663738738738739
2493,73,56,0.6292134831460674,0.5283018867924528,4.439293032786885
2494,94,67,0.7528089887640449,0.5775862068965517,4.580047132757266
2495,120,69,0.7752808988764045,0.4928571428571429,4.698030303030303
2496,100,76,0.8539325842696629,0.672566371681416,4.6
2497,112,77,0.8651685393258427,0.6209677419354839,4.662994350282486
2498,114,76,0.8539325842696629,0.5984251968503937,4.629861111111111
2499,97,75,0.8426966292134831,0.6756756756756757,4.538583509513742
2500,105,74,0.8314606741573034,0.6166666666666667,4.587052785923754
2501,91,61,0.6853932584269663,0.5126050420168067,4.642164179104478
2502,112,80,0.898876404494382,0.6611570247933884,4.626620370370371
2503,116,71,0.797752808988764,0.5298507462686567,4.6722222222222225
2504,106,78,0.8764044943820225,0.6666666666666666,4.6
2505,113,79,0.8876404494382022,0.6422764227642277,4.611111111111111
2506,62,55,0.6179775280898876,0.5729166666666666,4.369847020933977
2507,106,76,0.8539325842696629,0.6386554621848739,4.5
2508,93,67,0.7528089887640449,0.5826086956521739,4.579541595925297
2509,130,80,0.898876404494382,0.5755395683453237,4.7
2510,89,72,0.8089887640449438,0.6792452830188679,4.597719298245614
2511,84,63,0.7078651685393258,0.5727272727272728,4.502777777777778
2512,108,68,0.7640449438202247,0.5271317829457365,4.647058823529412
2513,115,80,0.898876404494382,0.6451612903225806,4.615384615384615
2514,120,82,0.9213483146067416,0.6456692913385826,4.613771712158809
2515,103,73,0.8202247191011236,0.6134453781512605,4.6105644546147975
2516,81,62,0.6966292134831461,0.5740740740740741,4.548989898989899
2517,105,72,0.8089887640449438,0.5901639344262295,4.614507422402159
2518,90,61,0.6853932584269663,0.5169491525423728,4.592477525118984
2519,110,73,0.8202247191011236,0.5793650793650794,4.606762295081967
2520,128,73,0.8202247191011236,0.5069444444444444,4.734019607843138
2521,97,68,0.7640449438202247,0.576271186440678,4.580645161290323
2522,98,74,0.8314606741573034,0.6548672566371682,4.527819548872181
2523,101,68,0.7640449438202247,0.5573770491803278,4.605384615384615
2524,96,69,0.7752808988764045,0.5948275862068966,4.591380718954248
2525,91,72,0.8089887640449438,0.6666666666666666,4.52408274785324
2526,91,67,0.7528089887640449,0.5929203539823009,4.618035714285714
2527,96,72,0.8089887640449438,0.6371681415929203,4.594247066492829
2528,95,71,0.797752808988764,0.6283185840707964,4.505833333333333
2529,103,71,0.797752808988764,0.5867768595041323,4.655549568965517
2530,81,61,0.6853932584269663,0.5596330275229358,4.475894736842106
2531,78,65,0.7303370786516854,0.6372549019607843,4.5
2532,94,72,0.8089887640449438,0.6486486486486487,4.5776315789473685
2533,109,67,0.7528089887640449,0.5114503816793893,4.640277777777778
2534,79,59,0.6629213483146067,0.5412844036697247,4.486181163149769
2535,94,60,0.6741573033707865,0.4878048780487805,4.627302631578948
2536,130,84,0.9438202247191011,0.6222222222222222,4.618484848484848
2537,88,60,0.6741573033707865,0.5128205128205128,4.6
2538,62,51,0.5730337078651685,0.51,4.476915113871636
2539,99,68,0.7640449438202247,0.5666666666666667,4.583883647798742
2540,107,69,0.7752808988764045,0.5433070866141733,4.579166666666667
2541,117,76,0.8539325842696629,0.5846153846153846,4.688934624697337
2542,71,62,0.6966292134831461,0.6326530612244898,4.526819541375873
2543,97,72,0.8089887640449438,0.631578947368421,4.597719298245614
2544,80,66,0.7415730337078652,0.6407766990291263,4.47952380952381
2545,101,72,0.8089887640449438,0.6101694915254238,4.612606837606838
2546,113,69,0.7752808988764045,0.518796992481203,4.676542649727768
2547,70,55,0.6179775280898876,0.5288461538461539,4.507920921707253
2548,107,74,0.8314606741573034,0.6065573770491803,4.637056587837838
2549,97,68,0.7640449438202247,0.576271186440678,4.637406855439643
2550,95,70,0.7865168539325843,0.6140350877192983,4.545454545454546
2551,96,72,0.8089887640449438,0.6371681415929203,4.6092114959469415
2552,95,68,0.7640449438202247,0.5862068965517241,4.545454545454546
2553,93,67,0.7528089887640449,0.5826086956521739,4.6376984126984135
2554,81,58,0.651685393258427,0.5178571428571429,4.492060190849034
2555,90,70,0.7865168539325843,0.6422018348623854,4.530411255411256
2556,85,68,0.7640449438202247,0.6415094339622641,4.554265873015873
2557,101,64,0.7191011235955056,0.5079365079365079,4.6
2558,111,71,0.797752808988764,0.5503875968992248,4.592352941176471
2559,132,77,0.8651685393258427,0.5347222222222222,4.726114081996435
2560,114,74,0.8314606741573034,0.5736434108527132,4.6405737704918035
2561,98,66,0.7415730337078652,0.5454545454545454,4.639282038085435
2562,80,62,0.6966292134831461,0.5794392523364486,4.454545454545454
2563,85,65,0.7303370786516854,0.5963302752293578,4.535875331564987
2564,95,69,0.7752808988764045,0.6,4.585984848484848
2565,86,67,0.7528089887640449,0.6203703703703703,4.51620320855615
2566,94,74,0.8314606741573034,0.6788990825688074,4.568333333333333
2567,120,79,0.8876404494382022,0.6076923076923076,4.674067164179105
2568,109,76,0.8539325842696629,0.6229508196721312,4.5787813620071685
2569,103,70,0.7865168539325843,0.5737704918032787,4.578412828947369
2570,110,71,0.797752808988764,0.5546875,4.6
2571,70,51,0.5730337078651685,0.4722222222222222,4.516867816091954
2572,100,78,0.8764044943820225,0.7027027027027027,4.615384615384615
2573,119,77,0.8651685393258427,0.5877862595419847,4.64140625
2574,91,66,0.7415730337078652,0.5789473684210527,4.571428571428571
2575,84,67,0.7528089887640449,0.6320754716981132,4.56140350877193
2576,113,72,0.8089887640449438,0.5538461538461539,4.666666666666667
2577,129,77,0.8651685393258427,0.5460992907801419,4.757746823069404
2578,82,63,0.7078651685393258,0.5833333333333334,4.519540229885058
2579,105,73,0.8202247191011236,0.6033057851239669,4.627997489014438
2580,113,72,0.8089887640449438,0.5538461538461539,4.666666666666667
2581,137,77,0.8651685393258427,0.5167785234899329,4.73536231884058
2582,92,67,0.7528089887640449,0.5877192982456141,4.592862838915471
2583,98,69,0.7752808988764045,0.5847457627118644,4.571428571428571
2584,93,73,0.8202247191011236,0.6697247706422018,4.61875
2585,136,75,0.8426966292134831,0.5,4.75
2586,109,71,0.797752808988764,0.5590551181102362,4.663172043010753
2587,101,75,0.8426966292134831,0.6521739130434783,4.609159159159159
2588,114,66,0.7415730337078652,0.48175182481751827,4.621052631578948
2589,103,74,0.8314606741573034,0.6271186440677966,4.666666666666667
2590,93,67,0.7528089887640449,0.5826086956521739,4.530987292277615
2591,80,65,0.7303370786516854,0.625,4.5445855614973265
2592,84,62,0.6966292134831461,0.5585585585585585,4.5
2593,96,68,0.7640449438202247,0.5811965811965812,4.527010923535253
2594,107,77,0.8651685393258427,0.6470588235294118,4.601206896551724
2595,79,66,0.7415730337078652,0.6470588235294118,4.471671826625387
2596,98,66,0.7415730337078652,0.5454545454545454,4.605952380952381
2597,86,61,0.6853932584269663,0.5350877192982456,4.555555555555555
2598,91,71,0.797752808988764,0.6513761467889908,4.535128205128205
2599,95,73,0.8202247191011236,0.6576576576576577,4.549362745098039
2600,116,77,0.8651685393258427,0.6015625,4.642857142857143
2601,99,62,0.6966292134831461,0.49206349206349204,4.618265550239235
2602,94,71,0.797752808988764,0.6339285714285714,4.571428571428571
2603,103,79,0.8876404494382022,0.6991150442477876,4.581055718475073
2604,80,69,0.7752808988764045,0.69,4.4923764811088756
2605,95,73,0.8202247191011236,0.6576576576576577,4.563451086956522
2606,107,74,0.8314606741573034,0.6065573770491803,4.682655502392344
2607,89,73,0.8202247191011236,0.6952380952380952,4.551944444444445
2608,86,72,0.8089887640449438,0.6990291262135923,4.557377049180328
2609,97,73,0.8202247191011236,0.6460176991150443,4.588235294117647
2610,111,82,0.9213483146067416,0.6949152542372882,4.636363636363637
2611,80,67,0.7528089887640449,0.6568627450980392,4.467727272727273
2612,122,81,0.9101123595505618,0.6230769230769231,4.666666666666667
2613,120,74,0.8314606741573034,0.5481481481481482,4.747420634920635
2614,106,75,0.8426966292134831,0.625,4.5740601503759395
2615,96,64,0.7191011235955056,0.5289256198347108,4.58219814241486
2616,98,72,0.8089887640449438,0.6260869565217392,4.589171122994652
2617,92,64,0.7191011235955056,0.5470085470085471,4.560885167464114
2618,116,74,0.8314606741573034,0.5648854961832062,4.685361842105263
2619,65,54,0.6067415730337079,0.54,4.415644654088051
2620,113,72,0.8089887640449438,0.5538461538461539,4.607305773342836
2621,106,71,0.797752808988764,0.5725806451612904,4.585049019607843
2622,97,75,0.8426966292134831,0.6756756756756757,4.5
2623,99,72,0.8089887640449438,0.6206896551724138,4.615384615384615
2624,101,65,0.7303370786516854,0.52,4.612606837606838
2625,113,80,0.898876404494382,0.6557377049180327,4.637636363636364
2626,118,73,0.8202247191011236,0.5447761194029851,4.636363636363637
2627,76,61,0.6853932584269663,0.5865384615384616,4.445785440613027
2628,94,66,0.7415730337078652,0.5641025641025641,4.6
2629,93,69,0.7752808988764045,0.6106194690265486,4.6
2630,118,78,0.8764044943820225,0.6046511627906976,4.655305291723202
2631,89,58,0.651685393258427,0.48333333333333334,4.6
2632,103,71,0.797752808988764,0.5867768595041323,4.583333333333333
2633,87,70,0.7865168539325843,0.660377358490566,4.538461538461538
2634,86,66,0.7415730337078652,0.6055045871559633,4.466666666666667
2635,115,79,0.8876404494382022,0.632,4.6564516129032265
2636,102,72,0.8089887640449438,0.6050420168067226,4.5174568965517246
2637,91,68,0.7640449438202247,0.6071428571428571,4.627843137254902
2638,120,78,0.8764044943820225,0.5954198473282443,4.653997992639678
2639,65,51,0.5730337078651685,0.49514563106796117,4.456140350877193
2640,102,73,0.8202247191011236,0.6186440677966102,4.532579185520362
2641,104,74,0.8314606741573034,0.6218487394957983,4.607305773342836
2642,80,69,0.7752808988764045,0.69,4.519382176052488
2643,89,68,0.7640449438202247,0.6181818181818182,4.556303418803418
2644,149,74,0.8314606741573034,0.45121951219512196,4.829947916666667
2645,75,60,0.6741573033707865,0.5769230769230769,4.431034482758621
2646,97,68,0.7640449438202247,0.576271186440678,4.588763197586727
2647,89,62,0.6966292134831461,0.5344827586206896,4.5625
2648,85,65,0.7303370786516854,0.5963302752293578,4.5343292394898445
2649,68,53,0.5955056179775281,0.5096153846153846,4.556193078324226
2650,121,79,0.8876404494382022,0.6030534351145038,4.679807306302689
2651,116,81,0.9101123595505618,0.6532258064516129,4.636363636363637
2652,85,66,0.7415730337078652,0.6111111111111112,4.5
2653,89,64,0.7191011235955056,0.5614035087719298,4.4944915254237285
2654,127,73,0.8202247191011236,0.5104895104895105,4.684791666666667
2655,108,79,0.8876404494382022,0.6694915254237288,4.660915898617511
2656,139,81,0.9101123595505618,0.5510204081632653,4.723099415204679
2657,97,65,0.7303370786516854,0.5371900826446281,4.537669376693767
2658,108,74,0.8314606741573034,0.6016260162601627,4.659562841530055
2659,123,76,0.8539325842696629,0.5588235294117647,4.657694575471698
2660,95,70,0.7865168539325843,0.6140350877192983,4.550253623188405
2661,107,78,0.8764044943820225,0.6610169491525424,4.607007393121182
2662,107,69,0.7752808988764045,0.5433070866141733,4.615384615384615
2663,83,62,0.6966292134831461,0.5636363636363636,4.527399380804954
2664,65,57,0.6404494382022472,0.5876288659793815,4.4862142422398055
2665,87,71,0.797752808988764,0.6761904761904762,4.55
2666,94,72,0.8089887640449438,0.6486486486486487,4.510095953274927
2667,93,60,0.6741573033707865,0.4918032786885246,4.587815797889351
2668,110,72,0.8089887640449438,0.5669291338582677,4.6
2669,104,80,0.898876404494382,0.7079646017699115,4.555555555555555
2670,93,66,0.7415730337078652,0.5689655172413793,4.56788748564868
2671,100,58,0.651685393258427,0.44274809160305345,4.643906250000001
2672,108,72,0.8089887640449438,0.576,4.6021212121212125
2673,108,78,0.8764044943820225,0.6554621848739496,4.659562841530055
2674,86,65,0.7303370786516854,0.5909090909090909,4.595185185185185
2675,99,66,0.7415730337078652,0.5409836065573771,4.612606837606838
2676,112,73,0.8202247191011236,0.5703125,4.631052631578948
2677,101,67,0.7528089887640449,0.5447154471544715,4.585724043715847
2678,110,78,0.8764044943820225,0.6446280991735537,4.635974274767379
2679,74,60,0.6741573033707865,0.5825242718446602,4.463333333333334
2680,101,64,0.7191011235955056,0.5079365079365079,4.615384615384615
2681,106,72,0.8089887640449438,0.5853658536585366,4.672987012987013
2682,136,77,0.8651685393258427,0.5202702702702703,4.685361842105263
2683,92,69,0.7752808988764045,0.6160714285714286,4.604035323049407
2684,96,75,0.8426966292134831,0.6818181818181818,4.6010294117647055
2685,117,72,0.8089887640449438,0.5373134328358209,4.648863035430989
2686,108,81,0.9101123595505618,0.6982758620689655,4.608933423913044
2687,94,68,0.7640449438202247,0.591304347826087,4.5375356125356126
2688,118,74,0.8314606741573034,0.556390977443609,4.663480392156863
2689,80,62,0.6966292134831461,0.5794392523364486,4.525735950044603
2690,107,72,0.8089887640449438,0.5806451612903226,4.6440677966101696
2691,117,80,0.898876404494382,0.6349206349206349,4.68312447786132
2692,98,70,0.7865168539325843,0.5982905982905983,4.527449494949495
2693,123,80,0.898876404494382,0.6060606060606061,4.7272727272727275
2694,89,68,0.7640449438202247,0.6181818181818182,4.4840473790322575
2695,76,60,0.6741573033707865,0.5714285714285714,4.5
2696,124,79,0.8876404494382022,0.5895522388059702,4.6875
2697,112,76,0.8539325842696629,0.608,4.587852664576802
2698,103,69,0.7752808988764045,0.5609756097560976,4.6565625
2699,129,83,0.9325842696629213,0.6148148148148148,4.668489583333334
2700,107,75,0.8426966292134831,0.6198347107438017,4.652579710144928
2701,126,79,0.8876404494382022,0.5808823529411765,4.708823529411765
2702,82,64,0.7191011235955056,0.5981308411214953,4.485711446740859
2703,101,68,0.7640449438202247,0.5573770491803278,4.603232519422863
2704,97,78,0.8764044943820225,0.7222222222222222,4.591718027734977
2705,92,69,0.7752808988764045,0.6160714285714286,4.472393247269117
2706,112,77,0.8651685393258427,0.6209677419354839,4.611994784876141
2707,84,68,0.7640449438202247,0.6476190476190476,4.5740601503759395
2708,94,69,0.7752808988764045,0.6052631578947368,4.5398305084745765
2709,87,67,0.7528089887640449,0.6146788990825688,4.48212962962963
2710,99,70,0.7865168539325843,0.5932203389830508,4.58048245614035
2711,120,76,0.8539325842696629,0.5714285714285714,4.645357142857144
2712,97,65,0.7303370786516854,0.5371900826446281,4.604666666666667
2713,122,72,0.8089887640449438,0.5179856115107914,4.639792520491803
2714,106,69,0.7752808988764045,0.5476190476190477,4.616666666666666
2715,118,75,0.8426966292134831,0.5681818181818182,4.648849104859336
2716,85,67,0.7528089887640449,0.6261682242990654,4.6
2717,107,67,0.7528089887640449,0.5193798449612403,4.627302631578948
2718,93,61,0.6853932584269663,0.5041322314049587,4.6
2719,129,78,0.8764044943820225,0.5571428571428572,4.707005347593583
2720,126,80,0.898876404494382,0.5925925925925926,4.714285714285714
2721,94,73,0.8202247191011236,0.6636363636363637,4.562897727272727
2722,94,72,0.8089887640449438,0.6486486486486487,4.491626120358515
2723,73,62,0.6966292134831461,0.62,4.424242424242424
2724,103,77,0.8651685393258427,0.6695652173913044,4.5731234866828085
2725,92,70,0.7865168539325843,0.6306306306306306,4.547045454545455
2726,102,74,0.8314606741573034,0.6324786324786325,4.615384615384615
2727,106,72,0.8089887640449438,0.5853658536585366,4.609982638888889
2728,108,71,0.797752808988764,0.5634920634920635,4.650277777777778
2729,111,76,0.8539325842696629,0.6129032258064516,4.654764890282132
2730,108,70,0.7865168539325843,0.5511811023622047,4.5740601503759395
2731,99,73,0.8202247191011236,0.6347826086956522,4.564761570827489
2732,104,76,0.8539325842696629,0.6495726495726496,4.583883647798742
2733,99,67,0.7528089887640449,0.5537190082644629,4.555555555555555
2734,94,66,0.7415730337078652,0.5641025641025641,4.557487389659521
2735,72,51,0.5730337078651685,0.4636363636363636,4.5
2736,96,70,0.7865168539325843,0.6086956521739131,4.564761570827489
2737,105,74,0.8314606741573034,0.6166666666666667,4.53625
2738,90,61,0.6853932584269663,0.5169491525423728,4.536513687600644
2739,94,66,0.7415730337078652,0.5641025641025641,4.590848214285715
2740,93,76,0.8539325842696629,0.7169811320754716,4.555555555555555
2741,84,63,0.7078651685393258,0.5727272727272728,4.491332143919119
2742,99,69,0.7752808988764045,0.5798319327731093,4.55
2743,84,62,0.6966292134831461,0.5585585585585585,4.525194132873167
2744,73,55,0.6179775280898876,0.514018691588785,4.434468283582089
2745,159,81,0.9101123595505618,0.48502994011976047,4.833333333333333
2746,119,71,0.797752808988764,0.5182481751824818,4.6875
2747,88,60,0.6741573033707865,0.5128205128205128,4.546054888507719
2748,85,65,0.7303370786516854,0.5963302752293578,4.560875
2749,103,66,0.7415730337078652,0.5238095238095238,4.554444444444444
2750,104,66,0.7415730337078652,0.5196850393700787,4.609982638888889
2751,105,69,0.7752808988764045,0.552,4.617241379310345
2752,111,79,0.8876404494382022,0.6528925619834711,4.658
2753,109,72,0.8089887640449438,0.5714285714285714,4.645114656031905
2754,123,81,0.9101123595505618,0.6183206106870229,4.679489247311828
2755,108,73,0.8202247191011236,0.5887096774193549,4.6
2756,99,65,0.7303370786516854,0.5284552845528455,4.56126893939394
2757,109,72,0.8089887640449438,0.5714285714285714,4.644327731092438
2758,96,73,0.8202247191011236,0.6517857142857143,4.614507422402159
2759,122,69,0.7752808988764045,0.4859154929577465,4.666666666666667
2760,93,71,0.797752808988764,0.6396396396396397,4.572943722943723
2761,110,74,0.8314606741573034,0.592,4.6
2762,98,71,0.797752808988764,0.6120689655172413,4.618137254901961
2763,111,73,0.8202247191011236,0.5748031496062992,4.6682648401826485
2764,123,82,0.9213483146067416,0.6307692307692307,4.717063492063493
2765,137,83,0.9325842696629213,0.5804195804195804,4.723989898989899
2766,137,82,0.9213483146067416,0.5694444444444444,4.677735849056604
2767,95,66,0.7415730337078652,0.559322033898305,4.571428571428571
2768,106,72,0.8089887640449438,0.5853658536585366,4.592862838915471
2769,100,75,0.8426966292134831,0.6578947368421053,4.625857843137255
2770,107,75,0.8426966292134831,0.6198347107438017,4.625741525423729
2771,114,79,0.8876404494382022,0.6370967741935484,4.666666666666667
2772,120,72,0.8089887640449438,0.5255474452554745,4.6923076923076925
2773,116,71,0.797752808988764,0.5298507462686567,4.668678160919541
2774,85,60,0.6741573033707865,0.5263157894736842,4.555555555555555
2775,90,68,0.7640449438202247,0.6126126126126126,4.577207850133809
2776,105,78,0.8764044943820225,0.6724137931034483,4.562897727272727
2777,100,71,0.797752808988764,0.6016949152542372,4.565501567398119
2778,85,68,0.7640449438202247,0.6415094339622641,4.540350877192982
2779,99,74,0.8314606741573034,0.6491228070175439,4.58433908045977
2780,86,67,0.7528089887640449,0.6203703703703703,4.51964573268921
2781,91,72,0.8089887640449438,0.6666666666666666,4.5740601503759395
2782,80,66,0.7415730337078652,0.6407766990291263,4.47568306010929
2783,91,68,0.7640449438202247,0.6071428571428571,4.585049019607843
2784,93,70,0.7865168539325843,0.625,4.510992063492064
2785,88,68,0.7640449438202247,0.6238532110091743,4.531979166666667
2786,99,67,0.7528089887640449,0.5537190082644629,4.602295081967213
2787,90,70,0.7865168539325843,0.6422018348623854,4.555555555555555
2788,44,40,0.449438202247191,0.43010752688172044,4.333333333333333
2789,84,65,0.7303370786516854,0.6018518518518519,4.6
2790,65,57,0.6404494382022472,0.5876288659793815,4.4545091141669335
2791,112,67,0.7528089887640449,0.5,4.652524069737185
2792,100,76,0.8539325842696629,0.672566371681416,4.582338627049181
2793,72,55,0.6179775280898876,0.5188679245283019,4.575064935064935
2794,95,70,0.7865168539325843,0.6140350877192983,4.598194444444444
2795,96,65,0.7303370786516854,0.5416666666666666,4.577207850133809
2796,89,68,0.7640449438202247,0.6181818181818182,4.5
2797,112,77,0.8651685393258427,0.6209677419354839,4.643280871670703
2798,87,69,0.7752808988764045,0.6448598130841121,4.529411764705882
2799,105,74,0.8314606741573034,0.6166666666666667,4.619047619047619
2800,126,81,0.9101123595505618,0.6044776119402985,4.714285714285714
2801,119,78,0.8764044943820225,0.6,4.663333333333334
2802,96,72,0.8089887640449438,0.6371681415929203,4.591233676021117
2803,82,65,0.7303370786516854,0.6132075471698113,4.4923764811088756
2804,115,77,0.8651685393258427,0.6062992125984252,4.6299235993208825
2805,116,80,0.898876404494382,0.64,4.656205128205128
2806,117,70,0.7865168539325843,0.5147058823529411,4.689182692307693
2807,77,55,0.6179775280898876,0.4954954954954955,4.540909090909091
2808,102,76,0.8539325842696629,0.6608695652173913,4.587628384687208
2809,106,73,0.8202247191011236,0.5983606557377049,4.623818646232439
2810,106,81,0.9101123595505618,0.7105263157894737,4.588235294117647
2811,123,77,0.8651685393258427,0.5703703703703704,4.7
2812,109,73,0.8202247191011236,0.584,4.5972340425531915
2813,62,52,0.5842696629213483,0.5252525252525253,4.414421252371917
2814,123,77,0.8651685393258427,0.5703703703703704,4.7186111111111115
2815,88,66,0.7415730337078652,0.5945945945945946,4.586916835699797
2816,107,73,0.8202247191011236,0.5934959349593496,4.642857142857143
2817,74,60,0.6741573033707865,0.5825242718446602,4.509425158641284
2818,134,81,0.9101123595505618,0.5704225352112676,4.707005347593583
2819,66,58,0.651685393258427,0.5979381443298969,4.461538461538462
2820,107,73,0.8202247191011236,0.5934959349593496,4.577207850133809
2821,107,72,0.8089887640449438,0.5806451612903226,4.630912570507655
2822,112,76,0.8539325842696629,0.608,4.638664108824555
2823,119,79,0.8876404494382022,0.6124031007751938,4.696694915254238
2824,99,74,0.8314606741573034,0.6491228070175439,4.565501567398119
2825,120,78,0.8764044943820225,0.5954198473282443,4.619718309859155
2826,94,70,0.7865168539325843,0.6194690265486725,4.546978183962264
2827,89,65,0.7303370786516854,0.5752212389380531,4.510153776571688
2828,137,83,0.9325842696629213,0.5804195804195804,4.7281326781326785
2829,117,75,0.8426966292134831,0.5725190839694656,4.672987012987013
2830,118,78,0.8764044943820225,0.6046511627906976,4.705882352941177
2831,67,56,0.6292134831460674,0.56,4.482959770114943
2832,117,73,0.8202247191011236,0.5488721804511278,4.679844632768361
2833,124,72,0.8089887640449438,0.5106382978723404,4.738904109589042
2834,99,72,0.8089887640449438,0.6206896551724138,4.582693947144075
2835,106,71,0.797752808988764,0.5725806451612904,4.636363636363637
2836,95,77,0.8651685393258427,0.719626168224299,4.571428571428571
2837,84,64,0.7191011235955056,0.5871559633027523,4.538888888888889
2838,120,71,0.797752808988764,0.5144927536231884,4.644327731092438
2839,108,68,0.7640449438202247,0.5271317829457365,4.592352941176471
2840,101,67,0.7528089887640449,0.5447154471544715,4.6115079365079366
2841,137,80,0.898876404494382,0.547945205479452,4.722222222222222
2842,71,63,0.7078651685393258,0.6494845360824743,4.467395833333334
2843,105,67,0.7528089887640449,0.5275590551181102,4.580037400654511
2844,81,65,0.7303370786516854,0.6190476190476191,4.5
2845,109,64,0.7191011235955056,0.47761194029850745,4.662994350282486
2846,121,72,0.8089887640449438,0.5217391304347826,4.6790714285714285
2847,99,65,0.7303370786516854,0.5284552845528455,4.6
2848,112,75,0.8426966292134831,0.5952380952380952,4.652795193312435
2849,99,65,0.7303370786516854,0.5284552845528455,4.6738083228247165
2850,135,77,0.8651685393258427,0.5238095238095238,4.75
2851,103,77,0.8651685393258427,0.6695652173913044,4.530062893081761
2852,113,77,0.8651685393258427,0.616,4.625
2853,73,54,0.6067415730337079,0.5,4.482758620689655
2854,79,61,0.6853932584269663,0.5700934579439252,4.4839319923371646
2855,78,62,0.6966292134831461,0.5904761904761905,4.561787280701754
2856,86,64,0.7191011235955056,0.5765765765765766,4.551117021276596
2857,112,73,0.8202247191011236,0.5703125,4.64140625
2858,126,79,0.8876404494382022,0.5808823529411765,4.67025641025641
2859,97,73,0.8202247191011236,0.6460176991150443,4.548452380952381
2860,111,79,0.8876404494382022,0.6528925619834711,4.594693877551021
2861,83,59,0.6629213483146067,0.5221238938053098,4.605522629310345
2862,111,73,0.8202247191011236,0.5748031496062992,4.626017441860466
2863,113,75,0.8426966292134831,0.5905511811023622,4.6
2864,83,60,0.6741573033707865,0.5357142857142857,4.5625
2865,90,68,0.7640449438202247,0.6126126126126126,4.554444444444444
2866,103,69,0.7752808988764045,0.5609756097560976,4.6217500000000005
2867,106,73,0.8202247191011236,0.5983606557377049,4.6923076923076925
2868,75,63,0.7078651685393258,0.6237623762376238,4.542893250074338
2869,128,73,0.8202247191011236,0.5069444444444444,4.705255544840887
2870,119,77,0.8651685393258427,0.5877862595419847,4.65
2871,121,81,0.9101123595505618,0.627906976744186,4.7256008855154965
2872,104,69,0.7752808988764045,0.5564516129032258,4.648088235294118
2873,107,71,0.797752808988764,0.568,4.644708994708995
2874,72,62,0.6966292134831461,0.6262626262626263,4.489516129032258
2875,93,64,0.7191011235955056,0.5423728813559322,4.571428571428571
2876,88,65,0.7303370786516854,0.5803571428571429,4.532177348551361
2877,127,76,0.8539325842696629,0.5428571428571428,4.698968253968254
2878,85,62,0.6966292134831461,0.5535714285714286,4.491622672964712
2879,90,59,0.6629213483146067,0.49166666666666664,4.586071032186459
2880,110,74,0.8314606741573034,0.592,4.593046132971506
2881,116,76,0.8539325842696629,0.5891472868217055,4.602295081967213
2882,136,81,0.9101123595505618,0.5625,4.684932920536636
2883,102,72,0.8089887640449438,0.6050420168067226,4.666666666666667
2884,94,66,0.7415730337078652,0.5641025641025641,4.58048245614035
2885,94,71,0.797752808988764,0.6339285714285714,4.568333333333333
2886,74,52,0.5842696629213483,0.46846846846846846,4.449880382775119
2887,112,74,0.8314606741573034,0.5826771653543307,4.648366013071896
2888,107,71,0.797752808988764,0.568,4.689182692307693
2889,90,66,0.7415730337078652,0.584070796460177,4.550253623188405
2890,74,66,0.7415730337078652,0.6804123711340206,4.444444444444445
2891,83,61,0.6853932584269663,0.5495495495495496,4.536513687600644
2892,112,80,0.898876404494382,0.6611570247933884,4.585049019607843
2893,103,72,0.8089887640449438,0.6,4.592478056746275
2894,101,65,0.7303370786516854,0.52,4.575294569672131
2895,95,65,0.7303370786516854,0.5462184873949579,4.6
2896,89,68,0.7640449438202247,0.6181818181818182,4.531363636363636
2897,98,72,0.8089887640449438,0.6260869565217392,4.571428571428571
2898,95,75,0.8426966292134831,0.6880733944954128,4.560875
2899,104,76,0.8539325842696629,0.6495726495726496,4.597719298245614
2900,70,56,0.6292134831460674,0.5436893203883495,4.5
2901,128,70,0.7865168539325843,0.47619047619047616,4.728697421981004
2902,79,62,0.6966292134831461,0.5849056603773585,4.5
2903,84,65,0.7303370786516854,0.6018518518518519,4.5
2904,96,64,0.7191011235955056,0.5289256198347108,4.545454545454546
2905,94,70,0.7865168539325843,0.6194690265486725,4.5625
2906,121,78,0.8764044943820225,0.5909090909090909,4.702058823529412
2907,95,71,0.797752808988764,0.6283185840707964,4.5625
2908,100,70,0.7865168539325843,0.5882352941176471,4.639893617021277
2909,97,68,0.7640449438202247,0.576271186440678,4.554444444444444
2910,80,59,0.6629213483146067,0.5363636363636364,4.473684210526316
2911,136,76,0.8539325842696629,0.5100671140939598,4.751198630136987
2912,114,75,0.8426966292134831,0.5859375,4.666666666666667
2913,100,72,0.8089887640449438,0.6153846153846154,4.529411764705882
2914,100,71,0.797752808988764,0.6016949152542372,4.579315789473684
2915,109,78,0.8764044943820225,0.65,4.6
2916,117,75,0.8426966292134831,0.5725190839694656,4.650277777777778
2917,113,70,0.7865168539325843,0.5303030303030303,4.695806451612904
2918,97,70,0.7865168539325843,0.603448275862069,4.5733516483516485
2919,116,75,0.8426966292134831,0.5769230769230769,4.643906250000001
2920,104,67,0.7528089887640449,0.5317460317460317,4.631052631578948
2921,63,56,0.6292134831460674,0.5833333333333334,4.442320261437909
2922,123,72,0.8089887640449438,0.5142857142857142,4.676746411483254
2923,100,72,0.8089887640449438,0.6153846153846154,4.566073414905451
2924,112,72,0.8089887640449438,0.5581395348837209,4.633253588516747
2925,98,71,0.797752808988764,0.6120689655172413,4.579166666666667
2926,115,73,0.8202247191011236,0.5572519083969466,4.666666666666667
2927,93,70,0.7865168539325843,0.625,4.521333333333333
2928,86,65,0.7303370786516854,0.5909090909090909,4.6
2929,112,75,0.8426966292134831,0.5952380952380952,4.593926553672317
2930,121,73,0.8202247191011236,0.5328467153284672,4.704152542372881
2931,66,57,0.6404494382022472,0.5816326530612245,4.4
2932,99,68,0.7640449438202247,0.5666666666666667,4.58048245614035
2933,103,74,0.8314606741573034,0.6271186440677966,4.5889103182256505
2934,105,73,0.8202247191011236,0.6033057851239669,4.60547108673978
2935,112,72,0.8089887640449438,0.5581395348837209,4.666666666666667
2936,110,73,0.8202247191011236,0.5793650793650794,4.610991379310345
2937,102,73,0.8202247191011236,0.6186440677966102,4.6133870967741935
2938,93,69,0.7752808988764045,0.6106194690265486,4.538461538461538
2939,92,68,0.7640449438202247,0.6017699115044248,4.539983164983165
2940,98,72,0.8089887640449438,0.6260869565217392,4.6130555555555555
2941,107,74,0.8314606741573034,0.6065573770491803,4.567391304347826
2942,87,69,0.7752808988764045,0.6448598130841121,4.548387096774194
2943,74,55,0.6179775280898876,0.5092592592592593,4.462931034482759
2944,74,62,0.6966292134831461,0.6138613861386139,4.436927816901409
2945,98,67,0.7528089887640449,0.5583333333333333,4.5654429465575355
2946,123,81,0.9101123595505618,0.6183206106870229,4.656080254465378
2947,103,71,0.797752808988764,0.5867768595041323,4.522463768115942
2948,124,80,0.898876404494382,0.6015037593984962,4.666666666666667
2949,82,76,0.8539325842696629,0.8,4.542156862745098
2950,107,73,0.8202247191011236,0.5934959349593496,4.636363636363637
2951,90,65,0.7303370786516854,0.5701754385964912,4.6
2952,92,73,0.8202247191011236,0.6759259259259259,4.55
2953,83,68,0.7640449438202247,0.6538461538461539,4.550757575757577
2954,114,68,0.7640449438202247,0.5037037037037037,4.627302631578948
2955,93,67,0.7528089887640449,0.5826086956521739,4.506034482758621
2956,108,69,0.7752808988764045,0.5390625,4.656413246268657
2957,104,75,0.8426966292134831,0.635593220338983,4.556193078324226
2958,101,67,0.7528089887640449,0.5447154471544715,4.625
2959,85,62,0.6966292134831461,0.5535714285714286,4.5625
2960,95,63,0.7078651685393258,0.5206611570247934,4.556312656641604
2961,119,80,0.898876404494382,0.625,4.617424242424242
2962,103,76,0.8539325842696629,0.6551724137931034,4.634722222222223
2963,171,84,0.9438202247191011,0.4772727272727273,4.819672131147541
2964,121,75,0.8426966292134831,0.5555555555555556,4.662797619047619
2965,107,67,0.7528089887640449,0.5193798449612403,4.606439393939394
2966,98,71,0.797752808988764,0.6120689655172413,4.583913764510779
2967,83,64,0.7191011235955056,0.5925925925925926,4.470588235294118
2968,80,60,0.6741573033707865,0.5504587155963303,4.533333333333333
2969,111,73,0.8202247191011236,0.5748031496062992,4.651810344827586
2970,102,73,0.8202247191011236,0.6186440677966102,4.572248243559719
2971,76,60,0.6741573033707865,0.5714285714285714,4.4158333333333335
2972,148,85,0.9550561797752809,0.5592105263157895,4.785714285714286
2973,90,73,0.8202247191011236,0.6886792452830188,4.523809523809524
2974,102,76,0.8539325842696629,0.6608695652173913,4.565625
2975,93,68,0.7640449438202247,0.5964912280701754,4.579804161566707
2976,94,69,0.7752808988764045,0.6052631578947368,4.584722222222222
2977,93,72,0.8089887640449438,0.6545454545454545,4.583333333333333
2978,120,71,0.797752808988764,0.5144927536231884,4.670833333333334
2979,98,70,0.7865168539325843,0.5982905982905983,4.5353767560664116
2980,115,81,0.9101123595505618,0.6585365853658537,4.684210526315789
2981,112,70,0.7865168539325843,0.5343511450381679,4.6394927536231885
2982,92,72,0.8089887640449438,0.6605504587155964,4.523809523809524
2983,107,66,0.7415730337078652,0.5076923076923077,4.659195402298851
2984,140,79,0.8876404494382022,0.5266666666666666,4.737408906882591
2985,95,71,0.797752808988764,0.6283185840707964,4.5377152698048215
2986,80,67,0.7528089887640449,0.6568627450980392,4.475058915946583
2987,83,66,0.7415730337078652,0.6226415094339622,4.538461538461538
2988,82,63,0.7078651685393258,0.5833333333333334,4.5
2989,128,77,0.8651685393258427,0.55,4.7
2990,95,69,0.7752808988764045,0.6,4.579541595925297
2991,118,78,0.8764044943820225,0.6046511627906976,4.635526315789474
2992,109,77,0.8651685393258427,0.6363636363636364,4.659562841530055
2993,93,64,0.7191011235955056,0.5423728813559322,4.628472222222222
2994,111,73,0.8202247191011236,0.5748031496062992,4.652008196721312
2995,71,60,0.6741573033707865,0.6,4.529723707664884
2996,99,72,0.8089887640449438,0.6206896551724138,4.603022875816993
2997,114,74,0.8314606741573034,0.5736434108527132,4.672413793103448
2998,99,72,0.8089887640449438,0.6206896551724138,4.584722222222222
2999,128,79,0.8876404494382022,0.572463768115942,4.711652542372882
3000,129,83,0.9325842696629213,0.6148148148148148,4.6223809523809525
