feature,set,image_code,term,negative,fragment
brightness,AESTHETIC,ARCH_0038,bright,False,"mney tower, built over a waterfall, surrounded by bright green trees and lush vegetation, daylight, three-quarter vi"
brightness,AESTHETIC,ARCH_0527,bright,False," wooden screens, tropical plants and trees below, bright sky through the openings, daylight, low-angle view from und"
brightness,AESTHETIC,ARCH_0350,bright,False," and a stone chimney, turquoise swimming pool and bright green lawn, palm trees and bare desert mountains behind, bl"
brightness,AESTHETIC,ARCH_0565,brightly,False,"exterior photograph of a museum, cluster of brightly coloured folded metal roofs in red, orange, blue, yellow an"
brightness,CONTROL,ARCH_0499,bright,False," city street with young trees, traffic and signs, bright overcast sky, daylight, perspective view at eye level"
colorfulness,AESTHETIC,ARCH_0565,colourful,False,"roofs in red, orange, blue, yellow and green over colourful walls, green lawn with tropical shrubs and a small tree, bl"
colorfulness,CONTROL,ARCH_0504,colourful,False,"exterior photograph of an incineration plant, colourful facade with painted patterns, irregular windows and small t"
colorfulness,CONTROL,ARCH_0078,colourful,False,"ry, tall windowless block entirely covered with a colourful stone mosaic mural, glazed base, large lawn with trees in f"
warmth,AESTHETIC,ARCH_0472,warm,False,"hall with a green tiled roof, dramatic misty sky, warm light, low-angle view"
warmth,AESTHETIC,ARCH_0295,warm,False,"or photograph of a library, curved volume clad in warm spruce timber lifting above a glass ground floor, wide pave"
sharpness,AESTHETIC,ARCH_0554,sharp,False," a film museum, white faceted angular volume with sharp cantilevered edges and a long glass band, on a waterfront a"
sharpness,AESTHETIC,ARCH_0571,sharp,False,"exterior photograph of a railway station, sharp angled roof clad in shiny steel sloping over a glass entran"
interior,AESTHETIC,ARCH_0194,interior,False,"interior photograph of an airport terminal, undulating timber ceilin"
cars,AESTHETIC,ARCH_0062,cars,False,"zontal bands widening upwards, street corner with cars and apartment towers, blue sky, daylight, low-angle three-q"
cars,AESTHETIC,ARCH_0063,cars,False," long sloping glass walls, empty road with parked cars and a grass verge, deep blue sky, daylight, perspective vie"
cars,AESTHETIC,ARCH_0482,cars,False,"ic facades along a street with traffic lights and cars, blue sky with white clouds, daylight, low-angle view"
cars,AESTHETIC,ARCH_0387,cars,False,"ed piers, control tower, curved access roads with cars and green verges, pale evening sky, elevated panoramic view"
cars,AESTHETIC,ARCH_0156,cars,False,"c colonnade, pediment and grand staircase, parked cars, green lawn in front, clear blue sky, daylight, perspective"
cars,AESTHETIC,ARCH_0546,cars,False,"rved glass atrium drum on the corner, street with cars and a small tree, blue sky, daylight, low-angle perspective"
cars,CONTROL,ARCH_0584,cars,False,"l glass curtain wall facade and steel frame edge, cars parked along the street, deep blue sky, strong sunlight, pe"
cars,CONTROL,ARCH_0547,cars,False,"f, tower with orange top behind, city street with cars, trees and pedestrians, daylight, perspective view at eye l"
cars,CONTROL,ARCH_0212,cars,False,"ular openings, trees and paved street with parked cars, blue sky with white clouds, daylight, perspective view at "
cars,CONTROL,ARCH_0100,cars,False,"er with a thin roof slab, city street with parked cars and a historic brick building, blue sky with white clouds, "
cars,CONTROL,ARCH_0125,car,False,"spended from yellow steel masts and tension rods, car park and lawns alongside, flat open landscape, daylight, ae"
cars,CONTROL,ARCH_0559,cars,False,"a large cantilevered entrance canopy, street with cars and trees, evening light with pink clouds, perspective view"
cars,CONTROL,ARCH_0358,car,False," patterned screen wall on one side, empty asphalt car park in front, daylight, front view at eye level from a dis"
cars,CONTROL,ARCH_0422,cars,False,"n towers, city street with pedestrians and parked cars, blue sky with white clouds, daylight, perspective view at "
low_angle,AESTHETIC,ARCH_0038,from below,False,"and lush vegetation, daylight, three-quarter view from below"
low_angle,AESTHETIC,ARCH_0062,low-angle,False,"th cars and apartment towers, blue sky, daylight, low-angle three-quarter view"
low_angle,AESTHETIC,ARCH_0155,from below,False,"ubs, hazy grey sky, daylight, front view slightly from below"
low_angle,AESTHETIC,ARCH_0536,low-angle,False,"r in front, blue sky with white clouds, daylight, low-angle view"
low_angle,AESTHETIC,ARCH_0300,low-angle,False," church and buildings behind, blue sky, daylight, low-angle view from under the canopy"
low_angle,AESTHETIC,ARCH_0533,low-angle,False,"s stop at street level, clear blue sky, daylight, low-angle view"
low_angle,AESTHETIC,ARCH_0471,from below,False,"front, clear blue sky, daylight, perspective view from below"
low_angle,AESTHETIC,ARCH_0482,low-angle,False,"s and cars, blue sky with white clouds, daylight, low-angle view"
low_angle,AESTHETIC,ARCH_0414,low-angle,False,"fins, blue sky with white clouds, daylight, close low-angle view without surrounding context"
low_angle,AESTHETIC,ARCH_0288,low-angle,False,"ss tower beside it, white overcast sky, daylight, low-angle view"
low_angle,AESTHETIC,ARCH_0527,low-angle,False,"below, bright sky through the openings, daylight, low-angle view from underneath"
low_angle,AESTHETIC,ARCH_0174,low-angle,False,"small trees and pedestrians, clear sky, daylight, low-angle perspective view"
low_angle,AESTHETIC,ARCH_0452,from below,False,"sky with white clouds, daylight, perspective view from below"
low_angle,AESTHETIC,ARCH_0472,low-angle,False,"green tiled roof, dramatic misty sky, warm light, low-angle view"
low_angle,AESTHETIC,ARCH_0075,low-angle,False,"h palms and large leaves, overcast sky, daylight, low-angle view"
low_angle,AESTHETIC,ARCH_0381,low-angle,False,"ront, blue sky with white clouds, daylight, front low-angle view"
low_angle,AESTHETIC,ARCH_0546,low-angle,False,"t with cars and a small tree, blue sky, daylight, low-angle perspective view"
low_angle,AESTHETIC,ARCH_0274,low-angle,False,"foreground, blue sky with white clouds, daylight, low-angle view"
low_angle,AESTHETIC,ARCH_0145,from below,False," forest, dirt path in front, daylight, front view from below"
low_angle,AESTHETIC,ARCH_0040,low-angle,False,"treet lamp, blue sky with white clouds, daylight, low-angle view"
low_angle,CONTROL,ARCH_0012,from below,False,"wn among autumn trees, daylight, perspective view from below"
low_angle,CONTROL,ARCH_0409,low-angle,False,"n in front, blue sky with white clouds, daylight, low-angle front view"
low_angle,CONTROL,ARCH_0140,from below,False,"ith white clouds, daylight, wide-angle front view from below"
low_angle,CONTROL,ARCH_0231,low-angle,False,"en hillside with trees, clear blue sky, daylight, low-angle view from a distance"
low_angle,CONTROL,ARCH_0359,low-angle,False,"alls in the foreground, clear blue sky, daylight, low-angle view"
low_angle,CONTROL,ARCH_0293,low-angle,False,"er with bare trees and overhead cables, daylight, low-angle perspective view"
low_angle,CONTROL,ARCH_0189,low-angle,False,"w in front, blue sky with white clouds, daylight, low-angle corner view"
low_angle,CONTROL,ARCH_0238,low-angle,False,"g from the chimney, overcast sky, daylight, close low-angle view"
low_angle,CONTROL,ARCH_0109,low-angle,False,"awtooth glazed roofs in the foreground, daylight, low-angle view"
low_angle,CONTROL,ARCH_0113,low-angle,False,"tacked in layers, clear blue sky, daylight, close low-angle view"
low_angle,CONTROL,ARCH_0048,low-angle,False,"et level and overhead cables, hazy sky, daylight, low-angle view"
low_angle,CONTROL,ARCH_0083,low-angle,False,"ss curtain wall sections between, daylight, close low-angle view without surrounding context"
urban,AESTHETIC,ARCH_0118,city,False,"n a stone podium, harbour water with a promenade, city skyline and green park behind, overcast sky, daylight, elev"
urban,AESTHETIC,ARCH_0225,city,False,"useum arcade, row of stone arches framing a night city skyline with coloured lights reflected in the water, polish"
urban,AESTHETIC,ARCH_0476,city,False,"photograph of a city skyline across a wide river, television tower with pink sph"
urban,AESTHETIC,ARCH_0537,city,False,"ables over a river and highway interchange, dense city of towers behind, blue sky with white clouds, daylight, ele"
urban,AESTHETIC,ARCH_0171,city,False,"nels forming sculptural sails above a stone base, city street intersection with traffic lights, deep blue sky, day"
urban,AESTHETIC,ARCH_0477,city,False,"base along a canal with dark water and a railing, city buildings around, evening sky, perspective view at eye leve"
urban,AESTHETIC,ARCH_0585,city,False,"onies and an inner glazed courtyard facade, dense city towers behind, river in the foreground, blue sky with cloud"
urban,AESTHETIC,ARCH_0174,city,False,"mond-shaped steel grid with bulging glass panels, city street with small trees and pedestrians, clear sky, dayligh"
urban,AESTHETIC,ARCH_0289,city,False,"canopy, turquoise reflecting pool, palm trees and city buildings behind, clear blue sky, daylight, perspective vie"
urban,AESTHETIC,ARCH_0379,city,False,"ool, dry grasses and succulents, view over a wide city below, blue sky, daylight, perspective view at eye level"
urban,AESTHETIC,ARCH_0544,city,False,"er, riverbanks with green trees and moored boats, city and hills behind, clear sky, daylight, elevated panoramic v"
urban,AESTHETIC,ARCH_0518,city,False,"craper with segmented tiers towering over a dense city of apartment blocks, forested green hill in the foreground,"
urban,AESTHETIC,ARCH_0285,city,False,"entrance and pale stone walls, green trees above, city pavement with bollards, daylight, front view at eye level"
urban,AESTHETIC,ARCH_0040,city,False," stone tower with a spire, between brick and dark city buildings with a street lamp, blue sky with white clouds, d"
urban,CONTROL,ARCH_0167,city,False,"ete polyhedron with large angled glazed openings, city street with trees and lamp posts in the foreground, clear b"
urban,CONTROL,ARCH_0547,city,False,"p overhanging roof, tower with orange top behind, city street with cars, trees and pedestrians, daylight, perspect"
urban,CONTROL,ARCH_0309,city,False,"rs and a green pyramid roof, seen down a straight city street with other office buildings, blue sky with white clo"
urban,CONTROL,ARCH_0117,city,False,"r concrete shaft with antenna, seen above a mixed city skyline with apartment blocks, chimneys and railway yards, "
urban,CONTROL,ARCH_0052,city,False,"th ends, wide harbour water in the foreground and city towers behind, blue sky with white clouds, daylight, side p"
urban,CONTROL,ARCH_0100,city,False," glass and aluminium tower with a thin roof slab, city street with parked cars and a historic brick building, blue"
urban,CONTROL,ARCH_0538,city,False,", next to a stepped tiered tower, dense high-rise city below, hazy sky, daylight, elevated view from a distance"
urban,CONTROL,ARCH_0153,urban,False,"k tie holes and a single recessed doorway, narrow urban plot between neighbouring houses, daylight, front view at e"
urban,CONTROL,ARCH_0287,city,False,"s discs, glass towers and older buildings along a city street, clear blue sky, daylight, perspective view at eye l"
urban,CONTROL,ARCH_0371,city,False,"ower with observation decks, rising above a dense city of office buildings, hazy sky, daylight, elevated view from"
urban,CONTROL,ARCH_0499,city,False,"ne office blocks with a rounded glass tower, wide city street with young trees, traffic and signs, bright overcast"
urban,CONTROL,ARCH_0422,city,False,"lazed conservatories and tall ventilation towers, city street with pedestrians and parked cars, blue sky with whit"
vintage_photo,CONTROL,ARCH_0020,black and white,False,"exterior black and white photograph of a factory, long multi-storey white concrete a"
people,AESTHETIC,ARCH_0141,crowds,False,"n a courtyard of an ornate historic stone palace, crowds of visitors, clipped green hedges and lawn in front, pale b"
people,AESTHETIC,ARCH_0141,visitors,False,"ard of an ornate historic stone palace, crowds of visitors, clipped green hedges and lawn in front, pale blue sky, day"
people,AESTHETIC,ARCH_0155,visitors,False,"ike a lotus flower on a raised podium with pools, visitors, green shrubs, hazy grey sky, daylight, front view slightly"
people,AESTHETIC,ARCH_0507,visitors,False,"ite minaret, large polished marble courtyard with visitors, deep blue sky, daylight, perspective view at eye level"
people,AESTHETIC,ARCH_0198,visitors,False,"se, white marble sloping roof planes walked on by visitors, large tilted glass facade, white stage tower, waterfront, "
people,AESTHETIC,ARCH_0300,people,False,"d square, planters with olive trees, benches with people, historic church and buildings behind, blue sky, daylight, "
people,AESTHETIC,ARCH_0250,visitors,False,"al metal louvres, wide white stone staircase with visitors in front, white hazy sky, daylight, front view from slightl"
people,AESTHETIC,ARCH_0354,visitors,False,"ntablature, wide paved ceremonial plaza with many visitors, cloudy sky, daylight, front view from a distance"
people,AESTHETIC,ARCH_0545,people,False,"attice tower with a spire, large paved plaza with people and green trees, hazy sky, daylight, front view from a dist"
people,AESTHETIC,ARCH_0174,pedestrians,False,"ng glass panels, city street with small trees and pedestrians, clear sky, daylight, low-angle perspective view"
people,AESTHETIC,ARCH_0503,pedestrian,False,"exterior photograph of a pedestrian bridge, white curved steel arch with cables supporting a cu"
people,AESTHETIC,ARCH_0268,pedestrians,False,"es, park with tall green trees and planting beds, pedestrians and bicycles, blue sky with white clouds, daylight, perspec"
people,AESTHETIC,ARCH_0544,pedestrian,False,"exterior photograph of a pedestrian bridge, wavy glass and steel canopy over a river, riverbank"
people,AESTHETIC,ARCH_0295,people,False,"bove a glass ground floor, wide paved square with people and young trees, deep blue sky, daylight, perspective view "
people,AESTHETIC,ARCH_0147,visitors,False,"ising to a crown with a cross, bronze statues and visitors on a wide paved plaza with grass strips, separate bell towe"
people,AESTHETIC,ARCH_0571,pedestrians,False,"a large sign, wide paved square with cyclists and pedestrians, glass towers behind, blue sky, daylight, perspective view "
people,CONTROL,ARCH_0547,pedestrians,False,"ange top behind, city street with cars, trees and pedestrians, daylight, perspective view at eye level"
people,CONTROL,ARCH_0428,pedestrian,False,"and large banners, concrete rooftop elements, wet pedestrian street with benches, overcast sky, daylight, perspective vi"
people,CONTROL,ARCH_0081,pedestrian,False,"h stepped setbacks and a tall antenna spire, busy pedestrian street with trees and older stone buildings, daylight, pers"
people,CONTROL,ARCH_0374,crowds,False,"de with a flat roof, huge open public square with crowds and an obelisk, trees in the foreground, daylight with thin"
people,CONTROL,ARCH_0588,people,False,"air and glazed ground floor, waterfront lawn with people walking, dusk light, perspective view at eye level"
people,CONTROL,ARCH_0264,visitors,False,"ircase, next to a historic neoclassical building, visitors on the street, blue sky with white clouds, daylight, perspe"
people,CONTROL,ARCH_0589,people,False," yellow and blue brick sculptures on a plaza with people, clear blue sky, daylight, perspective view at eye level"
people,CONTROL,ARCH_0365,people,False,"ndows and shop signs at ground level, street with people and trees, dusk light with lit shop windows, perspective vi"
people,CONTROL,ARCH_0422,pedestrians,False,"ies and tall ventilation towers, city street with pedestrians and parked cars, blue sky with white clouds, daylight, pers"
greenery,AESTHETIC,ARCH_0118,park,False,"ur water with a promenade, city skyline and green park behind, overcast sky, daylight, elevated panoramic view"
greenery,AESTHETIC,ARCH_0141,lawn,False,"ace, crowds of visitors, clipped green hedges and lawn in front, pale blue sky, daylight, front view from a distan"
greenery,AESTHETIC,ARCH_0141,hedges,False,"c stone palace, crowds of visitors, clipped green hedges and lawn in front, pale blue sky, daylight, front view from"
greenery,AESTHETIC,ARCH_0590,trees,False,"ass office towers, street with bicycles and young trees, clear sky, daylight, front view at eye level"
greenery,AESTHETIC,ARCH_0038,vegetation,False,"erfall, surrounded by bright green trees and lush vegetation, daylight, three-quarter view from below"
greenery,AESTHETIC,ARCH_0038,trees,False,"uilt over a waterfall, surrounded by bright green trees and lush vegetation, daylight, three-quarter view from belo"
greenery,AESTHETIC,ARCH_0249,trees,False,"d glass section, wide paved plaza with bare young trees and dry grass, deep blue sky, daylight, perspective view at"
greenery,AESTHETIC,ARCH_0249,grass,False,"n, wide paved plaza with bare young trees and dry grass, deep blue sky, daylight, perspective view at eye level"
greenery,AESTHETIC,ARCH_0246,lawn,False," roof surfaces rising from the ground, wide green lawn in front with a sign, towers on the horizon, sunset light w"
greenery,AESTHETIC,ARCH_0014,trees,False,"eflecting pool with travertine paving, dark green trees behind, evening sky, three-quarter view at eye level"
greenery,AESTHETIC,ARCH_0155,shrubs,False,"er on a raised podium with pools, visitors, green shrubs, hazy grey sky, daylight, front view slightly from below"
greenery,AESTHETIC,ARCH_0332,trees,False,"ay lined with clipped hedges and large dark green trees, clear blue sky, daylight, front view at eye level"
greenery,AESTHETIC,ARCH_0332,hedges,False,"tepped pyramid tower, driveway lined with clipped hedges and large dark green trees, clear blue sky, daylight, front"
greenery,AESTHETIC,ARCH_0338,trees,False,"stepped roof on a rocky cliff above the sea, pine trees and shrubs on the rocks, deep blue water with a boat, dayli"
greenery,AESTHETIC,ARCH_0338,shrubs,False,"of on a rocky cliff above the sea, pine trees and shrubs on the rocks, deep blue water with a boat, daylight, view f"
greenery,AESTHETIC,ARCH_0338,pine,False,"th a stepped roof on a rocky cliff above the sea, pine trees and shrubs on the rocks, deep blue water with a boat,"
greenery,AESTHETIC,ARCH_0463,trees,False,"ith a railing and flower baskets, park with green trees and a river, historic buildings on the far bank, blue sky w"
greenery,AESTHETIC,ARCH_0463,park,False," paved terrace with a railing and flower baskets, park with green trees and a river, historic buildings on the far"
greenery,AESTHETIC,ARCH_0543,trees,False,"nds of blue glass windows, street with thin young trees and a lamp post, blue sky with white clouds, daylight, pers"
greenery,AESTHETIC,ARCH_0536,trees,False," grey office towers around, small green hill with trees and a road barrier in front, blue sky with white clouds, da"
greenery,AESTHETIC,ARCH_0300,trees,False,"ports shading a paved square, planters with olive trees, benches with people, historic church and buildings behind,"
greenery,AESTHETIC,ARCH_0097,trees,False,"ns, stone wall and carport below, tall eucalyptus trees, daylight, front view at eye level"
greenery,AESTHETIC,ARCH_0063,grass,False,"ng glass walls, empty road with parked cars and a grass verge, deep blue sky, daylight, perspective view at eye lev"
greenery,AESTHETIC,ARCH_0464,trees,False,"ade with steps and benches, rows of clipped plane trees, curved glass towers on both sides, white overcast sky, day"
greenery,AESTHETIC,ARCH_0533,trees,False,"ve a large glass dome podium, casino signs, green trees and a bus stop at street level, clear blue sky, daylight, l"
greenery,AESTHETIC,ARCH_0471,trees,False,"trips of green climbing plants, thin roof canopy, trees in front, clear blue sky, daylight, perspective view from b"
greenery,AESTHETIC,ARCH_0471,plants,False,"ite bands and horizontal strips of green climbing plants, thin roof canopy, trees in front, clear blue sky, daylight"
greenery,AESTHETIC,ARCH_0382,trees,False,"lattice pattern and a spire, riverfront with palm trees, historic buildings and glass towers, a sailing boat on the"
greenery,AESTHETIC,ARCH_0382,palm,False,"onal lattice pattern and a spire, riverfront with palm trees, historic buildings and glass towers, a sailing boat "
greenery,AESTHETIC,ARCH_0104,shrub,False,"with gothic windows and a tiled roof, small green shrub, pale blue sky, daylight, perspective view from above the w"
greenery,AESTHETIC,ARCH_0224,vegetation,False," almost hidden by climbing plants and dense green vegetation, tropical forest and misty hills behind, hazy sky, daylight"
greenery,AESTHETIC,ARCH_0224,forest,False,"mbing plants and dense green vegetation, tropical forest and misty hills behind, hazy sky, daylight, elevated view"
greenery,AESTHETIC,ARCH_0224,plants,False," steel and glass floors almost hidden by climbing plants and dense green vegetation, tropical forest and misty hills"
greenery,AESTHETIC,ARCH_0477,trees,False,"ass facade stepping back in terraces covered with trees and shrubs, stone base along a canal with dark water and a "
greenery,AESTHETIC,ARCH_0477,shrubs,False," stepping back in terraces covered with trees and shrubs, stone base along a canal with dark water and a railing, ci"
greenery,AESTHETIC,ARCH_0213,lawn,False,"s band, surrounded by dark water and a flat green lawn, hazy blue grey sky, daylight, front view from a distance"
greenery,AESTHETIC,ARCH_0545,trees,False," a spire, large paved plaza with people and green trees, hazy sky, daylight, front view from a distance"
greenery,AESTHETIC,ARCH_0018,forest,False,"arch spanning a deep gorge, dense dark green pine forest and rock face all around, daylight, side view from a distan"
greenery,AESTHETIC,ARCH_0018,pine,False,"rete arch spanning a deep gorge, dense dark green pine forest and rock face all around, daylight, side view from a"
greenery,AESTHETIC,ARCH_0527,trees,False,"ns with woven wooden screens, tropical plants and trees below, bright sky through the openings, daylight, low-angle"
greenery,AESTHETIC,ARCH_0527,garden,False,"photograph of a garden pavilion, hexagonal timber canopies on slender steel column"
greenery,AESTHETIC,ARCH_0527,plants,False,"steel columns with woven wooden screens, tropical plants and trees below, bright sky through the openings, daylight,"
greenery,AESTHETIC,ARCH_0056,trees,False,"walls, on pilotis above a green lawn, bare autumn trees behind, overcast sky, daylight, front view"
greenery,AESTHETIC,ARCH_0056,lawn,False," roof slab, glass walls, on pilotis above a green lawn, bare autumn trees behind, overcast sky, daylight, front vi"
greenery,AESTHETIC,ARCH_0174,trees,False,"with bulging glass panels, city street with small trees and pedestrians, clear sky, daylight, low-angle perspective"
greenery,AESTHETIC,ARCH_0370,lawn,False,"concrete columns, reflecting water and dark green lawn in front, dramatic cloudy sky, daylight, perspective view a"
greenery,AESTHETIC,ARCH_0423,garden,False," roofs, red walls and a central colonnade, formal garden with clipped hedges and flags, wide paved forecourt, overca"
greenery,AESTHETIC,ARCH_0423,hedges,False,"d a central colonnade, formal garden with clipped hedges and flags, wide paved forecourt, overcast sky, daylight, fr"
greenery,AESTHETIC,ARCH_0452,tree,False,"y panels on concrete pillars over a street, green tree branches in the foreground, blue sky with white clouds, day"
greenery,AESTHETIC,ARCH_0089,trees,False," reflected in a still pond with small islands and trees, green hills behind, blue sky with clouds, daylight, front "
greenery,AESTHETIC,ARCH_0289,trees,False,"rojecting canopy, turquoise reflecting pool, palm trees and city buildings behind, clear blue sky, daylight, perspe"
greenery,AESTHETIC,ARCH_0289,palm,False,"rge projecting canopy, turquoise reflecting pool, palm trees and city buildings behind, clear blue sky, daylight, "
greenery,AESTHETIC,ARCH_0268,trees,False,"n mirror glass panels reflecting the sky, rooftop trees, park with tall green trees and planting beds, pedestrians "
greenery,AESTHETIC,ARCH_0268,trees,False,"ting the sky, rooftop trees, park with tall green trees and planting beds, pedestrians and bicycles, blue sky with "
greenery,AESTHETIC,ARCH_0268,park,False,"r glass panels reflecting the sky, rooftop trees, park with tall green trees and planting beds, pedestrians and bi"
greenery,AESTHETIC,ARCH_0057,trees,False,"r between lighter office blocks, plaza with small trees and a wide avenue, overcast sky, daylight, front view at ey"
greenery,AESTHETIC,ARCH_0072,lawn,False,"pturned white bowl on a long low base, flat green lawn in front, dark stormy sky with rain, daylight, front view f"
greenery,AESTHETIC,ARCH_0350,trees,False,"rquoise swimming pool and bright green lawn, palm trees and bare desert mountains behind, blue sky, daylight, three"
greenery,AESTHETIC,ARCH_0350,lawn,False,"chimney, turquoise swimming pool and bright green lawn, palm trees and bare desert mountains behind, blue sky, day"
greenery,AESTHETIC,ARCH_0350,palm,False,"y, turquoise swimming pool and bright green lawn, palm trees and bare desert mountains behind, blue sky, daylight,"
greenery,AESTHETIC,ARCH_0075,garden,False,"lender columns, stone path through dense tropical garden with palms and large leaves, overcast sky, daylight, low-an"
greenery,AESTHETIC,ARCH_0075,palms,False,"ns, stone path through dense tropical garden with palms and large leaves, overcast sky, daylight, low-angle view"
greenery,AESTHETIC,ARCH_0345,trees,False,"s of identical arches on every floor, dense green trees on both sides and a clipped hedge garden in front, white sk"
greenery,AESTHETIC,ARCH_0345,garden,False,"nse green trees on both sides and a clipped hedge garden in front, white sky, daylight, front view from a distance"
greenery,AESTHETIC,ARCH_0345,hedge,False,"or, dense green trees on both sides and a clipped hedge garden in front, white sky, daylight, front view from a dis"
greenery,AESTHETIC,ARCH_0544,trees,False," steel canopy over a river, riverbanks with green trees and moored boats, city and hills behind, clear sky, dayligh"
greenery,AESTHETIC,ARCH_0156,lawn,False," pediment and grand staircase, parked cars, green lawn in front, clear blue sky, daylight, perspective view at eye"
greenery,AESTHETIC,ARCH_0295,trees,False,"nd floor, wide paved square with people and young trees, deep blue sky, daylight, perspective view at eye level"
greenery,AESTHETIC,ARCH_0003,lawn,False,"n wall wing and white wings with balconies, green lawn with tall grass in front, blue sky with white clouds, dayli"
greenery,AESTHETIC,ARCH_0003,grass,False," white wings with balconies, green lawn with tall grass in front, blue sky with white clouds, daylight, three-quart"
greenery,AESTHETIC,ARCH_0230,trees,False,"nd brown panels, dry yellow grass field and small trees in front, blue sky with white clouds, daylight, front view "
greenery,AESTHETIC,ARCH_0230,grass,False,"osaic of red, orange and brown panels, dry yellow grass field and small trees in front, blue sky with white clouds,"
greenery,AESTHETIC,ARCH_0381,trees,False,"ium, slightly tapered sides, lawn with young thin trees in front, blue sky with white clouds, daylight, front low-a"
greenery,AESTHETIC,ARCH_0381,lawn,False,"s of glass and aluminium, slightly tapered sides, lawn with young thin trees in front, blue sky with white clouds,"
greenery,AESTHETIC,ARCH_0546,tree,False," drum on the corner, street with cars and a small tree, blue sky, daylight, low-angle perspective view"
greenery,AESTHETIC,ARCH_0274,tree,False,"facade with protruding square windows, dark green tree branches in the foreground, blue sky with white clouds, day"
greenery,AESTHETIC,ARCH_0581,trees,False,"s and a paved path with lamp posts and young palm trees, clear sky, daylight, perspective view at eye level"
greenery,AESTHETIC,ARCH_0581,lawns,False," a tall rounded tower clad in pale metal ribbons, lawns and a paved path with lamp posts and young palm trees, clea"
greenery,AESTHETIC,ARCH_0581,palm,False," lawns and a paved path with lamp posts and young palm trees, clear sky, daylight, perspective view at eye level"
greenery,AESTHETIC,ARCH_0080,trees,False,"arches, mosaic mural wall, large paved forecourt, trees behind, overcast sky, daylight, front view at eye level"
greenery,AESTHETIC,ARCH_0145,forest,False,"s, dappled sunlight through dense green deciduous forest, dirt path in front, daylight, front view from below"
greenery,AESTHETIC,ARCH_0176,trees,False,"ice, wide paved path with a grass verge and young trees, blue sky with white clouds, daylight, perspective view at "
greenery,AESTHETIC,ARCH_0176,grass,False," interwoven steel lattice, wide paved path with a grass verge and young trees, blue sky with white clouds, daylight"
greenery,AESTHETIC,ARCH_0285,tree,False,"terior photograph of an art gallery, large timber tree-like canopy with folded roof panels over a glass entrance a"
greenery,AESTHETIC,ARCH_0285,trees,False,"over a glass entrance and pale stone walls, green trees above, city pavement with bollards, daylight, front view at"
greenery,AESTHETIC,ARCH_0147,grass,False,"e statues and visitors on a wide paved plaza with grass strips, separate bell tower, cloudy grey sky, daylight, fro"
greenery,AESTHETIC,ARCH_0565,tree,False,"alls, green lawn with tropical shrubs and a small tree, blue sky with clouds, daylight, perspective view at eye le"
greenery,AESTHETIC,ARCH_0565,lawn,False,"lue, yellow and green over colourful walls, green lawn with tropical shrubs and a small tree, blue sky with clouds"
greenery,AESTHETIC,ARCH_0565,shrubs,False,"en over colourful walls, green lawn with tropical shrubs and a small tree, blue sky with clouds, daylight, perspecti"
greenery,CONTROL,ARCH_0420,trees,False,"he middle ground, dry lawn, winding path and pine trees, clear blue sky, winter daylight, panoramic view at eye lev"
greenery,CONTROL,ARCH_0420,lawn,False,"ith an observatory dome in the middle ground, dry lawn, winding path and pine trees, clear blue sky, winter daylig"
greenery,CONTROL,ARCH_0420,park,False,exterior photograph of a park landscape with a hilltop broadcasting tower in the distance
greenery,CONTROL,ARCH_0420,pine,False," in the middle ground, dry lawn, winding path and pine trees, clear blue sky, winter daylight, panoramic view at e"
greenery,CONTROL,ARCH_0524,trees,False,"triangular balconies, large green lawn with young trees in front, cloudy sky, daylight, perspective view at eye lev"
greenery,CONTROL,ARCH_0524,lawn,False,"rows of pointed triangular balconies, large green lawn with young trees in front, cloudy sky, daylight, perspectiv"
greenery,CONTROL,ARCH_0167,trees,False,"th large angled glazed openings, city street with trees and lamp posts in the foreground, clear blue sky, daylight,"
greenery,CONTROL,ARCH_0547,trees,False,"er with orange top behind, city street with cars, trees and pedestrians, daylight, perspective view at eye level"
greenery,CONTROL,ARCH_0552,lawn,False,"small round openings, low glazed entrance canopy, lawn in front, clear blue sky, daylight, perspective view at eye"
greenery,CONTROL,ARCH_0403,trees,False,"t, white perforated screen walls and stairs, palm trees and garden, blue sky with white clouds, daylight, perspecti"
greenery,CONTROL,ARCH_0403,garden,False,"erforated screen walls and stairs, palm trees and garden, blue sky with white clouds, daylight, perspective view at "
greenery,CONTROL,ARCH_0403,palm,False,"inaret, white perforated screen walls and stairs, palm trees and garden, blue sky with white clouds, daylight, per"
greenery,CONTROL,ARCH_0258,trees,False,"ade on a fully glazed ground floor, row of street trees and a wide road in front, blue sky with white clouds, dayli"
greenery,CONTROL,ARCH_0172,trees,False,"d path with a white parapet and garden with small trees, daylight, perspective view at eye level"
greenery,CONTROL,ARCH_0172,garden,False,"c building, cobbled path with a white parapet and garden with small trees, daylight, perspective view at eye level"
greenery,CONTROL,ARCH_0085,garden,False,"tical louvres on pilotis, fountain and landscaped garden with clipped hedges and flower beds in front, clear blue sk"
greenery,CONTROL,ARCH_0085,hedges,False,"otis, fountain and landscaped garden with clipped hedges and flower beds in front, clear blue sky, daylight, perspec"
greenery,CONTROL,ARCH_0085,landscaped,False,"h dense vertical louvres on pilotis, fountain and landscaped garden with clipped hedges and flower beds in front, clear "
greenery,CONTROL,ARCH_0041,trees,False,"framed windows and balconies, emerging from dense trees on a hillside, clear blue sky, daylight, elevated view"
greenery,CONTROL,ARCH_0060,trees,False,"t roof, on a lawn with a gravel path among autumn trees, daylight, perspective view at eye level"
greenery,CONTROL,ARCH_0060,lawn,False,"x with thin black steel frame and flat roof, on a lawn with a gravel path among autumn trees, daylight, perspectiv"
greenery,CONTROL,ARCH_0061,trees,False,"ured infill panels, surrounded by tall eucalyptus trees and a garden with timber retaining wall, daylight, perspect"
greenery,CONTROL,ARCH_0061,garden,False,"panels, surrounded by tall eucalyptus trees and a garden with timber retaining wall, daylight, perspective view at e"
greenery,CONTROL,ARCH_0012,trees,False,"and flat roof, set on a sloping lawn among autumn trees, daylight, perspective view from below"
greenery,CONTROL,ARCH_0012,lawn,False,"al ribbon windows and flat roof, set on a sloping lawn among autumn trees, daylight, perspective view from below"
greenery,CONTROL,ARCH_0540,landscaped,False,"s, white tensile roof and glazed facade, road and landscaped roundabout in front, blue sky with white clouds, daylight, "
greenery,CONTROL,ARCH_0409,lawn,False,"ised concrete platform on four curved legs, grass lawn in front, blue sky with white clouds, daylight, low-angle f"
greenery,CONTROL,ARCH_0409,grass,False,"m a raised concrete platform on four curved legs, grass lawn in front, blue sky with white clouds, daylight, low-an"
greenery,CONTROL,ARCH_0489,grassy,False," cables, low-rise residential neighbourhood and a grassy mound in the middle ground, large ceramic urns on a rooftop"
greenery,CONTROL,ARCH_0484,trees,False,"ing pool and paved walkway with a bench in front, trees, daylight, perspective view at eye level"
greenery,CONTROL,ARCH_0135,trees,False,"tall narrow glazed gaps, on a grassy hilltop with trees, blue sky with white clouds, daylight, perspective view at "
greenery,CONTROL,ARCH_0135,grassy,False,"oncrete blocks with tall narrow glazed gaps, on a grassy hilltop with trees, blue sky with white clouds, daylight, p"
greenery,CONTROL,ARCH_0140,lawn,False,"of glass and a classical portico opening, stepped lawn terraces in front, blue sky with white clouds, daylight, wi"
greenery,CONTROL,ARCH_0227,trees,False,"with a curved steel exoskeleton, seen behind palm trees and low buildings along a canal, daylight, perspective view"
greenery,CONTROL,ARCH_0227,palm,False,"ower with a curved steel exoskeleton, seen behind palm trees and low buildings along a canal, daylight, perspectiv"
greenery,CONTROL,ARCH_0231,trees,False,"mall scattered openings, on a green hillside with trees, clear blue sky, daylight, low-angle view from a distance"
greenery,CONTROL,ARCH_0595,trees,False,"tone, wide paved courtyard with benches and small trees, clear blue sky, daylight, wide-angle perspective view at e"
greenery,CONTROL,ARCH_0480,grass,False," panels on a raised podium with a curved terrace, grass slope in the foreground, overcast sky, daylight, perspectiv"
greenery,CONTROL,ARCH_0234,trees,False,"nken paved plaza with steps and a metal handrail, trees and street behind, daylight, perspective view from above th"
greenery,CONTROL,ARCH_0448,lawn,False,"ircle glazed atrium and long entrance ramp, green lawn in front, daylight, perspective view at eye level"
greenery,CONTROL,ARCH_0142,lawn,False,"rved ramps and tilted zinc-clad roof boxes, large lawn in front, blue sky with white clouds, daylight, perspective"
greenery,CONTROL,ARCH_0212,trees,False,"y tiles and bricks with small irregular openings, trees and paved street with parked cars, blue sky with white clou"
greenery,CONTROL,ARCH_0081,trees,False,"a tall antenna spire, busy pedestrian street with trees and older stone buildings, daylight, perspective view at ey"
greenery,CONTROL,ARCH_0293,trees,False,"hanging solar panel roof, street corner with bare trees and overhead cables, daylight, low-angle perspective view"
greenery,CONTROL,ARCH_0368,trees,False,"lue and grey panels, park with lawn and tall palm trees in front, overcast sky, daylight, front view at eye level f"
greenery,CONTROL,ARCH_0368,lawn,False,"a regular grid of blue and grey panels, park with lawn and tall palm trees in front, overcast sky, daylight, front"
greenery,CONTROL,ARCH_0368,park,False,"slab with a regular grid of blue and grey panels, park with lawn and tall palm trees in front, overcast sky, dayli"
greenery,CONTROL,ARCH_0368,palm,False," of blue and grey panels, park with lawn and tall palm trees in front, overcast sky, daylight, front view at eye l"
greenery,CONTROL,ARCH_0253,lawn,False,"ith circular holes and large glass curtain walls, lawn and driveway in front, residential towers behind, daylight,"
greenery,CONTROL,ARCH_0522,trees,False," sweeping steel crest over a rounded volume, palm trees and garden in front, apartment blocks behind, dusk light, p"
greenery,CONTROL,ARCH_0522,garden,False,"steel crest over a rounded volume, palm trees and garden in front, apartment blocks behind, dusk light, perspective "
greenery,CONTROL,ARCH_0522,palm,False,"large sweeping steel crest over a rounded volume, palm trees and garden in front, apartment blocks behind, dusk li"
greenery,CONTROL,ARCH_0374,trees,False,"ge open public square with crowds and an obelisk, trees in the foreground, daylight with thin clouds, elevated pano"
greenery,CONTROL,ARCH_0280,trees,False,"all of triangular blocks, set in a park lawn with trees, daylight, perspective view at eye level"
greenery,CONTROL,ARCH_0280,lawn,False,"ved blue wall of triangular blocks, set in a park lawn with trees, daylight, perspective view at eye level"
greenery,CONTROL,ARCH_0280,park,False,", curved blue wall of triangular blocks, set in a park lawn with trees, daylight, perspective view at eye level"
greenery,CONTROL,ARCH_0322,lawn,False,"h stepped massing and large dark glazed openings, lawn and planted strip along a path, overcast sky, daylight, fro"
greenery,CONTROL,ARCH_0304,trees,False,"and small square windows, gravel ground and large trees, daylight, corner perspective view at eye level"
greenery,CONTROL,ARCH_0306,lawn,False,"s with flat roof terraces and horizontal windows, lawn with clipped shrubs and a path, daylight, perspective view "
greenery,CONTROL,ARCH_0306,shrubs,False,"erraces and horizontal windows, lawn with clipped shrubs and a path, daylight, perspective view at eye level"
greenery,CONTROL,ARCH_0223,trees,False,"ngular metal sunshades, waterfront promenade with trees, high-rise towers behind, overcast sky, daylight, panoramic"
greenery,CONTROL,ARCH_0588,lawn,False,"xternal stair and glazed ground floor, waterfront lawn with people walking, dusk light, perspective view at eye le"
greenery,CONTROL,ARCH_0360,garden,False,"onies and railings on several floors, traditional garden with shrubs and rocks in front, daylight, perspective view "
greenery,CONTROL,ARCH_0360,shrubs,False,"ilings on several floors, traditional garden with shrubs and rocks in front, daylight, perspective view at eye level"
greenery,CONTROL,ARCH_0245,trees,False,"l cube raised on columns, striped paved plaza and trees, blue sky with white clouds, daylight, perspective view at "
greenery,CONTROL,ARCH_0020,trees,False,"curved glazed corner tower and rooftop lettering, trees in front, overcast sky, daylight, perspective view at eye l"
greenery,CONTROL,ARCH_0504,trees,False,"himney with a golden sphere on top, wide road and trees in front, clear blue sky, daylight, perspective view at eye"
greenery,CONTROL,ARCH_0504,plant,False,"exterior photograph of an incineration plant, colourful facade with painted patterns, irregular windows "
greenery,CONTROL,ARCH_0238,plant,False,"exterior photograph of a power plant, huge sloping facade of stacked grey aluminium bricks with "
greenery,CONTROL,ARCH_0125,lawns,False,"yellow steel masts and tension rods, car park and lawns alongside, flat open landscape, daylight, aerial view from "
greenery,CONTROL,ARCH_0125,park,False,"ded from yellow steel masts and tension rods, car park and lawns alongside, flat open landscape, daylight, aerial "
greenery,CONTROL,ARCH_0559,trees,False,"antilevered entrance canopy, street with cars and trees, evening light with pink clouds, perspective view at eye le"
greenery,CONTROL,ARCH_0397,trees,False,"r tower, topped by a pointed tent-like roof, pine trees in the foreground, daylight, perspective view at eye level"
greenery,CONTROL,ARCH_0397,pine,False," stair tower, topped by a pointed tent-like roof, pine trees in the foreground, daylight, perspective view at eye "
greenery,CONTROL,ARCH_0078,trees,False," stone mosaic mural, glazed base, large lawn with trees in front, blue sky with white clouds, daylight, front view "
greenery,CONTROL,ARCH_0078,lawn,False," colourful stone mosaic mural, glazed base, large lawn with trees in front, blue sky with white clouds, daylight, "
greenery,CONTROL,ARCH_0499,trees,False," rounded glass tower, wide city street with young trees, traffic and signs, bright overcast sky, daylight, perspect"
greenery,CONTROL,ARCH_0358,park,False,"terned screen wall on one side, empty asphalt car park in front, daylight, front view at eye level from a distance"
greenery,CONTROL,ARCH_0365,trees,False,"hop signs at ground level, street with people and trees, dusk light with lit shop windows, perspective view at eye "
greenery,CONTROL,ARCH_0116,lawn,False," entrance canopy with stairs, paved forecourt and lawn, daylight, front view at eye level"
greenery,CONTROL,ARCH_0551,trees,False," walls and small windows, sloping lawn with young trees, paved path and planting, blue sky with white clouds, dayli"
greenery,CONTROL,ARCH_0551,lawn,False,"y volcanic stone walls and small windows, sloping lawn with young trees, paved path and planting, blue sky with wh"
greenery,CONTROL,ARCH_0193,trees,False,"t roof edge, reed bed and lake in the foreground, trees behind, overcast sky, daylight, perspective view at eye lev"
greenery,CONTROL,ARCH_0369,trees,False,"d small windows, mono-pitched roof, lawn and pine trees with ivy, daylight, perspective view at eye level"
greenery,CONTROL,ARCH_0369,lawn,False,"h a chimney and small windows, mono-pitched roof, lawn and pine trees with ivy, daylight, perspective view at eye "
greenery,CONTROL,ARCH_0369,pine,False,"ey and small windows, mono-pitched roof, lawn and pine trees with ivy, daylight, perspective view at eye level"
real_photo,AESTHETIC,ARCH_0118,photograph,False,"exterior photograph of an opera house, white sail-shaped concrete shells on a s"
real_photo,AESTHETIC,ARCH_0557,photograph,False,"exterior photograph of a concert hall, dark glazed box with a large undulating "
real_photo,AESTHETIC,ARCH_0141,photograph,False,"exterior photograph of a museum, glass and steel pyramid in a courtyard of an o"
real_photo,AESTHETIC,ARCH_0590,photograph,False,"exterior photograph of an office complex, large glass and steel spheres with a "
real_photo,AESTHETIC,ARCH_0457,photograph,False,"exterior photograph of a buddhist temple, dark timber pavilion with a wide hipp"
real_photo,AESTHETIC,ARCH_0038,photograph,False,"exterior photograph of a house, cream concrete cantilevered terraces and a ston"
real_photo,AESTHETIC,ARCH_0225,photograph,False,"photograph of a museum arcade, row of stone arches framing a night cit"
real_photo,AESTHETIC,ARCH_0249,photograph,False,"exterior photograph of a cultural centre, white metal-clad flowing curved volum"
real_photo,AESTHETIC,ARCH_0062,photograph,False,"exterior photograph of a museum, white concrete spiral volume with horizontal b"
real_photo,AESTHETIC,ARCH_0476,photograph,False,"photograph of a city skyline across a wide river, television tower wit"
real_photo,AESTHETIC,ARCH_0246,photograph,False,"exterior photograph of a cultural centre, white flowing curved roof surfaces ri"
real_photo,AESTHETIC,ARCH_0014,photograph,False,"exterior photograph of an exhibition pavilion, thin flat roof slab over travert"
real_photo,AESTHETIC,ARCH_0194,photograph,False,"interior photograph of an airport terminal, undulating timber ceiling on blue s"
real_photo,AESTHETIC,ARCH_0155,photograph,False,"exterior photograph of a temple, white marble petal-shaped shells arranged like"
real_photo,AESTHETIC,ARCH_0537,photograph,False,"exterior photograph of a cable-stayed bridge, tall concrete x-shaped pylon with"
real_photo,AESTHETIC,ARCH_0332,photograph,False,"exterior photograph of a parliament building, symmetrical white stone facade wi"
real_photo,AESTHETIC,ARCH_0338,photograph,False,"aerial photograph of a house, red rendered volume with a stepped roof on a ro"
real_photo,AESTHETIC,ARCH_0507,photograph,False,"exterior photograph of a mosque, white stone walls with pointed arches and a do"
real_photo,AESTHETIC,ARCH_0529,photograph,False,"exterior night photograph of a showroom, twisting cone-shaped glass and steel volume "
real_photo,AESTHETIC,ARCH_0198,photograph,False,"exterior photograph of an opera house, white marble sloping roof planes walked "
real_photo,AESTHETIC,ARCH_0463,photograph,False,"exterior photograph of a museum, curved stone facade with tall piers and dark g"
real_photo,AESTHETIC,ARCH_0543,photograph,False,"exterior photograph of a building, faceted white concrete volume with folded pl"
real_photo,AESTHETIC,ARCH_0536,photograph,False,"exterior photograph of skyscrapers, tall glass tower wrapped in a white diagona"
real_photo,AESTHETIC,ARCH_0300,photograph,False,"photograph of a public canopy, large timber waffle lattice structure o"
real_photo,AESTHETIC,ARCH_0250,photograph,False,"exterior photograph of a museum, huge rounded volume clad in dark horizontal me"
real_photo,AESTHETIC,ARCH_0097,photograph,False,"exterior photograph of a single-family house, white box raised on thin steel co"
real_photo,AESTHETIC,ARCH_0554,photograph,False,"exterior photograph of a film museum, white faceted angular volume with sharp c"
real_photo,AESTHETIC,ARCH_0063,photograph,False,"exterior photograph of an airport terminal, concrete shell roof shaped like win"
real_photo,AESTHETIC,ARCH_0464,photograph,False,exterior photograph of a hollow cube-shaped office monument at the end of a lon
real_photo,AESTHETIC,ARCH_0533,photograph,False,"exterior photograph of a hotel tower, gold glass tower flaring outwards at the "
real_photo,AESTHETIC,ARCH_0171,photograph,False,"exterior photograph of a concert hall, curved and folded stainless steel panels"
real_photo,AESTHETIC,ARCH_0354,photograph,False,"exterior photograph of a mausoleum, rectangular sandstone temple with a row of "
real_photo,AESTHETIC,ARCH_0483,photograph,False,"exterior photograph of a cable-stayed bridge, tall white bent pylon with fan of"
real_photo,AESTHETIC,ARCH_0471,photograph,False,"exterior photograph of an office building, curved multi-storey facade with whit"
real_photo,AESTHETIC,ARCH_0517,photograph,False,"exterior photograph of a civic centre, huge wavy grey roof on steel columns wit"
real_photo,AESTHETIC,ARCH_0382,photograph,False,"exterior photograph of a television tower, slender concrete tower with a diagon"
real_photo,AESTHETIC,ARCH_0482,photograph,False,"exterior photograph of an office building, pair of towers, one of curved glass "
real_photo,AESTHETIC,ARCH_0104,photograph,False,"exterior photograph of a castle museum, brick crenellated wall and tall brick t"
real_photo,AESTHETIC,ARCH_0224,photograph,False,"exterior photograph of a hotel, dark steel and glass floors almost hidden by cl"
real_photo,AESTHETIC,ARCH_0414,photograph,False,"exterior photograph of an office skyscraper, tall slab with dense vertical conc"
real_photo,AESTHETIC,ARCH_0477,photograph,False,"exterior photograph of an office building, glass facade stepping back in terrac"
real_photo,AESTHETIC,ARCH_0585,photograph,False,"exterior photograph of a residential building, tall sloping triangular pyramid-"
real_photo,AESTHETIC,ARCH_0213,photograph,False,"exterior photograph of a theatre, huge elliptical dome of titanium panels with "
real_photo,AESTHETIC,ARCH_0288,photograph,False,"exterior photograph of a museum, curved hourglass-shaped volume covered in shin"
real_photo,AESTHETIC,ARCH_0545,photograph,False,"exterior photograph of a television tower, very tall slender twisted steel latt"
real_photo,AESTHETIC,ARCH_0018,photograph,False,"exterior photograph of a road bridge, slender white concrete arch spanning a de"
real_photo,AESTHETIC,ARCH_0527,photograph,False,"photograph of a garden pavilion, hexagonal timber canopies on slender "
real_photo,AESTHETIC,ARCH_0582,photograph,False,"exterior photograph of a museum, long low curved white volume along a riverbank"
real_photo,AESTHETIC,ARCH_0056,photograph,False,"exterior photograph of a single-family house, white steel frame with a floating"
real_photo,AESTHETIC,ARCH_0174,photograph,False,"exterior photograph of a shop building, tall volume wrapped in a diamond-shaped"
real_photo,AESTHETIC,ARCH_0370,photograph,False,"exterior photograph of a presidential palace, long low glass volume behind a ro"
real_photo,AESTHETIC,ARCH_0387,photograph,False,"exterior photograph of an airport terminal, long sweeping concave concrete roof"
real_photo,AESTHETIC,ARCH_0423,photograph,False,"exterior photograph of a memorial hall, symmetrical building with sweeping uptu"
real_photo,AESTHETIC,ARCH_0452,photograph,False,"exterior photograph of a housing complex, tilted cube houses clad in yellow and"
real_photo,AESTHETIC,ARCH_0472,photograph,False,"exterior photograph of a mosque, very tall square minaret with carved geometric"
real_photo,AESTHETIC,ARCH_0570,photograph,False,"exterior photograph of a library, white triangular stepped glass building on th"
real_photo,AESTHETIC,ARCH_0089,photograph,False,"exterior photograph of a museum, white panelled box raised on thin columns with"
real_photo,AESTHETIC,ARCH_0503,photograph,False,"exterior photograph of a pedestrian bridge, white curved steel arch with cables"
real_photo,AESTHETIC,ARCH_0289,photograph,False,"exterior photograph of a science museum, long white cantilevered roof with ribb"
real_photo,AESTHETIC,ARCH_0268,photograph,False,"exterior photograph of an art depot, large rounded bowl-shaped volume clad in m"
real_photo,AESTHETIC,ARCH_0247,photograph,False,"exterior photograph of an opera house, angular faceted volumes clad in white pa"
real_photo,AESTHETIC,ARCH_0057,photograph,False,"exterior photograph of an office skyscraper, dark bronze glass and metal curtai"
real_photo,AESTHETIC,ARCH_0072,photograph,False,"exterior photograph of a government complex, twin concrete towers linked by a b"
real_photo,AESTHETIC,ARCH_0350,photograph,False,"exterior photograph of a villa, low horizontal volumes with flat roof slabs, gl"
real_photo,AESTHETIC,ARCH_0075,photograph,False,"exterior photograph of a house, glass box with thin metal frame raised on slend"
real_photo,AESTHETIC,ARCH_0379,photograph,False,"exterior photograph of a house, glass pavilion with a thin cantilevered flat ro"
real_photo,AESTHETIC,ARCH_0345,photograph,False,"exterior photograph of a cube-shaped building, white stone facade with rows of "
real_photo,AESTHETIC,ARCH_0544,photograph,False,"exterior photograph of a pedestrian bridge, wavy glass and steel canopy over a "
real_photo,AESTHETIC,ARCH_0156,photograph,False,"exterior photograph of a neoclassical government building, sandstone facade wit"
real_photo,AESTHETIC,ARCH_0295,photograph,False,"exterior photograph of a library, curved volume clad in warm spruce timber lift"
real_photo,AESTHETIC,ARCH_0003,photograph,False,"exterior photograph of a school building, grey rendered block with vertical let"
real_photo,AESTHETIC,ARCH_0230,photograph,False,"exterior photograph of a stadium, oval bowl clad in a mosaic of red, orange and"
real_photo,AESTHETIC,ARCH_0381,photograph,False,"exterior photograph of an office building, tall slab with horizontal bands of g"
real_photo,AESTHETIC,ARCH_0546,photograph,False,"exterior photograph of a convention centre, tall pale stone-clad block with a t"
real_photo,AESTHETIC,ARCH_0274,photograph,False,"exterior photograph of a university building, undulating wavy brick facade with"
real_photo,AESTHETIC,ARCH_0518,photograph,False,photograph of a green stepped skyscraper with segmented tiers towering
real_photo,AESTHETIC,ARCH_0542,photograph,False,"exterior photograph of a residential tower, white tower with wavy continuous ba"
real_photo,AESTHETIC,ARCH_0581,photograph,False,"exterior photograph of a cultural centre, cluster of smooth rounded pebble-like"
real_photo,AESTHETIC,ARCH_0460,photograph,False,"exterior photograph of a mosque, large white tent-like triangular roof between "
real_photo,AESTHETIC,ARCH_0080,photograph,False,"exterior photograph of a restaurant, white concrete hyperbolic shells with poin"
real_photo,AESTHETIC,ARCH_0145,photograph,False,"exterior photograph of a chapel, tall slender timber lattice structure with a s"
real_photo,AESTHETIC,ARCH_0176,photograph,False,"exterior photograph of a stadium, oval bowl wrapped in an irregular interwoven "
real_photo,AESTHETIC,ARCH_0285,photograph,False,"exterior photograph of an art gallery, large timber tree-like canopy with folde"
real_photo,AESTHETIC,ARCH_0147,photograph,False,"exterior photograph of a cathedral, ring of curved white concrete ribs rising t"
real_photo,AESTHETIC,ARCH_0088,photograph,False,"exterior photograph of a cathedral, tall sloping walls clad in silver metal for"
real_photo,AESTHETIC,ARCH_0040,photograph,False,"exterior photograph of a skyscraper, tall stepped stone tower with a spire, bet"
real_photo,AESTHETIC,ARCH_0192,photograph,False,"exterior photograph of a viaduct, very long cable-stayed bridge with tall thin "
real_photo,AESTHETIC,ARCH_0565,photograph,False,"exterior photograph of a museum, cluster of brightly coloured folded metal roof"
real_photo,AESTHETIC,ARCH_0571,photograph,False,"exterior photograph of a railway station, sharp angled roof clad in shiny steel"
real_photo,CONTROL,ARCH_0420,photograph,False,exterior photograph of a park landscape with a hilltop broadcasting tower in th
real_photo,CONTROL,ARCH_0046,photograph,False,"exterior photograph of a church, sequence of parabolic concrete vaults, the lar"
real_photo,CONTROL,ARCH_0524,photograph,False,"exterior photograph of a housing complex, two long glass and steel blocks with "
real_photo,CONTROL,ARCH_0167,photograph,False,"exterior photograph of a concert hall, faceted white concrete polyhedron with l"
real_photo,CONTROL,ARCH_0584,photograph,False,"exterior photograph of a congress centre, large rectangular box with a full gla"
real_photo,CONTROL,ARCH_0547,photograph,False,"exterior photograph of a cultural centre, long low volume with a rusted weather"
real_photo,CONTROL,ARCH_0552,photograph,False,"exterior photograph of a library, large white box-shaped volume covered with a "
real_photo,CONTROL,ARCH_0403,photograph,False,"exterior photograph of a mosque, folded star-shaped roof in turquoise tiles, sl"
real_photo,CONTROL,ARCH_0486,photograph,False,"exterior photograph of a science museum, large ship-shaped volume clad in green"
real_photo,CONTROL,ARCH_0258,photograph,False,"exterior photograph of a museum, long box with a white timber lattice facade on"
real_photo,CONTROL,ARCH_0172,photograph,False,"exterior photograph of a museum, zigzag volume clad in zinc panels with slashed"
real_photo,CONTROL,ARCH_0085,photograph,False,"exterior photograph of a museum, long raised concrete volume with dense vertica"
real_photo,CONTROL,ARCH_0309,photograph,False,"exterior photograph of an office skyscraper, tall stepped tower with vertical s"
real_photo,CONTROL,ARCH_0199,photograph,False,"exterior photograph of a skyscraper, rounded bullet-shaped tower with a skin of"
real_photo,CONTROL,ARCH_0319,photograph,False,"exterior photograph of an office skyscraper, slender tower with horizontal wind"
real_photo,CONTROL,ARCH_0041,photograph,False,"exterior photograph of a single-family house, white horizontal volumes with ban"
real_photo,CONTROL,ARCH_0060,photograph,False,"exterior photograph of a single-family house, transparent glass box with thin b"
real_photo,CONTROL,ARCH_0061,photograph,False,"exterior photograph of a single-family house, black steel frame with large glas"
real_photo,CONTROL,ARCH_0012,photograph,False,"exterior photograph of a single-family villa, long low white volume with horizo"
real_photo,CONTROL,ARCH_0540,photograph,False,"exterior photograph of a stadium, large white steel arch spanning over the stan"
real_photo,CONTROL,ARCH_0117,photograph,False,"exterior photograph of a television tower, very tall slender concrete shaft wit"
real_photo,CONTROL,ARCH_0409,photograph,False,"exterior photograph of a television tower, tall steel lattice mast rising from "
real_photo,CONTROL,ARCH_0052,photograph,False,"exterior photograph of a bridge, large steel arch with a deck suspended below a"
real_photo,CONTROL,ARCH_0501,photograph,False,"exterior photograph of a cable-stayed bridge, long steel deck on concrete piers"
real_photo,CONTROL,ARCH_0487,photograph,False,exterior photograph of a suspension bridge in the distance with tall towers and
real_photo,CONTROL,ARCH_0489,photograph,False,exterior photograph of a suspension bridge in the distance with a tall steel to
real_photo,CONTROL,ARCH_0484,photograph,False,"exterior photograph of a chapel, tinted concrete box with several curved roof l"
real_photo,CONTROL,ARCH_0135,photograph,False,"exterior photograph of a church, irregular stacked composition of large concret"
real_photo,CONTROL,ARCH_0140,photograph,False,"exterior photograph of a housing complex, curved block of prefabricated concret"
real_photo,CONTROL,ARCH_0428,photograph,False,"exterior photograph of a cultural centre, long multi-storey glass curtain wall "
real_photo,CONTROL,ARCH_0227,photograph,False,"exterior photograph of a hotel tower, tall white sail-shaped tower with a curve"
real_photo,CONTROL,ARCH_0231,photograph,False,"exterior photograph of a library, three large dark stone-clad angular volumes l"
real_photo,CONTROL,ARCH_0359,photograph,False,"exterior photograph of a mausoleum tower, tall open concrete tower of twelve sl"
real_photo,CONTROL,ARCH_0595,photograph,False,"exterior photograph of a mosque, tall square minaret tower and a long portico o"
real_photo,CONTROL,ARCH_0480,photograph,False,"exterior photograph of a museum, long low rectangular volumes of frosted glass "
real_photo,CONTROL,ARCH_0574,photograph,False,"exterior photograph of a museum, box-shaped volume wrapped in a white honeycomb"
real_photo,CONTROL,ARCH_0234,photograph,False,"exterior photograph of a museum, long flat raw concrete slab spanning over a su"
real_photo,CONTROL,ARCH_0448,photograph,False,"exterior photograph of a museum, white enamelled metal panel volumes with a cur"
real_photo,CONTROL,ARCH_0142,photograph,False,"exterior photograph of a museum, white rendered sculptural volumes with curved "
real_photo,CONTROL,ARCH_0212,photograph,False,"exterior photograph of a museum, large sloping walls built of recycled grey til"
real_photo,CONTROL,ARCH_0337,photograph,False,"exterior photograph of an office and exhibition complex, low red brick volumes "
real_photo,CONTROL,ARCH_0100,photograph,False,"exterior photograph of an office skyscraper, slender tapered glass and aluminiu"
real_photo,CONTROL,ARCH_0081,photograph,False,"exterior photograph of a skyscraper, slender glass and steel tower with stepped"
real_photo,CONTROL,ARCH_0293,photograph,False,"exterior photograph of an office building, six-storey glass and white panel fac"
real_photo,CONTROL,ARCH_0538,photograph,False,"exterior photograph of a skyscraper, very tall tapering glass tower with a trap"
real_photo,CONTROL,ARCH_0368,photograph,False,"exterior photograph of an office tower, rectangular glass curtain wall slab wit"
real_photo,CONTROL,ARCH_0253,photograph,False,"exterior photograph of a theatre, box-shaped volume with curved white concrete "
real_photo,CONTROL,ARCH_0522,photograph,False,"exterior photograph of an opera house, curved white concrete shells and a large"
real_photo,CONTROL,ARCH_0374,photograph,False,"exterior photograph of a parliament building, long symmetrical colonnaded stone"
real_photo,CONTROL,ARCH_0202,photograph,False,"exterior photograph of a parliament building, layered facade of stone, timber a"
real_photo,CONTROL,ARCH_0121,photograph,False,"exterior photograph of a parliament building, massive raw concrete cylinders an"
real_photo,CONTROL,ARCH_0280,photograph,False,"exterior photograph of a pavilion, wide circular timber roof with triangular la"
real_photo,CONTROL,ARCH_0027,photograph,False,"exterior photograph of a public building, white rectangular block with a regula"
real_photo,CONTROL,ARCH_0322,photograph,False,"exterior photograph of a railway station, symmetrical sand-coloured stone facad"
real_photo,CONTROL,ARCH_0189,photograph,False,"exterior photograph of a school building, cubic exposed concrete volume with ir"
real_photo,CONTROL,ARCH_0304,photograph,False,"exterior photograph of a single-family house, simple white rendered cubic volum"
real_photo,CONTROL,ARCH_0153,photograph,False,"exterior photograph of a small house, blank exposed concrete facade with visibl"
real_photo,CONTROL,ARCH_0306,photograph,False,"exterior photograph of a villa, stepped white rendered cubic volumes with flat "
real_photo,CONTROL,ARCH_0029,photograph,False,"photograph of a football stadium, curved open stands of grey seats aro"
real_photo,CONTROL,ARCH_0223,photograph,False,"exterior photograph of a theatre complex, two rounded domes covered with a dens"
real_photo,CONTROL,ARCH_0287,photograph,False,"exterior photograph of a university building, rectangular block clad in a grid "
real_photo,CONTROL,ARCH_0588,photograph,False,"exterior photograph of an arts centre, rounded elongated volume clad in pale ce"
real_photo,CONTROL,ARCH_0360,photograph,False,"exterior photograph of a cultural centre, low horizontal concrete building with"
real_photo,CONTROL,ARCH_0264,photograph,False,"exterior photograph of a museum entrance building, white stone colonnade of sle"
real_photo,CONTROL,ARCH_0245,photograph,False,"exterior photograph of a theatre, large silver sphere and white box volumes plu"
real_photo,CONTROL,ARCH_0589,photograph,False,"exterior photograph of an experience centre, stacked white tiled cubic volumes "
real_photo,CONTROL,ARCH_0020,photograph,False,"exterior black and white photograph of a factory, long multi-storey white concrete and glass cu"
real_photo,CONTROL,ARCH_0504,photograph,False,"exterior photograph of an incineration plant, colourful facade with painted pat"
real_photo,CONTROL,ARCH_0238,photograph,False,"exterior photograph of a power plant, huge sloping facade of stacked grey alumi"
real_photo,CONTROL,ARCH_0342,photograph,False,"exterior photograph of a power station, white horizontal building with a tall s"
real_photo,CONTROL,ARCH_0125,photograph,False,"exterior photograph of a warehouse, long flat roof suspended from yellow steel "
real_photo,CONTROL,ARCH_0137,photograph,False,"exterior photograph of a tower building, curved facade with metal panels and ri"
real_photo,CONTROL,ARCH_0371,photograph,False,"exterior photograph of a broadcasting tower, tall red and white steel lattice t"
real_photo,CONTROL,ARCH_0559,photograph,False,"exterior photograph of a sports arena, faceted angular volumes clad in blue and"
real_photo,CONTROL,ARCH_0129,photograph,False,"exterior photograph of a housing complex, long raw concrete terraces with balco"
real_photo,CONTROL,ARCH_0397,photograph,False,"exterior photograph of a hotel, layered concrete structure of stacked horizonta"
real_photo,CONTROL,ARCH_0078,photograph,False,"exterior photograph of a library, tall windowless block entirely covered with a"
real_photo,CONTROL,ARCH_0499,photograph,False,"exterior photograph of a mixed-use complex, glass and stone office blocks with "
real_photo,CONTROL,ARCH_0109,photograph,False,"exterior photograph of a university building, red brick and glass tower with an"
real_photo,CONTROL,ARCH_0358,photograph,False,"exterior photograph of a concert hall, long low volume with glazed ground floor"
real_photo,CONTROL,ARCH_0365,photograph,False,"exterior photograph of a factory building converted to galleries, three-storey "
real_photo,CONTROL,ARCH_0113,photograph,False,"exterior photograph of a residential tower, raw concrete cylindrical shafts wit"
real_photo,CONTROL,ARCH_0116,photograph,False,"exterior photograph of a museum, white stone cladding with a zigzag roofline of"
real_photo,CONTROL,ARCH_0048,photograph,False,"exterior photograph of a hotel tower, dark brown brick facade with stepped setb"
real_photo,CONTROL,ARCH_0422,photograph,False,"exterior photograph of a housing and shopping complex, long stepped terraces of"
real_photo,CONTROL,ARCH_0551,photograph,False,"exterior photograph of a hospital, long low buildings with rough grey volcanic "
real_photo,CONTROL,ARCH_0083,photograph,False,"exterior photograph of a bank building, raw concrete facade with deep vertical "
real_photo,CONTROL,ARCH_0193,photograph,False,"exterior photograph of a corporate building, long curved glass facade with thin"
real_photo,CONTROL,ARCH_0369,photograph,False,"exterior photograph of a courtyard house, low single-storey yellow brick walls "
water,AESTHETIC,ARCH_0118,water,False,"shaped concrete shells on a stone podium, harbour water with a promenade, city skyline and green park behind, overc"
water,AESTHETIC,ARCH_0118,harbour,False,"te sail-shaped concrete shells on a stone podium, harbour water with a promenade, city skyline and green park behind,"
water,AESTHETIC,ARCH_0557,sea,False,"with moored boats and an orange rescue boat, blue sea, blue sky, daylight, elevated perspective view"
water,AESTHETIC,ARCH_0557,harbour,False,"ox with a large undulating timber-clad roof edge, harbour quay with moored boats and an orange rescue boat, blue sea,"
water,AESTHETIC,ARCH_0457,lake,False,"hipped grey tiled roof on a stone platform over a lake, timber deck with a reclining statue in the foreground, row"
water,AESTHETIC,ARCH_0225,water,False,"ity skyline with coloured lights reflected in the water, polished stone floor, evening light, front view at eye lev"
water,AESTHETIC,ARCH_0476,river,False,"photograph of a city skyline across a wide river, television tower with pink spheres among glass skyscrapers"
water,AESTHETIC,ARCH_0476,river,False,"ith pink spheres among glass skyscrapers, a white river boat in the foreground, hazy sky, daylight, panoramic view "
water,AESTHETIC,ARCH_0014,pool,False,"lished stone and glass panels, shallow reflecting pool with travertine paving, dark green trees behind, evening sk"
water,AESTHETIC,ARCH_0155,pools,False,"anged like a lotus flower on a raised podium with pools, visitors, green shrubs, hazy grey sky, daylight, front vie"
water,AESTHETIC,ARCH_0537,river,False,"l concrete x-shaped pylon with many cables over a river and highway interchange, dense city of towers behind, blue "
water,AESTHETIC,ARCH_0338,water,False,"ea, pine trees and shrubs on the rocks, deep blue water with a boat, daylight, view from above"
water,AESTHETIC,ARCH_0338,sea,False,"me with a stepped roof on a rocky cliff above the sea, pine trees and shrubs on the rocks, deep blue water with a"
water,AESTHETIC,ARCH_0198,waterfront,False,"rs, large tilted glass facade, white stage tower, waterfront, clear blue sky, daylight, perspective view at eye level"
water,AESTHETIC,ARCH_0463,river,False,"g and flower baskets, park with green trees and a river, historic buildings on the far bank, blue sky with white cl"
water,AESTHETIC,ARCH_0554,river,False," a long glass band, on a waterfront across a wide river, apartment building and crane behind, cloudy sky, daylight,"
water,AESTHETIC,ARCH_0554,waterfront,False,"rp cantilevered edges and a long glass band, on a waterfront across a wide river, apartment building and crane behind, c"
water,AESTHETIC,ARCH_0483,river,False,"e bent pylon with fan of cables over a wide brown river, quays and apartment towers behind, clear blue sky, dayligh"
water,AESTHETIC,ARCH_0382,river,False,"ings and glass towers, a sailing boat on the blue river, clear sky, daylight, front view from a distance"
water,AESTHETIC,ARCH_0477,water,False,"es and shrubs, stone base along a canal with dark water and a railing, city buildings around, evening sky, perspect"
water,AESTHETIC,ARCH_0477,canal,False,"covered with trees and shrubs, stone base along a canal with dark water and a railing, city buildings around, eveni"
water,AESTHETIC,ARCH_0585,water,False,"with clouds, daylight, front view from across the water"
water,AESTHETIC,ARCH_0585,river,False,"lazed courtyard facade, dense city towers behind, river in the foreground, blue sky with clouds, daylight, front vi"
water,AESTHETIC,ARCH_0213,water,False,"els with a central glass band, surrounded by dark water and a flat green lawn, hazy blue grey sky, daylight, front "
water,AESTHETIC,ARCH_0582,river,False,"lume along a riverbank with a walkable roof, wide river in the foreground with a rowing boat, cloudy sky, daylight,"
water,AESTHETIC,ARCH_0370,water,False,"slender curved white concrete columns, reflecting water and dark green lawn in front, dramatic cloudy sky, daylight"
water,AESTHETIC,ARCH_0570,river,False," stepped glass building on the far bank of a wide river, long stone bridge with lamp posts, ornate cast iron railin"
water,AESTHETIC,ARCH_0089,pond,False,"columns with ribbon windows, reflected in a still pond with small islands and trees, green hills behind, blue sky "
water,AESTHETIC,ARCH_0503,river,False," arch with cables supporting a curved deck over a river, quays with historic buildings behind, reflections on windo"
water,AESTHETIC,ARCH_0289,pool,False,"d a large projecting canopy, turquoise reflecting pool, palm trees and city buildings behind, clear blue sky, dayl"
water,AESTHETIC,ARCH_0247,water,False,"nels and a diagonal glass lattice, reflected in a water basin, towers behind, pale overcast sky, daylight, perspect"
water,AESTHETIC,ARCH_0350,pool,False,"ass walls and a stone chimney, turquoise swimming pool and bright green lawn, palm trees and bare desert mountains"
water,AESTHETIC,ARCH_0379,pool,False,"levered flat roof on a hillside terrace, swimming pool edge, black metal chairs and a red stool, dry grasses and s"
water,AESTHETIC,ARCH_0544,river,False,"strian bridge, wavy glass and steel canopy over a river, riverbanks with green trees and moored boats, city and hil"
water,AESTHETIC,ARCH_0542,waterfront,False,"balconies next to a low glazed office block, bare waterfront ground in front, pale hazy sky, daylight, perspective view "
water,CONTROL,ARCH_0486,water,False,"lume clad in green copper panels, rising from the water with a sloping roof, footbridge alongside, harbour water in"
water,CONTROL,ARCH_0486,water,False,"ith a sloping roof, footbridge alongside, harbour water in the foreground, daylight, side view from across the wate"
water,CONTROL,ARCH_0486,water,False,"e foreground, daylight, side view from across the water"
water,CONTROL,ARCH_0486,harbour,False," water with a sloping roof, footbridge alongside, harbour water in the foreground, daylight, side view from across th"
water,CONTROL,ARCH_0052,water,False,"below and stone pylons at both ends, wide harbour water in the foreground and city towers behind, blue sky with whi"
water,CONTROL,ARCH_0052,water,False,"te clouds, daylight, side panoramic view from the water"
water,CONTROL,ARCH_0052,harbour,False,"spended below and stone pylons at both ends, wide harbour water in the foreground and city towers behind, blue sky wi"
water,CONTROL,ARCH_0501,water,False,"oreground, hazy sky, daylight, side view from the water"
water,CONTROL,ARCH_0501,sea,False," tall concrete pylons and fan-shaped cables, flat sea in the foreground, hazy sky, daylight, side view from the w"
water,CONTROL,ARCH_0484,pool,False,"ght volumes of different heights, long reflecting pool and paved walkway with a bench in front, trees, daylight, p"
water,CONTROL,ARCH_0227,canal,False," seen behind palm trees and low buildings along a canal, daylight, perspective view from a distance at eye level"
water,CONTROL,ARCH_0121,pool,False,"cular openings and marble inlay lines, reflecting pool and brick paving in front, daylight, perspective view at ey"
water,CONTROL,ARCH_0223,water,False,"ast sky, daylight, panoramic view from across the water"
water,CONTROL,ARCH_0223,waterfront,False,"th a dense pattern of triangular metal sunshades, waterfront promenade with trees, high-rise towers behind, overcast sky"
water,CONTROL,ARCH_0588,waterfront,False," columns, external stair and glazed ground floor, waterfront lawn with people walking, dusk light, perspective view at e"
water,CONTROL,ARCH_0342,water,False,"y with white clouds, daylight, side view from the water"
water,CONTROL,ARCH_0342,sea,False,"a tall striped red and white chimney, pier in the sea in the foreground, blue sky with white clouds, daylight, si"
water,CONTROL,ARCH_0193,lake,False,"s under a projecting flat roof edge, reed bed and lake in the foreground, trees behind, overcast sky, daylight, pe"
sunny,AESTHETIC,ARCH_0145,sunlight,False,"with a steep gabled roof and glass walls, dappled sunlight through dense green deciduous forest, dirt path in front, d"
sunny,CONTROL,ARCH_0584,sunlight,False,"rs parked along the street, deep blue sky, strong sunlight, perspective view at eye level"
curved_organic,AESTHETIC,ARCH_0118,shells,False,"aph of an opera house, white sail-shaped concrete shells on a stone podium, harbour water with a promenade, city sky"
curved_organic,AESTHETIC,ARCH_0557,undulating,False,"h of a concert hall, dark glazed box with a large undulating timber-clad roof edge, harbour quay with moored boats and a"
curved_organic,AESTHETIC,ARCH_0590,spheres,False,"graph of an office complex, large glass and steel spheres with a pentagonal lattice structure, surrounded by tall gla"
curved_organic,AESTHETIC,ARCH_0225,arches,False,"photograph of a museum arcade, row of stone arches framing a night city skyline with coloured lights reflected"
curved_organic,AESTHETIC,ARCH_0249,curved,False,"ph of a cultural centre, white metal-clad flowing curved volumes with a dark faceted glass section, wide paved plaza"
curved_organic,AESTHETIC,ARCH_0476,spheres,False,"e across a wide river, television tower with pink spheres among glass skyscrapers, a white river boat in the foregrou"
curved_organic,AESTHETIC,ARCH_0246,curved,False,"or photograph of a cultural centre, white flowing curved roof surfaces rising from the ground, wide green lawn in fr"
curved_organic,AESTHETIC,ARCH_0194,undulating,False,"interior photograph of an airport terminal, undulating timber ceiling on blue steel branching columns, glass walls"
curved_organic,AESTHETIC,ARCH_0155,shells,False,"photograph of a temple, white marble petal-shaped shells arranged like a lotus flower on a raised podium with pools,"
curved_organic,AESTHETIC,ARCH_0507,dome,False,"sque, white stone walls with pointed arches and a dome, slender white minaret, large polished marble courtyard wit"
curved_organic,AESTHETIC,ARCH_0507,arches,False,"graph of a mosque, white stone walls with pointed arches and a dome, slender white minaret, large polished marble co"
curved_organic,AESTHETIC,ARCH_0463,curved,False,"exterior photograph of a museum, curved stone facade with tall piers and dark glazing, sweeping pav"
curved_organic,AESTHETIC,ARCH_0536,oval,False,"tower wrapped in a white diagonal lattice with an oval opening near the top, grey office towers around, small gree"
curved_organic,AESTHETIC,ARCH_0250,rounded,False,"exterior photograph of a museum, huge rounded volume clad in dark horizontal metal louvres, wide white st"
curved_organic,AESTHETIC,ARCH_0063,shell,False,"erior photograph of an airport terminal, concrete shell roof shaped like wings with long sloping glass walls, empty"
curved_organic,AESTHETIC,ARCH_0464,curved,False,"h steps and benches, rows of clipped plane trees, curved glass towers on both sides, white overcast sky, daylight, f"
curved_organic,AESTHETIC,ARCH_0533,dome,False,"ards at the top like a flower above a large glass dome podium, casino signs, green trees and a bus stop at street "
curved_organic,AESTHETIC,ARCH_0171,curved,False,"exterior photograph of a concert hall, curved and folded stainless steel panels forming sculptural sails "
curved_organic,AESTHETIC,ARCH_0471,curved,False,"exterior photograph of an office building, curved multi-storey facade with white bands and horizontal strips "
curved_organic,AESTHETIC,ARCH_0517,cylindrical,False,"vy grey roof on steel columns with yellow and red cylindrical volumes beneath, very large empty paved square with a cycli"
curved_organic,AESTHETIC,ARCH_0482,curved,False,"aph of an office building, pair of towers, one of curved glass pinched at the waist on tilted columns and one of ren"
curved_organic,AESTHETIC,ARCH_0213,dome,False,"exterior photograph of a theatre, huge elliptical dome of titanium panels with a central glass band, surrounded by"
curved_organic,AESTHETIC,ARCH_0288,curved,False,"exterior photograph of a museum, curved hourglass-shaped volume covered in shiny silver hexagonal t"
curved_organic,AESTHETIC,ARCH_0582,curved,False,"exterior photograph of a museum, long low curved white volume along a riverbank with a walkable roof, wide r"
curved_organic,AESTHETIC,ARCH_0370,curved,False,"ce, long low glass volume behind a row of slender curved white concrete columns, reflecting water and dark green law"
curved_organic,AESTHETIC,ARCH_0387,curved,False,"of held by rows of inclined piers, control tower, curved access roads with cars and green verges, pale evening sky, "
curved_organic,AESTHETIC,ARCH_0503,curved,False,"exterior photograph of a pedestrian bridge, white curved steel arch with cables supporting a curved deck over a rive"
curved_organic,AESTHETIC,ARCH_0503,curved,False," white curved steel arch with cables supporting a curved deck over a river, quays with historic buildings behind, re"
curved_organic,AESTHETIC,ARCH_0268,rounded,False,"exterior photograph of an art depot, large rounded bowl-shaped volume clad in mirror glass panels reflecting t"
curved_organic,AESTHETIC,ARCH_0072,dome,False," twin concrete towers linked by a bridge, a white dome and an upturned white bowl on a long low base, flat green l"
curved_organic,AESTHETIC,ARCH_0345,arches,False,"ilding, white stone facade with rows of identical arches on every floor, dense green trees on both sides and a clipp"
curved_organic,AESTHETIC,ARCH_0295,curved,False,"exterior photograph of a library, curved volume clad in warm spruce timber lifting above a glass gro"
curved_organic,AESTHETIC,ARCH_0230,oval,False,"exterior photograph of a stadium, oval bowl clad in a mosaic of red, orange and brown panels, dry "
curved_organic,AESTHETIC,ARCH_0546,curved,False," centre, tall pale stone-clad block with a tilted curved glass atrium drum on the corner, street with cars and a sma"
curved_organic,AESTHETIC,ARCH_0274,undulating,False,"exterior photograph of a university building, undulating wavy brick facade with protruding square windows, dark gree"
curved_organic,AESTHETIC,ARCH_0581,rounded,False,"hotograph of a cultural centre, cluster of smooth rounded pebble-like volumes and a tall rounded tower clad in pale m"
curved_organic,AESTHETIC,ARCH_0581,rounded,False," of smooth rounded pebble-like volumes and a tall rounded tower clad in pale metal ribbons, lawns and a paved path wi"
curved_organic,AESTHETIC,ARCH_0080,curved,False,"nt, white concrete hyperbolic shells with pointed curved edges and glazed arches, mosaic mural wall, large paved for"
curved_organic,AESTHETIC,ARCH_0080,arches,False,"bolic shells with pointed curved edges and glazed arches, mosaic mural wall, large paved forecourt, trees behind, ov"
curved_organic,AESTHETIC,ARCH_0080,shells,False,"ograph of a restaurant, white concrete hyperbolic shells with pointed curved edges and glazed arches, mosaic mural w"
curved_organic,AESTHETIC,ARCH_0176,oval,False,"exterior photograph of a stadium, oval bowl wrapped in an irregular interwoven steel lattice, wide"
curved_organic,AESTHETIC,ARCH_0147,curved,False,"exterior photograph of a cathedral, ring of curved white concrete ribs rising to a crown with a cross, bronze "
curved_organic,CONTROL,ARCH_0420,round,False,"ith a hilltop broadcasting tower in the distance, round white tower building with an observatory dome in the middle"
curved_organic,CONTROL,ARCH_0420,dome,False,"e, round white tower building with an observatory dome in the middle ground, dry lawn, winding path and pine trees"
curved_organic,CONTROL,ARCH_0552,round,False,"ed volume covered with a regular pattern of small round openings, low glazed entrance canopy, lawn in front, clear "
curved_organic,CONTROL,ARCH_0199,rounded,False,"exterior photograph of a skyscraper, rounded bullet-shaped tower with a skin of blue, red and grey glass"
curved_organic,CONTROL,ARCH_0409,curved,False,"st rising from a raised concrete platform on four curved legs, grass lawn in front, blue sky with white clouds, dayl"
curved_organic,CONTROL,ARCH_0484,curved,False,"aph of a chapel, tinted concrete box with several curved roof light volumes of different heights, long reflecting po"
curved_organic,CONTROL,ARCH_0140,curved,False,"exterior photograph of a housing complex, curved block of prefabricated concrete with giant fluted columns o"
curved_organic,CONTROL,ARCH_0227,curved,False," hotel tower, tall white sail-shaped tower with a curved steel exoskeleton, seen behind palm trees and low buildings"
curved_organic,CONTROL,ARCH_0595,arches,False,"aret tower and a long portico of repeated pointed arches in light stone, wide paved courtyard with benches and small"
curved_organic,CONTROL,ARCH_0480,curved,False,"s and dark stone panels on a raised podium with a curved terrace, grass slope in the foreground, overcast sky, dayli"
curved_organic,CONTROL,ARCH_0448,curved,False,"useum, white enamelled metal panel volumes with a curved quarter-circle glazed atrium and long entrance ramp, green "
curved_organic,CONTROL,ARCH_0142,curved,False," a museum, white rendered sculptural volumes with curved ramps and tilted zinc-clad roof boxes, large lawn in front,"
curved_organic,CONTROL,ARCH_0253,curved,False,"r photograph of a theatre, box-shaped volume with curved white concrete walls with circular holes and large glass cu"
curved_organic,CONTROL,ARCH_0253,circular,False,"aped volume with curved white concrete walls with circular holes and large glass curtain walls, lawn and driveway in f"
curved_organic,CONTROL,ARCH_0522,curved,False,"exterior photograph of an opera house, curved white concrete shells and a large sweeping steel crest over"
curved_organic,CONTROL,ARCH_0522,rounded,False,"te shells and a large sweeping steel crest over a rounded volume, palm trees and garden in front, apartment blocks be"
curved_organic,CONTROL,ARCH_0522,shells,False,"otograph of an opera house, curved white concrete shells and a large sweeping steel crest over a rounded volume, pal"
curved_organic,CONTROL,ARCH_0121,circular,False,"te cylinders and blocks with large triangular and circular openings and marble inlay lines, reflecting pool and brick "
curved_organic,CONTROL,ARCH_0280,curved,False," triangular lattice pattern on a central support, curved blue wall of triangular blocks, set in a park lawn with tre"
curved_organic,CONTROL,ARCH_0280,circular,False,"exterior photograph of a pavilion, wide circular timber roof with triangular lattice pattern on a central su"
curved_organic,CONTROL,ARCH_0029,curved,False,"photograph of a football stadium, curved open stands of grey seats around a green pitch, tall slende"
curved_organic,CONTROL,ARCH_0223,rounded,False,"exterior photograph of a theatre complex, two rounded domes covered with a dense pattern of triangular metal suns"
curved_organic,CONTROL,ARCH_0223,domes,False,"rior photograph of a theatre complex, two rounded domes covered with a dense pattern of triangular metal sunshades,"
curved_organic,CONTROL,ARCH_0588,rounded,False,"exterior photograph of an arts centre, rounded elongated volume clad in pale ceramic discs raised on slend"
curved_organic,CONTROL,ARCH_0245,sphere,False,"exterior photograph of a theatre, large silver sphere and white box volumes plugged into a glazed central cube ra"
curved_organic,CONTROL,ARCH_0020,curved,False,"te concrete and glass curtain wall volumes with a curved glazed corner tower and rooftop lettering, trees in front, "
curved_organic,CONTROL,ARCH_0504,sphere,False," small towers, tall striped chimney with a golden sphere on top, wide road and trees in front, clear blue sky, dayli"
curved_organic,CONTROL,ARCH_0137,curved,False,"exterior photograph of a tower building, curved facade with metal panels and ribbon windows under a wide ci"
curved_organic,CONTROL,ARCH_0137,circular,False,"with metal panels and ribbon windows under a wide circular cantilevered roof, access ramp with railings, covered in fr"
curved_organic,CONTROL,ARCH_0499,rounded,False,"use complex, glass and stone office blocks with a rounded glass tower, wide city street with young trees, traffic and"
curved_organic,CONTROL,ARCH_0113,rounded,False,"ntial tower, raw concrete cylindrical shafts with rounded cantilevered balconies stacked in layers, clear blue sky, d"
curved_organic,CONTROL,ARCH_0113,cylindrical,False,"r photograph of a residential tower, raw concrete cylindrical shafts with rounded cantilevered balconies stacked in layer"
curved_organic,CONTROL,ARCH_0048,rounded,False,"rk brown brick facade with stepped setbacks and a rounded base, rows of small windows, shop signs at street level and"
curved_organic,CONTROL,ARCH_0083,rounded,False,", raw concrete facade with deep vertical fins and rounded window openings, glass curtain wall sections between, dayli"
curved_organic,CONTROL,ARCH_0193,curved,False,"exterior photograph of a corporate building, long curved glass facade with thin white columns under a projecting fla"
concrete,AESTHETIC,ARCH_0118,concrete,False,"r photograph of an opera house, white sail-shaped concrete shells on a stone podium, harbour water with a promenade, c"
concrete,AESTHETIC,ARCH_0038,concrete,False,"exterior photograph of a house, cream concrete cantilevered terraces and a stone chimney tower, built over"
concrete,AESTHETIC,ARCH_0062,concrete,False,"exterior photograph of a museum, white concrete spiral volume with horizontal bands widening upwards, stree"
concrete,AESTHETIC,ARCH_0537,concrete,False,"xterior photograph of a cable-stayed bridge, tall concrete x-shaped pylon with many cables over a river and highway in"
concrete,AESTHETIC,ARCH_0543,concrete,False,"exterior photograph of a building, faceted white concrete volume with folded planes and diagonal bands of blue glass "
concrete,AESTHETIC,ARCH_0063,concrete,False,"exterior photograph of an airport terminal, concrete shell roof shaped like wings with long sloping glass walls,"
concrete,AESTHETIC,ARCH_0382,concrete,False,"xterior photograph of a television tower, slender concrete tower with a diagonal lattice pattern and a spire, riverfro"
concrete,AESTHETIC,ARCH_0482,concrete,False,"t the waist on tilted columns and one of rendered concrete with wavy window bands, historic facades along a street wit"
concrete,AESTHETIC,ARCH_0414,concrete,False," office skyscraper, tall slab with dense vertical concrete fins, blue sky with white clouds, daylight, close low-angle"
concrete,AESTHETIC,ARCH_0018,concrete,False,"terior photograph of a road bridge, slender white concrete arch spanning a deep gorge, dense dark green pine forest an"
concrete,AESTHETIC,ARCH_0370,concrete,False,"glass volume behind a row of slender curved white concrete columns, reflecting water and dark green lawn in front, dra"
concrete,AESTHETIC,ARCH_0387,concrete,False,"aph of an airport terminal, long sweeping concave concrete roof held by rows of inclined piers, control tower, curved "
concrete,AESTHETIC,ARCH_0452,concrete,False,"ted cube houses clad in yellow and grey panels on concrete pillars over a street, green tree branches in the foregroun"
concrete,AESTHETIC,ARCH_0072,concrete,False,"exterior photograph of a government complex, twin concrete towers linked by a bridge, a white dome and an upturned whi"
concrete,AESTHETIC,ARCH_0080,concrete,False,"exterior photograph of a restaurant, white concrete hyperbolic shells with pointed curved edges and glazed arch"
concrete,AESTHETIC,ARCH_0147,concrete,False,"r photograph of a cathedral, ring of curved white concrete ribs rising to a crown with a cross, bronze statues and vis"
concrete,AESTHETIC,ARCH_0088,concrete,False,"ad in silver metal forming a cross shape, slender concrete bell tower, dark green conifers, deep blue sky, daylight, p"
concrete,CONTROL,ARCH_0046,concrete,False,"ior photograph of a church, sequence of parabolic concrete vaults, the largest covered with a blue and white painted t"
concrete,CONTROL,ARCH_0167,concrete,False,"erior photograph of a concert hall, faceted white concrete polyhedron with large angled glazed openings, city street w"
concrete,CONTROL,ARCH_0085,concrete,False,"exterior photograph of a museum, long raised concrete volume with dense vertical louvres on pilotis, fountain and"
concrete,CONTROL,ARCH_0117,concrete,False,"otograph of a television tower, very tall slender concrete shaft with antenna, seen above a mixed city skyline with ap"
concrete,CONTROL,ARCH_0409,concrete,False,"wer, tall steel lattice mast rising from a raised concrete platform on four curved legs, grass lawn in front, blue sky"
concrete,CONTROL,ARCH_0501,concrete,False,"raph of a cable-stayed bridge, long steel deck on concrete piers with tall concrete pylons and fan-shaped cables, flat"
concrete,CONTROL,ARCH_0501,concrete,False,"idge, long steel deck on concrete piers with tall concrete pylons and fan-shaped cables, flat sea in the foreground, h"
concrete,CONTROL,ARCH_0487,concrete,False,"in the distance with tall towers and cables, long concrete viaduct on high piers in the foreground, forested hills and"
concrete,CONTROL,ARCH_0484,concrete,False,"exterior photograph of a chapel, tinted concrete box with several curved roof light volumes of different hei"
concrete,CONTROL,ARCH_0135,concrete,False," a church, irregular stacked composition of large concrete blocks with tall narrow glazed gaps, on a grassy hilltop wi"
concrete,CONTROL,ARCH_0140,concrete,False," a housing complex, curved block of prefabricated concrete with giant fluted columns of glass and a classical portico "
concrete,CONTROL,ARCH_0428,concrete,False,"l facade with horizontal bands and large banners, concrete rooftop elements, wet pedestrian street with benches, overc"
concrete,CONTROL,ARCH_0359,concrete,False,"terior photograph of a mausoleum tower, tall open concrete tower of twelve slender vertical ribs rising to a conical s"
concrete,CONTROL,ARCH_0574,concrete,False,"m, box-shaped volume wrapped in a white honeycomb concrete screen lifted at one corner over a glazed entrance, street "
concrete,CONTROL,ARCH_0234,concrete,False,"exterior photograph of a museum, long flat raw concrete slab spanning over a sunken paved plaza with steps and a me"
concrete,CONTROL,ARCH_0253,concrete,False,"of a theatre, box-shaped volume with curved white concrete walls with circular holes and large glass curtain walls, la"
concrete,CONTROL,ARCH_0522,concrete,False,"terior photograph of an opera house, curved white concrete shells and a large sweeping steel crest over a rounded volu"
concrete,CONTROL,ARCH_0121,concrete,False," photograph of a parliament building, massive raw concrete cylinders and blocks with large triangular and circular ope"
concrete,CONTROL,ARCH_0189,concrete,False,"or photograph of a school building, cubic exposed concrete volume with irregularly placed square windows of different "
concrete,CONTROL,ARCH_0153,concrete,False,"terior photograph of a small house, blank exposed concrete facade with visible formwork tie holes and a single recesse"
concrete,CONTROL,ARCH_0029,concrete,False," of grey seats around a green pitch, tall slender concrete tower with a flagpole, floodlight masts and distant hills, "
concrete,CONTROL,ARCH_0360,concrete,False,"r photograph of a cultural centre, low horizontal concrete building with long balconies and railings on several floors"
concrete,CONTROL,ARCH_0020,concrete,False," photograph of a factory, long multi-storey white concrete and glass curtain wall volumes with a curved glazed corner "
concrete,CONTROL,ARCH_0129,concrete,False,"xterior photograph of a housing complex, long raw concrete terraces with balconies and planters, row of barrel-vaulted"
concrete,CONTROL,ARCH_0397,concrete,False,"exterior photograph of a hotel, layered concrete structure of stacked horizontal floors and a vertical stair"
concrete,CONTROL,ARCH_0113,concrete,False,"exterior photograph of a residential tower, raw concrete cylindrical shafts with rounded cantilevered balconies stac"
concrete,CONTROL,ARCH_0422,concrete,False," shopping complex, long stepped terraces of cream concrete with glazed conservatories and tall ventilation towers, cit"
concrete,CONTROL,ARCH_0083,concrete,False,"exterior photograph of a bank building, raw concrete facade with deep vertical fins and rounded window openings,"
monumental,CONTROL,ARCH_0121,massive,False,"exterior photograph of a parliament building, massive raw concrete cylinders and blocks with large triangular and"
glass,AESTHETIC,ARCH_0557,glazed,False,"exterior photograph of a concert hall, dark glazed box with a large undulating timber-clad roof edge, harbour "
glass,AESTHETIC,ARCH_0141,glass,False,"exterior photograph of a museum, glass and steel pyramid in a courtyard of an ornate historic ston"
glass,AESTHETIC,ARCH_0590,glass,False,"exterior photograph of an office complex, large glass and steel spheres with a pentagonal lattice structure, surr"
glass,AESTHETIC,ARCH_0590,glass,False," pentagonal lattice structure, surrounded by tall glass office towers, street with bicycles and young trees, clear "
glass,AESTHETIC,ARCH_0249,glass,False,"l-clad flowing curved volumes with a dark faceted glass section, wide paved plaza with bare young trees and dry gra"
glass,AESTHETIC,ARCH_0476,glass,False,"e river, television tower with pink spheres among glass skyscrapers, a white river boat in the foreground, hazy sky"
glass,AESTHETIC,ARCH_0014,glass,False,"of slab over travertine walls, polished stone and glass panels, shallow reflecting pool with travertine paving, dar"
glass,AESTHETIC,ARCH_0194,glass,False,"g timber ceiling on blue steel branching columns, glass walls, polished floor with passengers and seating, artifici"
glass,AESTHETIC,ARCH_0529,glass,False,"ht photograph of a showroom, twisting cone-shaped glass and steel volume under a large flowing roof lit with blue a"
glass,AESTHETIC,ARCH_0198,glass,False,"g roof planes walked on by visitors, large tilted glass facade, white stage tower, waterfront, clear blue sky, dayl"
glass,AESTHETIC,ARCH_0463,glazing,False,"eum, curved stone facade with tall piers and dark glazing, sweeping paved terrace with a railing and flower baskets, "
glass,AESTHETIC,ARCH_0543,glass,False,"ume with folded planes and diagonal bands of blue glass windows, street with thin young trees and a lamp post, blue"
glass,AESTHETIC,ARCH_0536,glass,False,"exterior photograph of skyscrapers, tall glass tower wrapped in a white diagonal lattice with an oval open"
glass,AESTHETIC,ARCH_0554,glass,False,"r volume with sharp cantilevered edges and a long glass band, on a waterfront across a wide river, apartment buildi"
glass,AESTHETIC,ARCH_0063,glass,False,"te shell roof shaped like wings with long sloping glass walls, empty road with parked cars and a grass verge, deep "
glass,AESTHETIC,ARCH_0464,glass,False," and benches, rows of clipped plane trees, curved glass towers on both sides, white overcast sky, daylight, front v"
glass,AESTHETIC,ARCH_0533,glass,False,"exterior photograph of a hotel tower, gold glass tower flaring outwards at the top like a flower above a lar"
glass,AESTHETIC,ARCH_0533,glass,False,"g outwards at the top like a flower above a large glass dome podium, casino signs, green trees and a bus stop at st"
glass,AESTHETIC,ARCH_0382,glass,False,"iverfront with palm trees, historic buildings and glass towers, a sailing boat on the blue river, clear sky, daylig"
glass,AESTHETIC,ARCH_0482,glass,False,"an office building, pair of towers, one of curved glass pinched at the waist on tilted columns and one of rendered "
glass,AESTHETIC,ARCH_0224,glass,False,"exterior photograph of a hotel, dark steel and glass floors almost hidden by climbing plants and dense green veg"
glass,AESTHETIC,ARCH_0477,glass,False,"exterior photograph of an office building, glass facade stepping back in terraces covered with trees and shr"
glass,AESTHETIC,ARCH_0585,glazed,False,"id-like block with stepped balconies and an inner glazed courtyard facade, dense city towers behind, river in the fo"
glass,AESTHETIC,ARCH_0213,glass,False,"elliptical dome of titanium panels with a central glass band, surrounded by dark water and a flat green lawn, hazy "
glass,AESTHETIC,ARCH_0288,glass,False,"ny silver hexagonal tiles, apartment towers and a glass tower beside it, white overcast sky, daylight, low-angle vi"
glass,AESTHETIC,ARCH_0056,glass,False," steel frame with a floating floor and roof slab, glass walls, on pilotis above a green lawn, bare autumn trees beh"
glass,AESTHETIC,ARCH_0174,glass,False,"apped in a diamond-shaped steel grid with bulging glass panels, city street with small trees and pedestrians, clear"
glass,AESTHETIC,ARCH_0370,glass,False,"ior photograph of a presidential palace, long low glass volume behind a row of slender curved white concrete column"
glass,AESTHETIC,ARCH_0570,glass,False,"photograph of a library, white triangular stepped glass building on the far bank of a wide river, long stone bridge"
glass,AESTHETIC,ARCH_0503,glass,False," historic buildings behind, reflections on window glass, daylight, elevated view"
glass,AESTHETIC,ARCH_0268,glass,False,", large rounded bowl-shaped volume clad in mirror glass panels reflecting the sky, rooftop trees, park with tall gr"
glass,AESTHETIC,ARCH_0247,glass,False,"ceted volumes clad in white panels and a diagonal glass lattice, reflected in a water basin, towers behind, pale ov"
glass,AESTHETIC,ARCH_0057,glass,False,"r photograph of an office skyscraper, dark bronze glass and metal curtain wall tower between lighter office blocks,"
glass,AESTHETIC,ARCH_0350,glass,False,"lla, low horizontal volumes with flat roof slabs, glass walls and a stone chimney, turquoise swimming pool and brig"
glass,AESTHETIC,ARCH_0075,glass,False,"exterior photograph of a house, glass box with thin metal frame raised on slender columns, stone "
glass,AESTHETIC,ARCH_0379,glass,False,"exterior photograph of a house, glass pavilion with a thin cantilevered flat roof on a hillside t"
glass,AESTHETIC,ARCH_0544,glass,False,"exterior photograph of a pedestrian bridge, wavy glass and steel canopy over a river, riverbanks with green trees "
glass,AESTHETIC,ARCH_0295,glass,False,"volume clad in warm spruce timber lifting above a glass ground floor, wide paved square with people and young trees"
glass,AESTHETIC,ARCH_0003,glass,False,"grey rendered block with vertical lettering, long glass curtain wall wing and white wings with balconies, green law"
glass,AESTHETIC,ARCH_0381,glass,False,"fice building, tall slab with horizontal bands of glass and aluminium, slightly tapered sides, lawn with young thin"
glass,AESTHETIC,ARCH_0546,glass,False,", tall pale stone-clad block with a tilted curved glass atrium drum on the corner, street with cars and a small tre"
glass,AESTHETIC,ARCH_0542,glazed,False,"ower with wavy continuous balconies next to a low glazed office block, bare waterfront ground in front, pale hazy sk"
glass,AESTHETIC,ARCH_0080,glazed,False,"e hyperbolic shells with pointed curved edges and glazed arches, mosaic mural wall, large paved forecourt, trees beh"
glass,AESTHETIC,ARCH_0145,glass,False,"er lattice structure with a steep gabled roof and glass walls, dappled sunlight through dense green deciduous fores"
glass,AESTHETIC,ARCH_0285,glass,False,"r tree-like canopy with folded roof panels over a glass entrance and pale stone walls, green trees above, city pave"
glass,AESTHETIC,ARCH_0571,glass,False,"rp angled roof clad in shiny steel sloping over a glass entrance hall with a large sign, wide paved square with cyc"
glass,AESTHETIC,ARCH_0571,glass,False," wide paved square with cyclists and pedestrians, glass towers behind, blue sky, daylight, perspective view at eye "
glass,CONTROL,ARCH_0046,glazed,False,"covered with a blue and white painted tile mural, glazed end walls, paved forecourt, cloudy sky, daylight, side pers"
glass,CONTROL,ARCH_0524,glass,False,"xterior photograph of a housing complex, two long glass and steel blocks with rows of pointed triangular balconies,"
glass,CONTROL,ARCH_0167,glazed,False,"ceted white concrete polyhedron with large angled glazed openings, city street with trees and lamp posts in the fore"
glass,CONTROL,ARCH_0584,glass,False,"ongress centre, large rectangular box with a full glass curtain wall facade and steel frame edge, cars parked along"
glass,CONTROL,ARCH_0552,glazed,False,"th a regular pattern of small round openings, low glazed entrance canopy, lawn in front, clear blue sky, daylight, p"
glass,CONTROL,ARCH_0258,glazed,False,"box with a white timber lattice facade on a fully glazed ground floor, row of street trees and a wide road in front,"
glass,CONTROL,ARCH_0199,glass,False,"et-shaped tower with a skin of blue, red and grey glass louvres and small square windows, clear blue sky, daylight,"
glass,CONTROL,ARCH_0060,glass,False," photograph of a single-family house, transparent glass box with thin black steel frame and flat roof, on a lawn wi"
glass,CONTROL,ARCH_0061,glass,False,"single-family house, black steel frame with large glass panels and coloured infill panels, surrounded by tall eucal"
glass,CONTROL,ARCH_0540,glazed,False," spanning over the stands, white tensile roof and glazed facade, road and landscaped roundabout in front, blue sky w"
glass,CONTROL,ARCH_0135,glazed,False,"osition of large concrete blocks with tall narrow glazed gaps, on a grassy hilltop with trees, blue sky with white c"
glass,CONTROL,ARCH_0140,glass,False,"efabricated concrete with giant fluted columns of glass and a classical portico opening, stepped lawn terraces in f"
glass,CONTROL,ARCH_0428,glass,False,"hotograph of a cultural centre, long multi-storey glass curtain wall facade with horizontal bands and large banners"
glass,CONTROL,ARCH_0480,glass,False,"a museum, long low rectangular volumes of frosted glass and dark stone panels on a raised podium with a curved terr"
glass,CONTROL,ARCH_0574,glazed,False,"ycomb concrete screen lifted at one corner over a glazed entrance, street intersection with traffic lights, daylight"
glass,CONTROL,ARCH_0448,glazed,False," metal panel volumes with a curved quarter-circle glazed atrium and long entrance ramp, green lawn in front, dayligh"
glass,CONTROL,ARCH_0337,glass,False,"ge banner and a glazed corner, tall red brick and glass tower behind, wide paved square, cloudy sky, daylight, pers"
glass,CONTROL,ARCH_0337,glazed,False,", low red brick volumes with a large banner and a glazed corner, tall red brick and glass tower behind, wide paved s"
glass,CONTROL,ARCH_0100,glass,False,"otograph of an office skyscraper, slender tapered glass and aluminium tower with a thin roof slab, city street with"
glass,CONTROL,ARCH_0081,glass,False,"exterior photograph of a skyscraper, slender glass and steel tower with stepped setbacks and a tall antenna sp"
glass,CONTROL,ARCH_0293,glass,False,"rior photograph of an office building, six-storey glass and white panel facade with a large overhanging solar panel"
glass,CONTROL,ARCH_0538,glass,False,"or photograph of a skyscraper, very tall tapering glass tower with a trapezoidal opening at the top, next to a step"
glass,CONTROL,ARCH_0368,glass,False,"terior photograph of an office tower, rectangular glass curtain wall slab with a regular grid of blue and grey pane"
glass,CONTROL,ARCH_0253,glass,False,"hite concrete walls with circular holes and large glass curtain walls, lawn and driveway in front, residential towe"
glass,CONTROL,ARCH_0027,glazing,False,"k with a regular grid of open frames and recessed glazing, fence in the foreground and wooded hill behind, daylight, "
glass,CONTROL,ARCH_0322,glazed,False," stone facade with stepped massing and large dark glazed openings, lawn and planted strip along a path, overcast sky"
glass,CONTROL,ARCH_0287,glass,False,", rectangular block clad in a grid of translucent glass discs, glass towers and older buildings along a city street"
glass,CONTROL,ARCH_0287,glass,False," block clad in a grid of translucent glass discs, glass towers and older buildings along a city street, clear blue "
glass,CONTROL,ARCH_0588,glazed,False,"scs raised on slender columns, external stair and glazed ground floor, waterfront lawn with people walking, dusk lig"
glass,CONTROL,ARCH_0245,glazed,False,"ilver sphere and white box volumes plugged into a glazed central cube raised on columns, striped paved plaza and tre"
glass,CONTROL,ARCH_0020,glass,False,"f a factory, long multi-storey white concrete and glass curtain wall volumes with a curved glazed corner tower and "
glass,CONTROL,ARCH_0020,glazed,False,"rete and glass curtain wall volumes with a curved glazed corner tower and rooftop lettering, trees in front, overcas"
glass,CONTROL,ARCH_0129,glass,False,"ith balconies and planters, row of barrel-vaulted glass roofs, residential towers behind, paved courtyard with a pl"
glass,CONTROL,ARCH_0078,glazed,False,"rely covered with a colourful stone mosaic mural, glazed base, large lawn with trees in front, blue sky with white c"
glass,CONTROL,ARCH_0499,glass,False,"exterior photograph of a mixed-use complex, glass and stone office blocks with a rounded glass tower, wide ci"
glass,CONTROL,ARCH_0499,glass,False,"lex, glass and stone office blocks with a rounded glass tower, wide city street with young trees, traffic and signs"
glass,CONTROL,ARCH_0109,glass,False,"hotograph of a university building, red brick and glass tower with angled cantilevered base, sawtooth glazed roofs "
glass,CONTROL,ARCH_0109,glazed,False,"ass tower with angled cantilevered base, sawtooth glazed roofs in the foreground, daylight, low-angle view"
glass,CONTROL,ARCH_0358,glazed,False,"hotograph of a concert hall, long low volume with glazed ground floor and a large pale block above, patterned screen"
glass,CONTROL,ARCH_0116,glazed,False,"ag roofline of crystalline volumes and skylights, glazed ground floor band and entrance canopy with stairs, paved fo"
glass,CONTROL,ARCH_0422,glazed,False,"lex, long stepped terraces of cream concrete with glazed conservatories and tall ventilation towers, city street wit"
glass,CONTROL,ARCH_0083,glass,False,"h deep vertical fins and rounded window openings, glass curtain wall sections between, daylight, close low-angle vi"
glass,CONTROL,ARCH_0193,glass,False,"r photograph of a corporate building, long curved glass facade with thin white columns under a projecting flat roof"
complex_form,AESTHETIC,ARCH_0249,faceted,False,"ite metal-clad flowing curved volumes with a dark faceted glass section, wide paved plaza with bare young trees and d"
complex_form,AESTHETIC,ARCH_0543,faceted,False,"exterior photograph of a building, faceted white concrete volume with folded planes and diagonal bands"
complex_form,AESTHETIC,ARCH_0554,faceted,False,"exterior photograph of a film museum, white faceted angular volume with sharp cantilevered edges and a long gla"
complex_form,AESTHETIC,ARCH_0171,sculptural,False," curved and folded stainless steel panels forming sculptural sails above a stone base, city street intersection with tra"
complex_form,AESTHETIC,ARCH_0247,faceted,False,"exterior photograph of an opera house, angular faceted volumes clad in white panels and a diagonal glass lattice, "
complex_form,AESTHETIC,ARCH_0176,irregular,False," photograph of a stadium, oval bowl wrapped in an irregular interwoven steel lattice, wide paved path with a grass verg"
complex_form,CONTROL,ARCH_0167,faceted,False,"exterior photograph of a concert hall, faceted white concrete polyhedron with large angled glazed openings"
complex_form,CONTROL,ARCH_0135,irregular,False,"exterior photograph of a church, irregular stacked composition of large concrete blocks with tall narr"
complex_form,CONTROL,ARCH_0142,sculptural,False,"exterior photograph of a museum, white rendered sculptural volumes with curved ramps and tilted zinc-clad roof boxes, "
complex_form,CONTROL,ARCH_0212,irregular,False,"uilt of recycled grey tiles and bricks with small irregular openings, trees and paved street with parked cars, blue sky"
complex_form,CONTROL,ARCH_0202,irregular,False,"g, layered facade of stone, timber and steel with irregular framed windows and projecting timber screens, entrance cano"
complex_form,CONTROL,ARCH_0504,irregular,False,"on plant, colourful facade with painted patterns, irregular windows and small towers, tall striped chimney with a golde"
complex_form,CONTROL,ARCH_0559,faceted,False,"exterior photograph of a sports arena, faceted angular volumes clad in blue and silver triangular panels w"
colourful,AESTHETIC,ARCH_0565,colourful,False,"roofs in red, orange, blue, yellow and green over colourful walls, green lawn with tropical shrubs and a small tree, bl"
colourful,CONTROL,ARCH_0504,colourful,False,"exterior photograph of an incineration plant, colourful facade with painted patterns, irregular windows and small t"
colourful,CONTROL,ARCH_0078,colourful,False,"ry, tall windowless block entirely covered with a colourful stone mosaic mural, glazed base, large lawn with trees in f"
wood,AESTHETIC,ARCH_0557,timber,False,"ert hall, dark glazed box with a large undulating timber-clad roof edge, harbour quay with moored boats and an orang"
wood,AESTHETIC,ARCH_0457,timber,False,"exterior photograph of a buddhist temple, dark timber pavilion with a wide hipped grey tiled roof on a stone plat"
wood,AESTHETIC,ARCH_0457,timber,False," grey tiled roof on a stone platform over a lake, timber deck with a reclining statue in the foreground, row of smal"
wood,AESTHETIC,ARCH_0194,timber,False,"ior photograph of an airport terminal, undulating timber ceiling on blue steel branching columns, glass walls, polis"
wood,AESTHETIC,ARCH_0300,timber,False,"photograph of a public canopy, large timber waffle lattice structure on thick mushroom-shaped supports "
wood,AESTHETIC,ARCH_0527,wooden,False,"mber canopies on slender steel columns with woven wooden screens, tropical plants and trees below, bright sky throug"
wood,AESTHETIC,ARCH_0527,timber,False,"photograph of a garden pavilion, hexagonal timber canopies on slender steel columns with woven wooden screens"
wood,AESTHETIC,ARCH_0295,timber,False,"h of a library, curved volume clad in warm spruce timber lifting above a glass ground floor, wide paved square with "
wood,AESTHETIC,ARCH_0145,timber,False,"exterior photograph of a chapel, tall slender timber lattice structure with a steep gabled roof and glass walls,"
wood,AESTHETIC,ARCH_0285,timber,False,"exterior photograph of an art gallery, large timber tree-like canopy with folded roof panels over a glass entra"
wood,CONTROL,ARCH_0258,timber,False,"ior photograph of a museum, long box with a white timber lattice facade on a fully glazed ground floor, row of stree"
wood,CONTROL,ARCH_0061,timber,False,"ounded by tall eucalyptus trees and a garden with timber retaining wall, daylight, perspective view at eye level"
wood,CONTROL,ARCH_0202,timber,False,"f a parliament building, layered facade of stone, timber and steel with irregular framed windows and projecting timb"
wood,CONTROL,ARCH_0202,timber,False,"teel with irregular framed windows and projecting timber screens, entrance canopy with steel and timber beams, flags"
wood,CONTROL,ARCH_0202,timber,False,"ng timber screens, entrance canopy with steel and timber beams, flags and wet paved plaza, overcast sky, daylight, p"
wood,CONTROL,ARCH_0280,timber,False,"exterior photograph of a pavilion, wide circular timber roof with triangular lattice pattern on a central support, "
white,AESTHETIC,ARCH_0118,white,False,"exterior photograph of an opera house, white sail-shaped concrete shells on a stone podium, harbour wate"
white,AESTHETIC,ARCH_0249,white,False,"exterior photograph of a cultural centre, white metal-clad flowing curved volumes with a dark faceted glass"
white,AESTHETIC,ARCH_0062,white,False,"exterior photograph of a museum, white concrete spiral volume with horizontal bands widening upwar"
white,AESTHETIC,ARCH_0476,white,False,"ower with pink spheres among glass skyscrapers, a white river boat in the foreground, hazy sky, daylight, panoramic"
white,AESTHETIC,ARCH_0246,white,False,"exterior photograph of a cultural centre, white flowing curved roof surfaces rising from the ground, wide g"
white,AESTHETIC,ARCH_0155,white,False,"exterior photograph of a temple, white marble petal-shaped shells arranged like a lotus flower on "
white,AESTHETIC,ARCH_0537,white,False,"hange, dense city of towers behind, blue sky with white clouds, daylight, elevated panoramic view"
white,AESTHETIC,ARCH_0332,white,False," photograph of a parliament building, symmetrical white stone facade with a central colonnade and a stepped pyramid"
white,AESTHETIC,ARCH_0507,white,False,"exterior photograph of a mosque, white stone walls with pointed arches and a dome, slender white m"
white,AESTHETIC,ARCH_0507,white,False,"one walls with pointed arches and a dome, slender white minaret, large polished marble courtyard with visitors, dee"
white,AESTHETIC,ARCH_0198,white,False,"exterior photograph of an opera house, white marble sloping roof planes walked on by visitors, large til"
white,AESTHETIC,ARCH_0198,white,False,"walked on by visitors, large tilted glass facade, white stage tower, waterfront, clear blue sky, daylight, perspect"
white,AESTHETIC,ARCH_0463,white,False,"historic buildings on the far bank, blue sky with white clouds, daylight, wide-angle perspective view"
white,AESTHETIC,ARCH_0543,white,False,"exterior photograph of a building, faceted white concrete volume with folded planes and diagonal bands of bl"
white,AESTHETIC,ARCH_0543,white,False,"h thin young trees and a lamp post, blue sky with white clouds, daylight, perspective view at eye level"
white,AESTHETIC,ARCH_0536,white,False,"aph of skyscrapers, tall glass tower wrapped in a white diagonal lattice with an oval opening near the top, grey of"
white,AESTHETIC,ARCH_0536,white,False," trees and a road barrier in front, blue sky with white clouds, daylight, low-angle view"
white,AESTHETIC,ARCH_0250,white,False,"olume clad in dark horizontal metal louvres, wide white stone staircase with visitors in front, white hazy sky, day"
white,AESTHETIC,ARCH_0250,white,False,"ide white stone staircase with visitors in front, white hazy sky, daylight, front view from slightly below"
white,AESTHETIC,ARCH_0097,white,False,"exterior photograph of a single-family house, white box raised on thin steel columns with large framed windows "
white,AESTHETIC,ARCH_0554,white,False,"exterior photograph of a film museum, white faceted angular volume with sharp cantilevered edges and a "
white,AESTHETIC,ARCH_0464,white,False,"d plane trees, curved glass towers on both sides, white overcast sky, daylight, front view at eye level"
white,AESTHETIC,ARCH_0483,white,False,"xterior photograph of a cable-stayed bridge, tall white bent pylon with fan of cables over a wide brown river, quay"
white,AESTHETIC,ARCH_0471,white,False," office building, curved multi-storey facade with white bands and horizontal strips of green climbing plants, thin "
white,AESTHETIC,ARCH_0482,white,False,"treet with traffic lights and cars, blue sky with white clouds, daylight, low-angle view"
white,AESTHETIC,ARCH_0414,white,False," with dense vertical concrete fins, blue sky with white clouds, daylight, close low-angle view without surrounding "
white,AESTHETIC,ARCH_0288,white,False,"es, apartment towers and a glass tower beside it, white overcast sky, daylight, low-angle view"
white,AESTHETIC,ARCH_0018,white,False,"exterior photograph of a road bridge, slender white concrete arch spanning a deep gorge, dense dark green pine "
white,AESTHETIC,ARCH_0582,white,False,"exterior photograph of a museum, long low curved white volume along a riverbank with a walkable roof, wide river i"
white,AESTHETIC,ARCH_0056,white,False,"exterior photograph of a single-family house, white steel frame with a floating floor and roof slab, glass wall"
white,AESTHETIC,ARCH_0370,white,False,"g low glass volume behind a row of slender curved white concrete columns, reflecting water and dark green lawn in f"
white,AESTHETIC,ARCH_0452,white,False,"en tree branches in the foreground, blue sky with white clouds, daylight, perspective view from below"
white,AESTHETIC,ARCH_0570,white,False,"exterior photograph of a library, white triangular stepped glass building on the far bank of a wide"
white,AESTHETIC,ARCH_0089,white,False,"exterior photograph of a museum, white panelled box raised on thin columns with ribbon windows, re"
white,AESTHETIC,ARCH_0503,white,False,"exterior photograph of a pedestrian bridge, white curved steel arch with cables supporting a curved deck over"
white,AESTHETIC,ARCH_0289,white,False,"exterior photograph of a science museum, long white cantilevered roof with ribbed louvres and a large projectin"
white,AESTHETIC,ARCH_0268,white,False,"ing beds, pedestrians and bicycles, blue sky with white clouds, daylight, perspective view at eye level"
white,AESTHETIC,ARCH_0247,white,False,"f an opera house, angular faceted volumes clad in white panels and a diagonal glass lattice, reflected in a water b"
white,AESTHETIC,ARCH_0072,white,False,"mplex, twin concrete towers linked by a bridge, a white dome and an upturned white bowl on a long low base, flat gr"
white,AESTHETIC,ARCH_0072,white,False," linked by a bridge, a white dome and an upturned white bowl on a long low base, flat green lawn in front, dark sto"
white,AESTHETIC,ARCH_0345,white,False,"exterior photograph of a cube-shaped building, white stone facade with rows of identical arches on every floor, "
white,AESTHETIC,ARCH_0345,white,False,"n both sides and a clipped hedge garden in front, white sky, daylight, front view from a distance"
white,AESTHETIC,ARCH_0003,white,False,"tical lettering, long glass curtain wall wing and white wings with balconies, green lawn with tall grass in front, "
white,AESTHETIC,ARCH_0003,white,False,"reen lawn with tall grass in front, blue sky with white clouds, daylight, three-quarter view at eye level"
white,AESTHETIC,ARCH_0230,white,False,"ass field and small trees in front, blue sky with white clouds, daylight, front view from a distance"
white,AESTHETIC,ARCH_0381,white,False,"awn with young thin trees in front, blue sky with white clouds, daylight, front low-angle view"
white,AESTHETIC,ARCH_0274,white,False,"en tree branches in the foreground, blue sky with white clouds, daylight, low-angle view"
white,AESTHETIC,ARCH_0518,white,False,"reground, mountains on the horizon, blue sky with white clouds, daylight, elevated view"
white,AESTHETIC,ARCH_0542,white,False,"exterior photograph of a residential tower, white tower with wavy continuous balconies next to a low glazed o"
white,AESTHETIC,ARCH_0460,white,False,"exterior photograph of a mosque, large white tent-like triangular roof between four tall thin pointed mi"
white,AESTHETIC,ARCH_0460,white,False," minarets, wooded hill on one side, blue sky with white clouds, daylight, front view at eye level"
white,AESTHETIC,ARCH_0080,white,False,"exterior photograph of a restaurant, white concrete hyperbolic shells with pointed curved edges and gl"
white,AESTHETIC,ARCH_0176,white,False,"with a grass verge and young trees, blue sky with white clouds, daylight, perspective view at eye level"
white,AESTHETIC,ARCH_0147,white,False,"xterior photograph of a cathedral, ring of curved white concrete ribs rising to a crown with a cross, bronze statue"
white,AESTHETIC,ARCH_0040,white,False," city buildings with a street lamp, blue sky with white clouds, daylight, low-angle view"
white,CONTROL,ARCH_0420,white,False,"hilltop broadcasting tower in the distance, round white tower building with an observatory dome in the middle groun"
white,CONTROL,ARCH_0046,white,False,"crete vaults, the largest covered with a blue and white painted tile mural, glazed end walls, paved forecourt, clou"
white,CONTROL,ARCH_0167,white,False,"exterior photograph of a concert hall, faceted white concrete polyhedron with large angled glazed openings, city"
white,CONTROL,ARCH_0552,white,False,"exterior photograph of a library, large white box-shaped volume covered with a regular pattern of small r"
white,CONTROL,ARCH_0403,white,False,"lded star-shaped roof in turquoise tiles, slender white minaret, white perforated screen walls and stairs, palm tre"
white,CONTROL,ARCH_0403,white,False,"d roof in turquoise tiles, slender white minaret, white perforated screen walls and stairs, palm trees and garden, "
white,CONTROL,ARCH_0403,white,False," and stairs, palm trees and garden, blue sky with white clouds, daylight, perspective view at eye level"
white,CONTROL,ARCH_0258,white,False,"exterior photograph of a museum, long box with a white timber lattice facade on a fully glazed ground floor, row o"
white,CONTROL,ARCH_0258,white,False,"eet trees and a wide road in front, blue sky with white clouds, daylight, perspective view at eye level"
white,CONTROL,ARCH_0172,white,False," next to a historic building, cobbled path with a white parapet and garden with small trees, daylight, perspective "
white,CONTROL,ARCH_0309,white,False,"street with other office buildings, blue sky with white clouds, daylight, perspective view at eye level"
white,CONTROL,ARCH_0041,white,False,"exterior photograph of a single-family house, white horizontal volumes with bands of blue-framed windows and ba"
white,CONTROL,ARCH_0012,white,False,"ior photograph of a single-family villa, long low white volume with horizontal ribbon windows and flat roof, set on"
white,CONTROL,ARCH_0540,white,False,"exterior photograph of a stadium, large white steel arch spanning over the stands, white tensile roof and"
white,CONTROL,ARCH_0540,white,False," large white steel arch spanning over the stands, white tensile roof and glazed facade, road and landscaped roundab"
white,CONTROL,ARCH_0540,white,False,"and landscaped roundabout in front, blue sky with white clouds, daylight, perspective view at eye level"
white,CONTROL,ARCH_0117,white,False,"blocks, chimneys and railway yards, blue sky with white clouds, daylight, panoramic view from a long distance"
white,CONTROL,ARCH_0409,white,False,"r curved legs, grass lawn in front, blue sky with white clouds, daylight, low-angle front view"
white,CONTROL,ARCH_0052,white,False," foreground and city towers behind, blue sky with white clouds, daylight, side panoramic view from the water"
white,CONTROL,ARCH_0489,white,False,"rns on a rooftop in the foreground, blue sky with white clouds, daylight, elevated panoramic view"
white,CONTROL,ARCH_0135,white,False,"ps, on a grassy hilltop with trees, blue sky with white clouds, daylight, perspective view at eye level"
white,CONTROL,ARCH_0140,white,False,"ng, stepped lawn terraces in front, blue sky with white clouds, daylight, wide-angle front view from below"
white,CONTROL,ARCH_0227,white,False,"exterior photograph of a hotel tower, tall white sail-shaped tower with a curved steel exoskeleton, seen beh"
white,CONTROL,ARCH_0574,white,False,"graph of a museum, box-shaped volume wrapped in a white honeycomb concrete screen lifted at one corner over a glaze"
white,CONTROL,ARCH_0448,white,False,"exterior photograph of a museum, white enamelled metal panel volumes with a curved quarter-circle "
white,CONTROL,ARCH_0142,white,False,"exterior photograph of a museum, white rendered sculptural volumes with curved ramps and tilted zi"
white,CONTROL,ARCH_0142,white,False,"ad roof boxes, large lawn in front, blue sky with white clouds, daylight, perspective view at eye level"
white,CONTROL,ARCH_0212,white,False," and paved street with parked cars, blue sky with white clouds, daylight, perspective view at eye level"
white,CONTROL,ARCH_0100,white,False,"cars and a historic brick building, blue sky with white clouds, daylight, perspective view at eye level"
white,CONTROL,ARCH_0293,white,False,"graph of an office building, six-storey glass and white panel facade with a large overhanging solar panel roof, str"
white,CONTROL,ARCH_0253,white,False,"graph of a theatre, box-shaped volume with curved white concrete walls with circular holes and large glass curtain "
white,CONTROL,ARCH_0522,white,False,"exterior photograph of an opera house, curved white concrete shells and a large sweeping steel crest over a rou"
white,CONTROL,ARCH_0027,white,False,"exterior photograph of a public building, white rectangular block with a regular grid of open frames and re"
white,CONTROL,ARCH_0189,white,False,"es, flat roof, dry meadow in front, blue sky with white clouds, daylight, low-angle corner view"
white,CONTROL,ARCH_0304,white,False,"erior photograph of a single-family house, simple white rendered cubic volume with flat roof, raised central part a"
white,CONTROL,ARCH_0306,white,False,"exterior photograph of a villa, stepped white rendered cubic volumes with flat roof terraces and horizont"
white,CONTROL,ARCH_0264,white,False,"xterior photograph of a museum entrance building, white stone colonnade of slender square pillars on a plinth with "
white,CONTROL,ARCH_0264,white,False,"l building, visitors on the street, blue sky with white clouds, daylight, perspective view at eye level"
white,CONTROL,ARCH_0245,white,False," photograph of a theatre, large silver sphere and white box volumes plugged into a glazed central cube raised on co"
white,CONTROL,ARCH_0245,white,False,"mns, striped paved plaza and trees, blue sky with white clouds, daylight, perspective view at eye level"
white,CONTROL,ARCH_0589,white,False,"erior photograph of an experience centre, stacked white tiled cubic volumes with stepped roof terraces and a large "
white,CONTROL,ARCH_0020,white,False,"exterior black and white photograph of a factory, long multi-storey white concrete a"
white,CONTROL,ARCH_0020,white,False," white photograph of a factory, long multi-storey white concrete and glass curtain wall volumes with a curved glaze"
white,CONTROL,ARCH_0342,white,False,"exterior photograph of a power station, white horizontal building with a tall striped red and white chimn"
white,CONTROL,ARCH_0342,white,False,"e horizontal building with a tall striped red and white chimney, pier in the sea in the foreground, blue sky with w"
white,CONTROL,ARCH_0342,white,False," pier in the sea in the foreground, blue sky with white clouds, daylight, side view from the water"
white,CONTROL,ARCH_0371,white,False," photograph of a broadcasting tower, tall red and white steel lattice tower with observation decks, rising above a "
white,CONTROL,ARCH_0078,white,False,"se, large lawn with trees in front, blue sky with white clouds, daylight, front view at eye level"
white,CONTROL,ARCH_0116,white,False,"exterior photograph of a museum, white stone cladding with a zigzag roofline of crystalline volume"
white,CONTROL,ARCH_0422,white,False,"t with pedestrians and parked cars, blue sky with white clouds, daylight, perspective view at eye level"
white,CONTROL,ARCH_0551,white,False,"ung trees, paved path and planting, blue sky with white clouds, daylight, perspective view at eye level"
white,CONTROL,ARCH_0193,white,False,"rate building, long curved glass facade with thin white columns under a projecting flat roof edge, reed bed and lak"
