image_code,corpus_batch,imported_at,sha256,building_name,architect,year_completed,country,continent,period,building_type,architectural_style,award_or_relevance,wikimedia_page_url,photographer,license,license_url
ARCH_0001,1,2026-09-25T13:30:05.705Z,360cd487961c00ab23089649da538ad43f47383fb7dec952a920c5b762dd882a,AEG Turbine Factory,Peter Behrens,1909,Germany,Europe,pre-1919,factory,early modernism / industrial classicism,canonical work of early industrial modernism; listed monument; named reference in brief (pre-1919 precedent),https://commons.wikimedia.org/wiki/File:Berlin_AEG_Turbinenfabrik_Front.jpg,"Doris Antony, Berlin",CC BY-SA-3.0,https://creativecommons.org/licenses/by-sa/3.0
ARCH_0002,1,2026-09-25T13:30:05.931Z,2e9ddbc2b88efdd59702aa17ef71422ee837997cd790cc116e409b555ef7d6b2,Fagus Factory,"Walter Gropius, Adolf Meyer",1925,Germany,Europe,1919-1945,factory,early modernism,UNESCO World Heritage Site; canonical work of industrial modernism,https://commons.wikimedia.org/wiki/File:Alfeld_UNESCO-Welterbe-Fagus-Werk_Aussenansicht-08_2022-05-04-16-58-54_CCBY_Ralf-Koenig.jpg,Ralf König,CC BY-4.0,https://creativecommons.org/licenses/by/4.0
ARCH_0003,1,2026-09-25T13:30:06.061Z,344bf5f8f4684be220a74c0d83efdeb7d1f154901888e8667aeea03eecb787a5,Bauhaus Dessau,Walter Gropius,1926,Germany,Europe,1919-1945,school / university,Bauhaus,UNESCO World Heritage Site; founding building of the Bauhaus,https://commons.wikimedia.org/wiki/File:Dessau_Bauhaus-Geb%C3%A4ude_asv2024-06_img1.jpg,A.Savin,FAL,http://artlibre.org/licence/lal/en
ARCH_0004,1,2026-09-25T13:30:06.213Z,f16a3d44534b232edf67c5070f95e769420eea724c6b4eac1cd165baaefd3595,ADGB Trade Union School,"Hannes Meyer, Hans Wittwer",1930,Germany,Europe,1919-1945,school,Bauhaus / functionalism,UNESCO World Heritage Site; major work of Hannes Meyer,https://commons.wikimedia.org/wiki/File:Bundesschule_Bernau_bei_Berlin_04.jpg,Clemensfranz,CC BY-SA-4.0,https://creativecommons.org/licenses/by-sa/4.0
ARCH_0005,1,2026-09-25T13:30:06.294Z,c092b4be1e49f500bd82e88ab19ab47f251c1a3729c99bc945177450bdee5055,Hufeisensiedlung,"Bruno Taut, Martin Wagner",1930,Germany,Europe,1919-1945,collective housing,Neues Bauen,UNESCO World Heritage Site (Berlin Modernism Housing Estates),https://commons.wikimedia.org/wiki/File:Berlin_Hufeisensiedlung_UAV_04-2017.jpg,A.Savin,FAL,http://artlibre.org/licence/lal/en
ARCH_0006,1,2026-09-25T13:30:06.399Z,dc39b6006697ea000702d7a1e7c174a3abb775ffa5763c328febc444fcc4693a,Chilehaus,Fritz Höger,1924,Germany,Europe,1919-1945,office building,Brick Expressionism,UNESCO World Heritage Site (Speicherstadt and Kontorhaus District),https://commons.wikimedia.org/wiki/File:20230317_Chilehaus_02.jpg,Flocci Nivis,CC BY-4.0,https://creativecommons.org/licenses/by/4.0
ARCH_0007,1,2026-09-25T13:30:06.447Z,bcb7733d280c574c0fa059d6984200b779b1c2569fbc7ec201d47cb83c504250,Einstein Tower,Erich Mendelsohn,1921,Germany,Europe,1919-1945,observatory / research building,Expressionism,canonical work of expressionist architecture; listed monument,https://commons.wikimedia.org/wiki/File:Einsteinturm.P1185753.jpg,Bautsch,CC0,http://creativecommons.org/publicdomain/zero/1.0/deed.en
ARCH_0008,1,2026-09-25T13:30:06.623Z,23c4ba578cec90c3373b5c98c7fee660db90c09faee58e4d1b1ebe50ad55d597,Zollverein Coal Mine Shaft XII,"Fritz Schupp, Martin Kremmer",1932,Germany,Europe,1919-1945,coal mine / industrial complex,Neue Sachlichkeit industrial,UNESCO World Heritage Site; canonical example of industrial architecture,"https://commons.wikimedia.org/wiki/File:Essen_(DE),_Zeche_Zollverein,_Schacht_XII_--_2014_--_1401.jpg",Anil Öztas,CC BY-SA-4.0,https://creativecommons.org/licenses/by-sa/4.0
ARCH_0009,1,2026-09-25T13:30:06.816Z,a5b42256bf3c34e18e547b6f59104a697a377360c8348f446520526fc0df3d67,Tabakfabrik Linz,"Peter Behrens, Alexander Popp",1935,Austria,Europe,1919-1945,factory,Neue Sachlichkeit,first steel-frame building in Austria; listed monument; major industrial modernism,https://commons.wikimedia.org/wiki/File:Grand_Garage_Terrasse_2019_Tabakfabrik_Linz_6.jpg,Manfred Werner (Tsui),CC BY-SA-4.0,https://creativecommons.org/licenses/by-sa/4.0
ARCH_0010,1,2026-09-25T13:30:06.869Z,3108e4004ffe76458858d54fc8b03e295c1d6019ec237b1196d7d4f6f5bd5bab,Karl-Marx-Hof,Karl Ehn,1930,Austria,Europe,1919-1945,collective housing,Vienna Red municipal housing,canonical work of interwar social housing,https://commons.wikimedia.org/wiki/File:Karl_Marx_Hof.jpg,Thomas Ledl,CC BY-SA-4.0,https://creativecommons.org/licenses/by-sa/4.0
ARCH_0011,1,2026-09-25T13:30:06.926Z,70c1a8458a3a64918da6f0f5800eded553b56e4fcd784540aae6a990aaabc3d5,Villa Müller,Adolf Loos,1930,Czech Republic,Europe,1919-1945,single-family house,Modernism,canonical work of Adolf Loos; national cultural monument,https://commons.wikimedia.org/wiki/File:Villa_M%C3%BCller.jpg,Szombat78,CC0,http://creativecommons.org/publicdomain/zero/1.0/deed.en
ARCH_0012,1,2026-09-25T13:30:07.051Z,10f78e3210a37b4d97a946925c2e399b9f5ef2bee417b32c68a2ffd0f9e6fe6a,Villa Tugendhat,Ludwig Mies van der Rohe,1930,Czech Republic,Europe,1919-1945,single-family house,Modern Movement,UNESCO World Heritage Site,https://commons.wikimedia.org/wiki/File:Vila_Tugendhat_exterior_Dvorak2.JPG,Petr1987,CC BY-SA-4.0,https://creativecommons.org/licenses/by-sa/4.0
ARCH_0013,1,2026-09-25T13:30:07.118Z,01815adbaf0945a443983ab11a41d8d995712daa0a760ec238a7f15bcac187a9,Trade Fair Palace Prague,"Oldřich Tyl, Josef Fuchs",1928,Czech Republic,Europe,1919-1945,exhibition hall / museum,Functionalism,canonical work of Czech functionalism; National Gallery,"https://commons.wikimedia.org/wiki/File:Veletr%C5%BEn%C3%AD_pal%C3%A1c,_z_k%C5%99i%C5%BEovatky.jpg",ŠJů,CC BY-4.0,https://creativecommons.org/licenses/by/4.0
ARCH_0014,1,2026-09-25T13:30:07.149Z,6df6458a6b8286e9b248f223dc0dcafc5362be6d7a9bdb7f8b9379ad8f607455,Barcelona Pavilion,"Ludwig Mies van der Rohe, Lilly Reich",1929,Spain,Europe,1919-1945,pavilion,Modern Movement,canonical work of modern architecture (1986 reconstruction),"https://commons.wikimedia.org/wiki/File:The_Barcelona_Pavilion,_Barcelona,_2010.jpg",Ashley Pomeroy at English Wikipedia,CC BY-3.0,https://creativecommons.org/licenses/by/3.0
ARCH_0015,1,2026-09-25T13:30:07.209Z,af7d5ce304eb1e47f7bcbeaa8fef2192aff459c3c4b8ec38955bd657f72bba40,Casa Bloc,"Josep Lluís Sert, Josep Torres Clavé, Joan Baptista Subirana",1936,Spain,Europe,1919-1945,collective housing,Rationalism (GATCPAC),canonical work of Spanish rationalist social housing,"https://commons.wikimedia.org/wiki/File:362_Casa_Bloc,_pg._Torras_i_Bages_85-105_(Barcelona).jpg",Enric,CC BY-SA-4.0,https://creativecommons.org/licenses/by-sa/4.0
ARCH_0016,1,2026-09-25T13:30:07.324Z,5c999fd67b5256fae0a154630b8843c8654fc8f6b3fd02977a4cc90dc3b034d0,Maison de Verre,"Pierre Chareau, Bernard Bijvoet",1932,France,Europe,1919-1945,single-family house,Modern Movement,canonical work of modern architecture; monument historique,https://commons.wikimedia.org/wiki/File:Maison_de_verre_Chareau.jpg,Subrealistsandu,CC BY-SA-3.0,https://creativecommons.org/licenses/by-sa/3.0
ARCH_0017,1,2026-09-25T13:30:07.377Z,f0a9916ed0f240e143ca654a8e25a0238cf5d22be7aaab875ccd0273ca1fa1ea,Maison du Peuple de Clichy,"Eugène Beaudouin, Marcel Lods, Jean Prouvé, Vladimir Bodiansky",1939,France,Europe,1919-1945,public market hall / civic building,Industrialised modernism,canonical work of Jean Prouvé and prefabricated construction; monument historique,"https://commons.wikimedia.org/wiki/File:Vue_Maison_du_Peuple,_Clichy.jpg",Lolo92110,CC BY-SA-4.0,https://creativecommons.org/licenses/by-sa/4.0
ARCH_0018,1,2026-09-25T13:30:07.450Z,140fd6968e05b38c250f0635b7082818877d4d2cb6d457cad882d35d57370f82,Salginatobel Bridge,Robert Maillart,1930,Switzerland,Europe,1919-1945,bridge / infrastructure,Structural modernism,International Historic Civil Engineering Landmark; canonical concrete bridge,https://commons.wikimedia.org/wiki/File:Salginatobelbruecke_suedwest_quer.jpg,Ikiwaner (talk),CC BY-SA-3.0,http://creativecommons.org/licenses/by-sa/3.0/
ARCH_0019,1,2026-09-25T13:30:07.648Z,651af48edf5267d4117dbd669931db6e3fb3728b21065be21dba2721db0e4ae1,Rietveld Schröder House,Gerrit Rietveld,1924,Netherlands,Europe,1919-1945,single-family house,De Stijl,UNESCO World Heritage Site,https://commons.wikimedia.org/wiki/File:Utrecht_PrinsHendriklaan50_018_2292.jpg,Ludvig14,CC BY-SA-4.0,https://creativecommons.org/licenses/by-sa/4.0
ARCH_0020,1,2026-09-25T13:30:07.681Z,b5e598be268be30064723c28bfa8dae61a3825eee703cc016753564e6e9fda19,Van Nelle Factory,Brinkman & Van der Vlugt,1931,Netherlands,Europe,1919-1945,factory,Nieuwe Bouwen / functionalism,UNESCO World Heritage Site; canonical industrial modernism,https://commons.wikimedia.org/wiki/File:Van_Nelle_II_(26706641157).jpg,Rob Oo from NL,CC BY-2.0,https://creativecommons.org/licenses/by/2.0
ARCH_0021,1,2026-09-25T13:30:07.725Z,0a607e7d46b5a3be66e6631315d5a7b035b0ec992f30f0443a444cbe6bf3c65f,Zonnestraal Sanatorium,"Jan Duiker, Bernard Bijvoet",1928,Netherlands,Europe,1919-1945,sanatorium / health building,Nieuwe Bouwen,canonical work of Dutch functionalism; rijksmonument,https://commons.wikimedia.org/wiki/File:Hoofdgebouw_Sanatorium_Zonnestraal.jpg,Choinowski,CC BY-SA-4.0,https://creativecommons.org/licenses/by-sa/4.0
ARCH_0022,1,2026-09-25T13:30:07.774Z,e1291d92c1cc9c918d883f2e20638eed56994ce08c553c79b11e80db596a3e8e,Hilversum Town Hall,Willem Marinus Dudok,1931,Netherlands,Europe,1919-1945,town hall,Modernism,canonical work of Dudok; rijksmonument,https://commons.wikimedia.org/wiki/File:Raadhuis_Hilversum2022.jpg,Choinowski,CC BY-SA-4.0,https://creativecommons.org/licenses/by-sa/4.0
ARCH_0023,1,2026-09-25T13:30:07.878Z,dadb98e63335b991e2a653ff0677e110042f14d29b3d3e6c0d297f6673e61f5c,Isokon Building,Wells Coates,1934,United Kingdom,Europe,1919-1945,collective housing,International Style,Grade I listed; canonical British modernism,"https://commons.wikimedia.org/wiki/File:Hampstead_,_Isokon_Flats,_Lawn_Road_-_geograph.org.uk_-_8262131.jpg",Jim Osley,CC BY-SA-2.0,https://creativecommons.org/licenses/by-sa/2.0
ARCH_0024,1,2026-09-25T13:30:07.919Z,88a79d9c5388b9db0c1be2fae9e889a4b920b9bd808720cd55b9a1803cea775e,Highpoint I,Berthold Lubetkin,1935,United Kingdom,Europe,1919-1945,collective housing,International Style,Grade I listed; canonical British modernism,https://commons.wikimedia.org/wiki/File:Highpoint_1_(49445187038).jpg,"Reading Tom from Reading, UK",CC BY-2.0,https://creativecommons.org/licenses/by/2.0
ARCH_0025,1,2026-09-25T13:30:08.051Z,121b063166ef28092ca46fd62cda0d29ee804cf47759018da1e7ddf1151fe97f,Hoover Building,"Wallis, Gilbert and Partners",1933,United Kingdom,Europe,1919-1945,factory,Art Deco,Grade II* listed; canonical Art Deco factory,https://commons.wikimedia.org/wiki/File:Hoover_Building_in_Perivale.jpg,Ethan Doyle White,CC BY-SA-4.0,https://creativecommons.org/licenses/by-sa/4.0
ARCH_0026,1,2026-09-25T13:30:08.189Z,a9b5c62a8198eb62982902b95456b37a303a394f6e47063a3f497e45ee7b999b,Battersea Power Station,"Giles Gilbert Scott, J. Theo Halliday",1955,United Kingdom,Europe,1946-1969,power station,Art Deco / Brick industrial,Grade II* listed; canonical industrial landmark,https://commons.wikimedia.org/wiki/File:Battersea_Power_Station_from_River_Thames_Wandsworth_London_England_01.jpg,Acabashi,CC BY-SA-4.0,https://creativecommons.org/licenses/by-sa/4.0
ARCH_0027,1,2026-09-25T13:30:08.451Z,a2fab752dfd7b5090aee7867e0e2fd41fa2dfd01809eca74288f848695c64ec7,Casa del Fascio Como,Giuseppe Terragni,1936,Italy,Europe,1919-1945,public building,Italian Rationalism,canonical work of Italian rationalism,https://commons.wikimedia.org/wiki/File:Prospetto_esterno_della_Casa_del_Fascio.jpg,Effe B,CC BY-SA-4.0,https://creativecommons.org/licenses/by-sa/4.0
ARCH_0028,1,2026-09-25T13:30:08.769Z,af797f8199b5495f713c44334b3c721684f9e56a96642a292b1ebce33376582f,Fiat Lingotto,Giacomo Mattè-Trucco,1923,Italy,Europe,1919-1945,factory,Industrial modernism,canonical industrial building with rooftop test track; converted by Renzo Piano,https://commons.wikimedia.org/wiki/File:2026-06-13-Lingotto-Via-Ermanno-Fenoglietti.jpg,Gunnar Klack,CC BY-SA-4.0,https://creativecommons.org/licenses/by-sa/4.0
ARCH_0029,1,2026-09-25T13:30:08.864Z,820e82564b5eaf2dd35b29fce4696d6ca32a10f3b52b3e395286f87de9717c25,Stadio Artemio Franchi,Pier Luigi Nervi,1932,Italy,Europe,1919-1945,stadium,Structural modernism,canonical early work of Pier Luigi Nervi; listed,"https://commons.wikimedia.org/wiki/File:Firenze,_stadio_artemio_franchi,_campo_da_gioco,_10,0.jpg",Sailko,CC BY-3.0,https://creativecommons.org/licenses/by/3.0
ARCH_0030,1,2026-09-25T13:30:09.048Z,5895c3b46e0054ff9b6f36171febb86965e6e10f6225720d0f879253dca0801e,Paimio Sanatorium,Alvar Aalto,1933,Finland,Europe,1919-1945,sanatorium / health building,Functionalism,UNESCO tentative list; canonical work of Alvar Aalto,https://commons.wikimedia.org/wiki/File:Paimion_parantolan_p%C3%A4%C3%A4rakennus_2025_Marit_Henriksson.jpg,Marit Henriksson,CC BY-SA-4.0,https://creativecommons.org/licenses/by-sa/4.0
ARCH_0031,1,2026-09-25T13:30:09.181Z,623723723a79aa0260ba58cd86cbba90b007857a43fcff0f9eafbd4cd2e26729,Stockholm Public Library,Gunnar Asplund,1928,Sweden,Europe,1919-1945,library,Nordic Classicism,canonical work of Asplund; widely cited,https://commons.wikimedia.org/wiki/File:Stockholms_stadsbibliotek_March_2025_01.jpg,ArildV,CC BY-SA-4.0,https://creativecommons.org/licenses/by-sa/4.0
ARCH_0032,1,2026-09-25T13:30:09.397Z,f9e9f6145b76727fa32317ebca01d5c53e906147cedba77f931049d1667f7368,Woodland Crematorium,Gunnar Asplund,1940,Sweden,Europe,1919-1945,religious / funerary,Modernism,UNESCO World Heritage Site (Skogskyrkogården),https://commons.wikimedia.org/wiki/File:Skogskyrkog%C3%A5rden_June_2024_01.jpg,ArildV,CC BY-SA-4.0,https://creativecommons.org/licenses/by-sa/4.0
ARCH_0033,1,2026-09-25T13:30:09.480Z,762091699d13b0b97964596cb6bbff1021490b981a144901c347930eda5f7c76,Grundtvig's Church,Peder Vilhelm Jensen-Klint,1940,Denmark,Europe,1919-1945,church,Expressionism,canonical work of expressionist brick architecture,https://commons.wikimedia.org/wiki/File:Grundtvigs_Kirke_(West_Face_-_02).jpg,Doyle of London,CC BY-SA-4.0,https://creativecommons.org/licenses/by-sa/4.0
ARCH_0034,1,2026-09-25T13:30:09.745Z,e83a209112ee04f15a53e91ce4267b41a730ff637e10d5b4e8621b26793cde71,Aarhus City Hall,"Arne Jacobsen, Erik Møller",1941,Denmark,Europe,1919-1945,town hall,Functionalism,listed building; canonical work of Arne Jacobsen,https://commons.wikimedia.org/wiki/File:R%C3%A5dhus_Aarhus_2022-08-16_02.jpg,Leonhard Lenz,CC0,http://creativecommons.org/publicdomain/zero/1.0/deed.en
ARCH_0035,1,2026-09-25T13:30:09.844Z,13adb16a1d4f9854873ffdbcfc4aeddd57a0b7a2eb430135d29b5d27996123fc,Narkomfin Building,"Moisei Ginzburg, Ignaty Milinis",1930,Russia,Europe,1919-1945,collective housing,Constructivism,canonical work of Soviet constructivism,"https://commons.wikimedia.org/wiki/File:Moscow,_Narkomfin_building_in_May_2021_02.jpg",Retired electrician,CC0,http://creativecommons.org/publicdomain/zero/1.0/deed.en
ARCH_0036,1,2026-09-25T13:30:09.910Z,63c7e4ac2b4c2ce3eca29edf1c4d9f0efae3373ada30c52622cf5af717ba6ab8,Melnikov House,Konstantin Melnikov,1929,Russia,Europe,1919-1945,single-family house,Constructivism,canonical work of Soviet avant-garde,https://commons.wikimedia.org/wiki/File:Melnikhov_House_-_01.JPG,Shesmax,CC BY-SA-3.0,https://creativecommons.org/licenses/by-sa/3.0
ARCH_0037,1,2026-09-25T13:30:09.969Z,ba834f7e60c82a943a337531f66599b2202d4c8da0b3cf36b0be0c244f8388b1,Shukhov Tower,Vladimir Shukhov,1922,Russia,Europe,1919-1945,radio tower / infrastructure,Structural avant-garde,canonical hyperboloid structure; major engineering landmark,"https://commons.wikimedia.org/wiki/File:Moscow,_Shukhov_Tower_in_February_2014_(12323741925).jpg","Sergey Norin from Moscow, Russia",CC BY-2.0,https://creativecommons.org/licenses/by/2.0
ARCH_0038,1,2026-09-25T13:30:10.052Z,e0b930520061cad7f3aab08c63ac0f2c2f4e2166d9401e2937b2329377ceeec4,Fallingwater,Frank Lloyd Wright,1939,United States,North America,1919-1945,single-family house,Organic architecture,UNESCO World Heritage Site,https://commons.wikimedia.org/wiki/File:Fallingwater_-_DSC05643.JPG,Daderot,CC0,http://creativecommons.org/publicdomain/zero/1.0/deed.en
ARCH_0039,1,2026-09-25T13:30:10.069Z,ffe814751728fd5909e581dae0a34bb3c13d9c1099b673532b0d6bfca49924e4,Johnson Wax Headquarters,Frank Lloyd Wright,1939,United States,North America,1919-1945,corporate headquarters,Organic architecture / Streamline,National Historic Landmark; canonical work of Frank Lloyd Wright,"https://commons.wikimedia.org/wiki/File:Administration_Building_and_Research_Tower;_Johnson_Wax_Headquarters;_Racine,_Wisconsin;_June_9,_2012.JPG",Stephen Matthew Milligan,CC BY-SA-3.0,https://creativecommons.org/licenses/by-sa/3.0
ARCH_0040,1,2026-09-25T13:30:10.126Z,d79763f6ac371ec54828f6f18447ff3dea94f77d8b871ada4ceea2f39b5ef308,Empire State Building,"Shreve, Lamb & Harmon",1931,United States,North America,1919-1945,office building,Art Deco,National Historic Landmark; canonical Art Deco skyscraper,https://commons.wikimedia.org/wiki/File:32nd_St_5th_Av_06_-_Empire_State_Building.jpg,Tdorante10,CC BY-SA-4.0,https://creativecommons.org/licenses/by-sa/4.0
ARCH_0041,1,2026-09-25T13:30:10.201Z,12c612d7d2511da0f0e249b1f3cba1a02995ef2437fceba5692e9d825a443b4c,Lovell Health House,Richard Neutra,1929,United States,North America,1919-1945,single-family house,International Style,canonical work of Richard Neutra,https://commons.wikimedia.org/wiki/File:Lovell_Health_House_2.jpg,Codera23,CC BY-SA-4.0,https://creativecommons.org/licenses/by-sa/4.0
ARCH_0042,1,2026-09-25T13:30:10.281Z,e0cec0d7a68b6abbcff4f8dd6c6d03843344cd7472019f171315512cfd71ebdc,Ford River Rouge Complex,Albert Kahn,1928,United States,North America,1919-1945,factory / industrial complex,Industrial modernism,National Historic Landmark; canonical industrial work of Albert Kahn,"https://commons.wikimedia.org/wiki/File:Charles_Sheeler,_River_Rouge_Plant,_1932_1_15_18_-whitneymuseum_(39273167440).jpg",Sharon Mollerus,PD,
ARCH_0043,1,2026-09-25T13:30:10.539Z,8b515c3d6b6b0abe907419a3f41211a7f6951dd11c97a8d1c905528b18324539,Hoover Dam,"Gordon Kaufmann (architectural treatment), US Bureau of Reclamation",1936,United States,North America,1919-1945,dam / power infrastructure,Art Deco industrial,National Historic Landmark; canonical infrastructure with architectural treatment,https://commons.wikimedia.org/wiki/File:Hoover_Dam_(33500827130).jpg,Mobilus In Mobili,CC BY-SA-2.0,https://creativecommons.org/licenses/by-sa/2.0
ARCH_0044,1,2026-09-25T13:30:10.615Z,ab5f36afebcd9bda6fca8f85741d4b0be61138bb1617d45db192ba54e9a9b62a,Casa Estudio Diego Rivera y Frida Kahlo,Juan O'Gorman,1932,Mexico,Latin America,1919-1945,single-family house / studio,Functionalism,canonical work of Mexican functionalism,https://commons.wikimedia.org/wiki/File:Casa_Estudio_de_Diego_Rivera_y_Frida_Kahlo.jpg,Marqturo,CC BY-SA-4.0,https://creativecommons.org/licenses/by-sa/4.0
ARCH_0045,1,2026-09-25T13:30:10.651Z,9591574f11df4081faf82abda16d6bef1711fe3305ba09c08885c19abf5c306a,Gustavo Capanema Palace,"Lúcio Costa, Oscar Niemeyer, Affonso Reidy, et al. (Le Corbusier consultant)",1943,Brazil,Latin America,1919-1945,public building (ministry),Brazilian modernism,canonical work of Brazilian modern architecture; national monument,https://commons.wikimedia.org/wiki/File:Vista_da_fachada_sul_do_Pal%C3%A1cio_Gustavo_Capanema.jpg,Henrique Liberal,CC BY-SA-4.0,https://creativecommons.org/licenses/by-sa/4.0
ARCH_0046,1,2026-09-25T13:30:10.702Z,a612bc31dac61bfe008935e70e05deb2963bb4a57313d40a5461335fe294d8b8,Church of Saint Francis of Assisi Pampulha,Oscar Niemeyer,1943,Brazil,Latin America,1919-1945,church,Brazilian modernism,UNESCO World Heritage Site (Pampulha Modern Ensemble),https://commons.wikimedia.org/wiki/File:Igreja_S%C3%A3o_Francisco_na_Pampulha_04.JPG,"Eugenio Hansen, OFS",CC BY-SA-4.0,https://creativecommons.org/licenses/by-sa/4.0
ARCH_0047,1,2026-09-25T13:30:10.743Z,8799e3fb89974195625ee4d21c0759eb100060800bfb2532d98583d98cff3188,Tokyo Central Post Office,Tetsuro Yoshida,1931,Japan,Japan,1919-1945,post office / public building,Modernism,canonical work of Japanese prewar modernism; partially preserved in KITTE,"https://commons.wikimedia.org/wiki/File:Tokyo_Central_Post_Office_-_Apr_30,_2007.jpg",Takanori Nakanowatari,CC BY-2.0,https://creativecommons.org/licenses/by/2.0
ARCH_0048,1,2026-09-25T13:30:10.796Z,62f858023b5f2d65219834b619adcaf97480b716c33d606cef3140224aa0d59e,Park Hotel Shanghai,László Hudec,1934,China,Asia,1919-1945,hotel,Art Deco,canonical Art Deco skyscraper of Asia; listed,https://commons.wikimedia.org/wiki/File:Rear_View_of_Park_Hotel.JPG,Livelikerw,CC BY-SA-3.0,https://creativecommons.org/licenses/by-sa/3.0
ARCH_0049,1,2026-09-25T13:30:10.826Z,50db93a67c444dbd234198b170a85e6e3431dd67fe210ef364c88f3b6107cfa0,Engel House,Zeev Rechter,1933,Israel,Middle East,1919-1945,collective housing,International Style,UNESCO World Heritage Site (White City of Tel Aviv); first building on pilotis in Tel Aviv,https://commons.wikimedia.org/wiki/File:Engel_House_(2).jpg,Avi1111 dr. avishai teicher,CC BY-SA-4.0,https://creativecommons.org/licenses/by-sa/4.0
ARCH_0050,1,2026-09-25T13:30:10.885Z,41076288d33c7a9e8c5752590f591ba7acf486f51748ce61e9f21f69073acf0b,Fiat Tagliero Building,Giuseppe Pettazzi,1938,Eritrea,Africa,1919-1945,service station,Futurism,UNESCO World Heritage Site (Asmara); canonical futurist building,https://commons.wikimedia.org/wiki/File:Fiat_Tagliero_building_in_Asmara.jpg,Martin Schibbye,CC BY-SA-4.0,https://creativecommons.org/licenses/by-sa/4.0
ARCH_0051,1,2026-09-25T13:30:10.918Z,cfa979121db7a1397732ecb7cc38b8932306454b917906e1d1944493825aee85,Cinema Impero,Mario Messina,1937,Eritrea,Africa,1919-1945,cinema,Art Deco / Rationalism,UNESCO World Heritage Site (Asmara),https://commons.wikimedia.org/wiki/File:Eritrea_corner%27s_17.jpg,Nicholas Gemini,CC BY-SA-3.0,https://creativecommons.org/licenses/by-sa/3.0
ARCH_0052,1,2026-09-25T13:30:10.962Z,92b3a1cf377f08ecd8474724233d9e90eb22dce94ba02e7d942e126041c6fd21,Sydney Harbour Bridge,"John Bradfield, Ralph Freeman",1932,Australia,Oceania,1919-1945,bridge / infrastructure,Structural engineering,National Heritage List; canonical infrastructure landmark,https://commons.wikimedia.org/wiki/File:S%C3%ADdney-Australia25.JPG,Diego Delso,CC BY-SA-3.0,https://creativecommons.org/licenses/by-sa/3.0
ARCH_0053,1,2026-09-25T13:30:11.155Z,3c35abf43379a477654016891ccd55b493ccb58a17886679c7b7e30b491827c0,Unité d'Habitation Berlin (Corbusierhaus),Le Corbusier,1958,Germany,Europe,1946-1969,collective housing,Brutalism / Modern Movement,"Le Corbusier Unité type (Interbau 1957); listed monument; substitutes Marseille Unité, whose photographs are unavailable on Commons (no freedom of panorama in France)",https://commons.wikimedia.org/wiki/File:Unite-d-Habitation-Corbusierhaus-Berlin-Westend-05-2017b.jpg,Gunnar Klack,CC BY-SA-4.0,https://creativecommons.org/licenses/by-sa/4.0
ARCH_0054,1,2026-09-25T13:30:11.203Z,d33734ef2603097b32a24aa1f2e34f43bbf5f3be5370592585d64f023e188a1f,Palace of Assembly Chandigarh,Le Corbusier,1962,India,Asia,1946-1969,parliament / government building,Brutalism / Modern Movement,UNESCO World Heritage Site (Capitol Complex),"https://commons.wikimedia.org/wiki/File:Palace_of_Assembly,_Capitol_Complex,_Chandigarh.jpg",Lillottama,CC BY-SA-4.0,https://creativecommons.org/licenses/by-sa/4.0
ARCH_0055,1,2026-09-25T13:30:11.312Z,485992c388436b6319f9def41cab0054e360fc14a1d50592be5d4721e3408520,Casa Curutchet,Le Corbusier,1953,Argentina,Latin America,1946-1969,single-family house,Modern Movement,UNESCO World Heritage Site,https://commons.wikimedia.org/wiki/File:Casa_Curutchet_2..JPG,Danielsantiago9128,CC BY-SA-3.0,https://creativecommons.org/licenses/by-sa/3.0
ARCH_0056,1,2026-09-25T13:30:11.409Z,12241203a180f3e829c7a8e9035b2447d67500690d8cb3d36281ae0c3c5e2b77,Farnsworth House,Ludwig Mies van der Rohe,1951,United States,North America,1946-1969,single-family house,International Style,National Historic Landmark; canonical work of Mies,https://commons.wikimedia.org/wiki/File:Farnsworth_House_by_Mies_Van_Der_Rohe_-_exterior-6.jpg,Victor Grigas,CC BY-SA-3.0,https://creativecommons.org/licenses/by-sa/3.0
ARCH_0057,1,2026-09-25T13:30:11.479Z,9acd06a0fb51c309052dd263878872b21b81300538dae488fada3d1c0f636ac9,Seagram Building,"Ludwig Mies van der Rohe, Philip Johnson",1958,United States,North America,1946-1969,office building,International Style,canonical corporate skyscraper of the International Style; NYC landmark,https://commons.wikimedia.org/wiki/File:Seagram_Building_(35098307116).jpg,"Ken OHYAMA from FUNABASHI, Japan",CC BY-SA-2.0,https://creativecommons.org/licenses/by-sa/2.0
ARCH_0058,1,2026-09-25T13:30:11.602Z,b9f1e0b686f00227ac68b4507bae5268a3b5fb7549052ae8dbd83979b7385c1c,Neue Nationalgalerie,Ludwig Mies van der Rohe,1968,Germany,Europe,1946-1969,museum,International Style,canonical late work of Mies; listed monument,https://commons.wikimedia.org/wiki/File:Berlin-Neue_Nationalgalerie-06-Ludwig_Mies_van_der_Rohe-2016-gje.jpg,Gerd Eichmann,CC BY-SA-4.0,https://creativecommons.org/licenses/by-sa/4.0
ARCH_0059,1,2026-09-25T13:30:11.644Z,8187f666f1f5a25ef2b6ba6997eaa9cb915ce46a6b2c7434423df242538d7046,Lever House,Gordon Bunshaft,1952,United States,North America,1946-1969,office building,International Style,National Historic Landmark; canonical glass curtain-wall office,https://commons.wikimedia.org/wiki/File:Lever_House_Nov_2025_04.jpg,Epicgenius,CC BY-SA-4.0,https://creativecommons.org/licenses/by-sa/4.0
ARCH_0060,1,2026-09-25T13:30:11.742Z,53313b737665ee44bb31cb1253abaedf40ca062a5dcc06cde8a9d2807bd44632,Glass House,Philip Johnson,1949,United States,North America,1946-1969,single-family house,International Style,National Historic Landmark; canonical modern house,https://commons.wikimedia.org/wiki/File:Glass_House_2006.jpg,Carol M. Highsmith,PD,
ARCH_0061,1,2026-09-25T13:30:11.828Z,ae6af400ba8904cb1ac7e797ec7394b670fecf1704f73f6ee8bf0a4a8d075902,Eames House,"Charles Eames, Ray Eames",1949,United States,North America,1946-1969,single-family house,Mid-century modern (Case Study House),National Historic Landmark; Case Study House #8,https://commons.wikimedia.org/wiki/File:Eames_House_(14205069394).jpg,edward stojakovic,CC BY-2.0,https://creativecommons.org/licenses/by/2.0
ARCH_0062,1,2026-09-25T13:30:11.883Z,f6eb42294773e936e57f72a11cc4b8c14f673d5dc27e2226b6aaec67ab3a10df,Solomon R. Guggenheim Museum,Frank Lloyd Wright,1959,United States,North America,1946-1969,museum,Organic architecture,UNESCO World Heritage Site,https://commons.wikimedia.org/wiki/File:5_Av_Sep_2022_118.jpg,Epicgenius,CC BY-SA-4.0,https://creativecommons.org/licenses/by-sa/4.0
ARCH_0063,1,2026-09-25T13:30:12.015Z,64b82dcef1c06c888fc5abc2d1d420eded590d5f1910a19834e3a44877705cce,TWA Flight Center,Eero Saarinen,1962,United States,North America,1946-1969,airport terminal,Expressionist modernism,canonical work of Eero Saarinen; NYC landmark,https://commons.wikimedia.org/wiki/File:Flight_Center_View.jpg,Swizz152,CC BY-SA-4.0,https://creativecommons.org/licenses/by-sa/4.0
ARCH_0064,1,2026-09-25T13:30:12.076Z,9ed8bdb00f4d6cb0866ce2d45e9b9ec5c1f691041e7dd301ba372e9aa0ffba42,General Motors Technical Center,Eero Saarinen,1956,United States,North America,1946-1969,corporate research and production campus,Mid-century modern,National Historic Landmark; AIA Twenty-five Year Award; canonical corporate industrial campus,https://commons.wikimedia.org/wiki/File:Warren_-_General_Motors_Technical_Center_(50826111923).jpg,ajay_suresh,CC BY-2.0,https://creativecommons.org/licenses/by/2.0
ARCH_0065,1,2026-09-25T13:30:12.127Z,4a0de2e4a647b322e7a6642a7e48594ea0bde51a2f3dba62e3ad985bb7241906,Salk Institute for Biological Studies,Louis Kahn,1965,United States,North America,1946-1969,research laboratory,Modernism / Brutalism,AIA Twenty-five Year Award; canonical work of Louis Kahn,https://commons.wikimedia.org/wiki/File:Salk_Institute_2_Highsmith.jpg,Carol M. Highsmith,PD,
ARCH_0066,1,2026-09-25T13:30:12.222Z,bbfaa78052d1f283fbe7ac1a94ddfb033d981109e7810b9869f80916e802e8bc,Whitney Museum (Breuer Building),Marcel Breuer,1966,United States,North America,1946-1969,museum,Brutalism,canonical work of Marcel Breuer; frequently cited brutalist museum,https://commons.wikimedia.org/wiki/File:Breuer2.jpg,Glenda Altarejos,CC BY-SA-4.0,https://creativecommons.org/licenses/by-sa/4.0
ARCH_0067,1,2026-09-25T13:30:12.291Z,766e1b9c071dcec30aa48c3c583a44ea422f9ea5e75ba3fe41d4d1d088544369,Boston City Hall,Kallmann McKinnell & Knowles,1968,United States,North America,1946-1969,town hall,Brutalism,canonical work of American brutalism; AIA Honor Award,https://commons.wikimedia.org/wiki/File:2010_GovtCenter_Boston8.jpg,M2545,PD,
ARCH_0068,1,2026-09-25T13:30:12.453Z,91434d1f0128ebc21a437beca0b59b671359848df0ec4512f7f58c882b04fd6c,Marina City,Bertrand Goldberg,1964,United States,North America,1946-1969,collective housing (mixed-use towers),Modernism,Chicago Landmark; canonical mixed-use complex,"https://commons.wikimedia.org/wiki/File:Marina_City_and_State_Street_Bridge_at_blue_hour,_Chicago.jpg",NorbertNagel,CC BY-SA-4.0,https://creativecommons.org/licenses/by-sa/4.0
ARCH_0069,1,2026-09-25T13:30:12.508Z,2fa7e7a1596c7b2e4a73e22ec4647b43b86ac4e8e9195f787d5bfe3ff42824c7,John Hancock Center,"Bruce Graham, Fazlur Khan",1969,United States,North America,1946-1969,office / residential skyscraper,Structural expressionism,canonical trussed-tube skyscraper; frequently cited,https://commons.wikimedia.org/wiki/File:John_Hancock_Center_2.jpg,Joe Ravi,CC BY-SA-3.0,https://creativecommons.org/licenses/by-sa/3.0
ARCH_0070,1,2026-09-25T13:30:12.582Z,a2b76cf7a074124ffcb9625a71d4072101b123984aa7916d4a0f691f0d5f6495,Habitat 67,Moshe Safdie,1967,Canada,North America,1946-1969,collective housing,Brutalism / prefabrication,canonical prefabricated housing experiment; heritage designated,"https://commons.wikimedia.org/wiki/File:Habitat_67,_southwest_view.jpg",Thomas Ledl,CC BY-SA-4.0,https://creativecommons.org/licenses/by-sa/4.0
ARCH_0071,1,2026-09-25T13:30:12.624Z,04abb683997c249240f4d7c55d7b1a5ed3da5f2ab2150be6b7479efd22f4f99d,Säynätsalo Town Hall,Alvar Aalto,1952,Finland,Europe,1946-1969,town hall,Organic modernism,canonical work of Alvar Aalto,https://commons.wikimedia.org/wiki/File:S%C3%A4yn%C3%A4tsalon_kunnantalo.jpg,Tiia Monto,CC BY-SA-3.0,https://creativecommons.org/licenses/by-sa/3.0
ARCH_0072,1,2026-09-25T13:30:12.647Z,a2e84a19c3de2928149d66381b4fe7de0673004e81adb00a2baaabc82780d36c,Congresso Nacional Brasília,Oscar Niemeyer,1960,Brazil,Latin America,1946-1969,parliament,Brazilian modernism,UNESCO World Heritage Site (Brasília); Pritzker Prize architect,https://commons.wikimedia.org/wiki/File:Brazilian_National_Congress.jpg,Eurico Zimbres,CC BY-SA-2.5,https://creativecommons.org/licenses/by-sa/2.5
ARCH_0073,1,2026-09-25T13:30:12.672Z,e6a913943f2128d8fd85ef230b780c88cfce9a0818f49df8edc4a399e846fe2d,Copan Building,Oscar Niemeyer,1966,Brazil,Latin America,1946-1969,collective housing,Brazilian modernism,Pritzker Prize architect; canonical residential megastructure,https://commons.wikimedia.org/wiki/File:ROGERIOCASSIMIRO_EDIFICIOCOPAN_SAOPAULO_SP_(27088931388).jpg,MTur Destinos,PD,
ARCH_0074,1,2026-09-25T13:30:12.742Z,bd26b43af18fbad267ca94e09a000082a76ab8c1d0421556f9c1d3e4a4ddbfd6,Museu de Arte de São Paulo,Lina Bo Bardi,1968,Brazil,Latin America,1946-1969,museum,Brutalism,canonical work of Lina Bo Bardi; widely documented,https://commons.wikimedia.org/wiki/File:MASP_Brazil.jpg,Wilfredor,CC0,http://creativecommons.org/publicdomain/zero/1.0/deed.en
ARCH_0075,1,2026-09-25T13:30:12.780Z,44e3971c1b4727c77bfc7923fbd15be1a00d62b52e273c7874dd7ec9b1459933,Casa de Vidro,Lina Bo Bardi,1951,Brazil,Latin America,1946-1969,single-family house,Modern Movement,canonical work of Lina Bo Bardi; listed,https://commons.wikimedia.org/wiki/File:Casa_de_Vidro_-_Instituto_Bardi.jpg,LeoINN,CC BY-SA-4.0,https://creativecommons.org/licenses/by-sa/4.0
ARCH_0076,1,2026-09-25T13:30:12.818Z,a4f9c04fd45ded2652c05d31fbb07985f25a479a9bf7829f3edf92ae4264d508,Museu de Arte Moderna do Rio de Janeiro,Affonso Eduardo Reidy,1958,Brazil,Latin America,1946-1969,museum,Brazilian modernism,canonical work of Brazilian modernism,https://commons.wikimedia.org/wiki/File:MAM_-_Museu_de_Arte_Moderna_do_Rio_de_Janeiro_02.jpg,Halley Pacheco de Oliveira,CC BY-SA-3.0,https://creativecommons.org/licenses/by-sa/3.0
ARCH_0077,1,2026-09-25T13:30:12.928Z,3343bfa1154374d3a8ad89cf8f53804a740a03d4daf18d36263f370b9425f51e,FAU-USP Building,"João Batista Vilanova Artigas, Carlos Cascaldi",1969,Brazil,Latin America,1946-1969,university building,Paulista Brutalism,canonical work of the Paulista school,https://commons.wikimedia.org/wiki/File:At_Cidade_Universit%C3%A1ria_Armando_de_Salles_Oliveira_2023_071.jpg,Photograph by Mike Peel (www.mikepeel.net).,CC BY-SA-4.0,https://creativecommons.org/licenses/by-sa/4.0
ARCH_0078,1,2026-09-25T13:30:13.127Z,be0d1b72e7f8244bbb815cd20883d1f262a0fdffbc5c9718126a1ac18085f49a,UNAM Central Library,Juan O'Gorman,1956,Mexico,Latin America,1946-1969,library,Mexican modernism,UNESCO World Heritage Site (Ciudad Universitaria),https://commons.wikimedia.org/wiki/File:Main_UNAM_library_from_southeast.jpg,Daniel Case,CC BY-SA-3.0,https://creativecommons.org/licenses/by-sa/3.0
ARCH_0079,1,2026-09-25T13:30:13.168Z,d4f3df99ddba9616c05e0e5860ddc903aa9c12485045919ba61484610324a49c,Casa Luis Barragán,Luis Barragán,1948,Mexico,Latin America,1946-1969,single-family house,Emotional modernism / regionalism,UNESCO World Heritage Site; Pritzker Prize architect,https://commons.wikimedia.org/wiki/File:Luis_Barrag%C3%A1n_House_and_Studio_Street_view.JPG,Thomas Ledl,CC BY-SA-4.0,https://creativecommons.org/licenses/by-sa/4.0
ARCH_0080,1,2026-09-25T13:30:13.232Z,85c72fe7777a6204cbc5b0a06e6e092f001f95a903ab495e733df9786d5c6313,Los Manantiales Restaurant,Félix Candela,1958,Mexico,Latin America,1946-1969,restaurant / shell structure,Structural expressionism,canonical hyperbolic paraboloid shell; frequently cited,https://commons.wikimedia.org/wiki/File:Restaurante_Los_Manantiales_07.jpg,Dge,CC BY-SA-3.0,https://creativecommons.org/licenses/by-sa/3.0
ARCH_0081,1,2026-09-25T13:30:13.475Z,b19622f546717532dc85990be6f6cd2a46a8660018b204e130abec439c694a05,Torre Latinoamericana,Augusto H. Álvarez,1956,Mexico,Latin America,1946-1969,office building,International Style,landmark earthquake-resistant skyscraper; widely cited,https://commons.wikimedia.org/wiki/File:Torre_Latinoamericana_from_Alameda_Central_promenade.jpg,Daniel Case,CC BY-SA-3.0,https://creativecommons.org/licenses/by-sa/3.0
ARCH_0082,1,2026-09-25T13:30:13.520Z,e87c1b1b978016f2bc1cbd595bf06f4f54e347a30ca58bccda25e2b6bc435533,Aula Magna Ciudad Universitaria de Caracas,Carlos Raúl Villanueva,1953,Venezuela,Latin America,1946-1969,university auditorium,Modernism,UNESCO World Heritage Site,https://commons.wikimedia.org/wiki/File:AULA_MAGNA_SIM%C3%93N_BOL%C3%8DVAR.jpg,Carlos Enrique Zanabria,CC BY-SA-4.0,https://creativecommons.org/licenses/by-sa/4.0
ARCH_0083,1,2026-09-25T13:30:13.627Z,ab3a5080d1170f8b985da05835333be2f22ac3a1d0bf3bc2c703f3e573ef5829,Banco de Londres y América del Sur,Clorindo Testa,1966,Argentina,Latin America,1946-1969,bank / office building,Brutalism,canonical work of Latin American brutalism,https://commons.wikimedia.org/wiki/File:Brutalismo_en_Buenos_Aires_-_Banco_Hipotecario.jpg,Kevinkoppe2020,CC BY-SA-4.0,https://creativecommons.org/licenses/by-sa/4.0
ARCH_0084,1,2026-09-25T13:30:13.686Z,06ac4ab4ad26910544ca2800b6529194576a6306faf03f170cb2c47c173b12b7,Church of Christ the Worker Atlántida,Eladio Dieste,1960,Uruguay,Latin America,1946-1969,church,Structural brick modernism,UNESCO World Heritage Site,https://commons.wikimedia.org/wiki/File:Iglesia_Cristo_Obrero_y_Nuestra_Se%C3%B1ora_de_Lourdes.JPG,María Beatriz Rodriguez,CC BY-SA-3.0,https://creativecommons.org/licenses/by-sa/3.0
ARCH_0085,1,2026-09-25T13:30:13.732Z,0f2fa9ea6e541e018053ba8e4a220a67276b38f9730ab472c6d305d55e1a7719,Hiroshima Peace Memorial Museum,Kenzo Tange,1955,Japan,Japan,1946-1969,museum,Modern Movement,Important Cultural Property; Pritzker Prize architect,"https://commons.wikimedia.org/wiki/File:Hiroshima_Peace_Memorial_Museum,_G7_Hiroshima_001.jpg",Naokijp,CC BY-SA-4.0,https://creativecommons.org/licenses/by-sa/4.0
ARCH_0086,1,2026-09-25T13:30:13.753Z,95c3cfc4e78a34f1d1c71929fa74ceca802740f5afe40e361b336ea112028fa7,Kagawa Prefectural Government Office,Kenzo Tange,1958,Japan,Japan,1946-1969,government building,Modern Movement,Important Cultural Property; Pritzker Prize architect,"https://commons.wikimedia.org/wiki/File:4_Chome_Banch%C5%8D,_Takamatsu-shi,_Kagawa-ken_760-0017,_Japan_-_panoramio.jpg",Nagono,CC BY-SA-3.0,https://creativecommons.org/licenses/by-sa/3.0
ARCH_0087,1,2026-09-25T13:30:13.848Z,a31f7a8adf0e5fc9075b4d55b3e84502afcdff05c8d4bc0b1685d8abead28066,Yoyogi National Gymnasium,Kenzo Tange,1964,Japan,Japan,1946-1969,sports building,Structural expressionism,Important Cultural Property; Pritzker Prize architect,https://commons.wikimedia.org/wiki/File:Yoyogi_National_Gymnasium_20200607-2.jpg,Suicasmo,CC BY-SA-4.0,https://creativecommons.org/licenses/by-sa/4.0
ARCH_0088,1,2026-09-25T13:30:13.880Z,e82439342afa16fa36b9ed20fa0906b5361a4e81a24e6e4e3250360b7b9f8cf8,St. Mary's Cathedral Tokyo,Kenzo Tange,1964,Japan,Japan,1946-1969,church,Structural expressionism,Pritzker Prize architect; canonical work,https://commons.wikimedia.org/wiki/File:St._Mary%27s_Cathedral_Tokyo.jpg,Kakidai,CC BY-SA-4.0,https://creativecommons.org/licenses/by-sa/4.0
ARCH_0089,1,2026-09-25T13:30:13.945Z,0c55eff116c19ee44fd6daa9fcc07775e5ecefeec83d50e9d0d9c1fe83ed9330,Museum of Modern Art Kamakura,Junzo Sakakura,1951,Japan,Japan,1946-1969,museum,Modern Movement,canonical postwar Japanese modernism; listed,"https://commons.wikimedia.org/wiki/File:Tsurugaoka_Museum,_Kamakura,_-29_november_2025_14%EF%BC%9A42.jpg","Barry Ratzliff from Sapporo and Tokyo, Japan",CC0,http://creativecommons.org/publicdomain/zero/1.0/deed.en
ARCH_0090,1,2026-09-25T13:30:14.171Z,dc41d1b84717984e6efffa7baed10a424f39ac148e80aef62624bc4c530a43b9,Tokyo Bunka Kaikan,Kunio Maekawa,1961,Japan,Japan,1946-1969,concert hall,Brutalism / Modern Movement,canonical work of Kunio Maekawa; DOCOMOMO Japan,https://commons.wikimedia.org/wiki/File:Wongwt_%E6%9D%B1%E4%BA%AC%E6%96%87%E5%8C%96%E6%9C%83%E9%A4%A8_(17098044799).jpg,"Wei-Te Wong from Taipei City, Taiwan, Republic of China",CC BY-SA-2.0,https://creativecommons.org/licenses/by-sa/2.0
ARCH_0091,1,2026-09-25T13:30:14.321Z,7a113ec49d124e1b7d799218e55f511bb8f0a46dff5feef0b15be637618bc1ab,Yamanashi Press and Broadcasting Center,Kenzo Tange,1966,Japan,Japan,1946-1969,media production / office building,Metabolism,canonical work of Metabolism,"https://commons.wikimedia.org/wiki/File:Interaction_between_architecture_and_electricity_in_Kofu,_Yamanashi,_Japan.jpg",Odd Roar Aalborg,CC BY-SA-4.0,https://creativecommons.org/licenses/by-sa/4.0
ARCH_0092,1,2026-09-25T13:30:14.399Z,9ebc487dd4798d3dcf8fd4ebe987370d79068a7f15a4f540e7b2751142e36fe6,Kyoto International Conference Center,Sachio Otani,1966,Japan,Japan,1946-1969,conference centre,Metabolism / Brutalism,DOCOMOMO Japan; canonical work,"https://commons.wikimedia.org/wiki/File:Rustam_Minnikhanov,_Kyoto_(2017-10-01)_01.jpg",Unknown authorUnknown author,CC BY-4.0,https://creativecommons.org/licenses/by/4.0
ARCH_0093,1,2026-09-25T13:30:14.461Z,8940edfe10d9ac22726c768f2a864df5e88fc23edcf849a27c98d995f27ce479,Cultural Center of the Philippines,Leandro Locsin,1969,Philippines,Asia,1946-1969,theatre / cultural centre,Brutalism,National Cultural Treasure; National Artist for Architecture,https://commons.wikimedia.org/wiki/File:Cultural_Center_Complex_of_the_Philippines_in_Roxas_Boulevard_SJasminum_02.jpg,SJasminum,CC BY-SA-4.0,https://creativecommons.org/licenses/by-sa/4.0
ARCH_0094,1,2026-09-25T13:30:14.561Z,fdbab8f8dbf144b061ef61931d84974d1b8473777059a30829b29e718ba07d95,Gandhi Smarak Sangrahalaya,Charles Correa,1963,India,Asia,1946-1969,museum,Regional modernism,canonical work of Charles Correa; widely documented,https://commons.wikimedia.org/wiki/File:Gandhi_Memorial_Museum_-_South_Facade_-_14_Riverside_Road_-_Barrackpore_-_Kolkata_2017-03-30_0932.JPG,Biswarup Ganguly,CC BY-3.0,https://creativecommons.org/licenses/by/3.0
ARCH_0095,1,2026-09-25T13:30:14.647Z,ee93c873447b626d513f7ebe36a598c98a0855be05756af5b9f2de2ac328eea2,Shrine of the Book,"Armand Bartos, Frederick Kiesler",1965,Israel,Middle East,1946-1969,museum,Expressionist modernism,canonical work; frequently documented,https://commons.wikimedia.org/wiki/File:19077-Jerusalem_(28887225372).jpg,xiquinhosilva,CC BY-2.0,https://creativecommons.org/licenses/by/2.0
ARCH_0096,1,2026-09-25T13:30:14.734Z,0d3085d48aca72bce15337dcce63049118424d43788a77713ede230ca2674437,New Gourna Village,Hassan Fathy,1948,Egypt,Africa,1946-1969,village / housing / mosque,Vernacular modernism,canonical work of Hassan Fathy; World Monuments Fund,https://commons.wikimedia.org/wiki/File:New_Gourna_R01.jpg,Marc Ryckaert,CC BY-3.0,https://creativecommons.org/licenses/by/3.0
ARCH_0097,1,2026-09-25T13:30:14.864Z,ee903ef0c904bf399dfc692f480d651398a914096bba6dbc967d7f437e9c989f,Rose Seidler House,Harry Seidler,1950,Australia,Oceania,1946-1969,single-family house,International Style,NSW State Heritage Register; canonical Australian modernism,https://commons.wikimedia.org/wiki/File:Rose_Seidler_House_viewed_from_the_east_August_2026.jpg,Nick-D,CC BY-SA-4.0,https://creativecommons.org/licenses/by-sa/4.0
ARCH_0098,1,2026-09-25T13:30:15.226Z,864de7e0d25a6f5d25160f6bc299bd0b27e6418f4505e92464ccf0861cf39608,Australia Square,"Harry Seidler, Pier Luigi Nervi",1967,Australia,Oceania,1946-1969,office building,Modernism / structural expressionism,Sulman Medal; canonical Australian modern tower,https://commons.wikimedia.org/wiki/File:Australia_Square_003.jpg,Sardaka,CC BY-SA-4.0,https://creativecommons.org/licenses/by-sa/4.0
ARCH_0099,1,2026-09-25T13:30:15.278Z,dd16298423876d48d07d55c1725e1cbe9f97d07b3e723e3b3849bb10cf77cbbb,Torre Velasca,BBPR,1958,Italy,Europe,1946-1969,mixed-use tower,Postwar Italian modernism,canonical work of Italian postwar architecture,https://commons.wikimedia.org/wiki/File:Torre_Velasca_duomo.jpg,Saggittarius A,CC BY-SA-4.0,https://creativecommons.org/licenses/by-sa/4.0
ARCH_0100,1,2026-09-25T13:30:15.330Z,74f7e0d601cb37d39c0bbe4751b2ea649ffd49250f33fe01e611028afbfb0edb,Pirelli Tower,"Gio Ponti, Pier Luigi Nervi",1960,Italy,Europe,1946-1969,office building,Modernism,canonical work of Ponti and Nervi; frequently cited,https://commons.wikimedia.org/wiki/File:Grattacielo_Pirelli_(Milano).jpg,Francesco Falconetti,CC BY-4.0,https://creativecommons.org/licenses/by/4.0
ARCH_0101,1,2026-09-25T13:30:15.393Z,fa9fb43fccf3d65eabc2d7edf2da407b7eeab2f58ca50d10250d3e2c96b40be8,Palazzetto dello Sport,"Pier Luigi Nervi, Annibale Vitellozzi",1957,Italy,Europe,1946-1969,sports building,Structural expressionism,canonical work of Pier Luigi Nervi,https://commons.wikimedia.org/wiki/File:Palazzetto_dello_Sport_(Rovigo).JPG,Threecharlie,CC BY-SA-3.0,https://creativecommons.org/licenses/by-sa/3.0
ARCH_0102,1,2026-09-25T13:30:15.445Z,e35f73373d77e23fc0848ec61243e0c3cae348c893981ec3421fa76975d86352,Cartiera Burgo,Pier Luigi Nervi,1963,Italy,Europe,1946-1969,paper mill / factory,Structural expressionism,canonical industrial work of Pier Luigi Nervi (suspended roof),https://commons.wikimedia.org/wiki/File:Cartiera_Burgo_stabilimento_di_Avezzano.jpg,Marica Massaro,CC BY-SA-4.0,https://creativecommons.org/licenses/by-sa/4.0
ARCH_0103,1,2026-09-25T13:30:15.522Z,704459f5f6fce0c4de7b506d6ac813d2d7aa651d6c8275448fcef096794910a8,Officine ICO Olivetti,"Luigi Figini, Gino Pollini",1957,Italy,Europe,1946-1969,factory,Italian Rationalism,"UNESCO World Heritage Site (Ivrea, industrial city of the 20th century)",https://commons.wikimedia.org/wiki/File:Officine_ICO.jpg,Davide Mauro,CC BY-SA-4.0,https://creativecommons.org/licenses/by-sa/4.0
ARCH_0104,1,2026-09-25T13:30:15.630Z,e270939c7adbc67874d62867118cf573fc25276016a9a18563f41a3474ee7343,Museo di Castelvecchio,Carlo Scarpa,1964,Italy,Europe,1946-1969,museum (restoration),Postwar Italian modernism,canonical work of Carlo Scarpa,https://commons.wikimedia.org/wiki/File:Castelvecchio_TorreVistaBalconata.jpg,MartinucciG92,CC BY-SA-4.0,https://creativecommons.org/licenses/by-sa/4.0
ARCH_0105,1,2026-09-25T13:30:15.693Z,b6f3f537427548ff12886201fc03fd387b778a2855fe1ec4f348f2c6ba23e51b,Berliner Philharmonie,Hans Scharoun,1963,Germany,Europe,1946-1969,concert hall,Organic modernism / Expressionism,canonical work of Hans Scharoun; listed monument,https://commons.wikimedia.org/wiki/File:Berliner_Philharmonie_From_Street_2023.jpg,Jonathan Platteau,CC BY-SA-4.0,https://creativecommons.org/licenses/by-sa/4.0
ARCH_0106,1,2026-09-25T13:30:15.836Z,2c91d80205618d015aeade4886eba04661f719ca9a8b7aafb99626749c5616fb,Kaiser Wilhelm Memorial Church (new building),Egon Eiermann,1961,Germany,Europe,1946-1969,church,Modernism,canonical work of Egon Eiermann; listed monument,https://commons.wikimedia.org/wiki/File:20220812_Kaiser-Wilhelm-Ged%C3%A4chtniskirche.jpg,Flocci Nivis,CC BY-4.0,https://creativecommons.org/licenses/by/4.0
ARCH_0107,1,2026-09-25T13:30:15.999Z,7e2f06814c5f77e493e6f4702ca0ac661229b76c6a905b269b0b38ad1d8c3ba6,Amsterdam Municipal Orphanage,Aldo van Eyck,1960,Netherlands,Europe,1946-1969,orphanage / social building,Structuralism,canonical work of Dutch structuralism; rijksmonument,"https://commons.wikimedia.org/wiki/File:Amsterdam_,_Netherlands_-_panoramio_(148).jpg",Patrick Nouhailler's…,CC BY-SA-3.0,https://creativecommons.org/licenses/by-sa/3.0
ARCH_0108,1,2026-09-25T13:30:16.274Z,9d686af63dcb008d406a37ff5a99057f224da118ca8965d503be66a7dbcef0c9,Evoluon,"Louis Kalff, Leo de Bever",1966,Netherlands,Europe,1946-1969,exhibition / technology centre (Philips),Space Age modernism,Philips corporate science building; rijksmonument; canonical corporate landmark,https://commons.wikimedia.org/wiki/File:532277_Eindhoven_Evoluon.jpg,GVR,CC BY-SA-4.0,https://creativecommons.org/licenses/by-sa/4.0
ARCH_0109,1,2026-09-25T13:30:16.345Z,b30a8577d263806ea37a93d39c78c0319c78403507cabecc23b55e85890dabf4,Engineering Building University of Leicester,"James Stirling, James Gowan",1963,United Kingdom,Europe,1946-1969,university building,Postwar modernism / proto-high-tech,Grade II* listed; Pritzker Prize architect; canonical,https://commons.wikimedia.org/wiki/File:Leicester_University_Engineering_Building.jpg,NotFromUtrecht,CC BY-SA-3.0,https://creativecommons.org/licenses/by-sa/3.0
ARCH_0110,1,2026-09-25T13:30:16.446Z,25387d61b0a5e45b744ad9fc5ce4016abb74c3dce97ff18af1c31cc72a37295b,Park Hill Sheffield,"Jack Lynn, Ivor Smith",1961,United Kingdom,Europe,1946-1969,collective housing,Brutalism,Grade II* listed; canonical brutalist housing (Stirling Prize shortlist for renovation),https://commons.wikimedia.org/wiki/File:Done_up_sheffield_flats.jpg,Beep boop beep,CC BY-SA-4.0,https://creativecommons.org/licenses/by-sa/4.0
ARCH_0111,1,2026-09-25T13:30:16.520Z,5d77a68bd5a9d3a3315fe246df54ed275ce809999ab492b14449050ad170ebfd,Louisiana Museum of Modern Art,"Jørgen Bo, Vilhelm Wohlert",1958,Denmark,Europe,1946-1969,museum,Danish modernism,canonical Danish modernism; widely documented,https://commons.wikimedia.org/wiki/File:2026_Louisiana_Museum_of_Modern_Art_2.jpg,kallerna,CC BY-SA-4.0,https://creativecommons.org/licenses/by-sa/4.0
ARCH_0112,1,2026-09-25T13:30:16.578Z,19e4c79a314485008f5d17d7cb3bcb245f4bc46b362c6440b9106ddb9a3cfe43,Nordic Pavilion Venice,Sverre Fehn,1962,Italy,Europe,1946-1969,pavilion,Nordic modernism,Pritzker Prize architect; canonical work,https://commons.wikimedia.org/wiki/File:2006-11-Nordic_pavilion-Venice-1.jpg,Gunnar Klack,CC BY-SA-4.0,https://creativecommons.org/licenses/by-sa/4.0
ARCH_0113,1,2026-09-25T13:30:16.739Z,6ceee1e3f0aa185660e99cae0008ae0c2d48bb5521461e0046a6cb4038f16283,Torres Blancas,Francisco Javier Sáenz de Oiza,1969,Spain,Europe,1946-1969,collective housing,Organic brutalism,canonical work of Spanish postwar architecture,https://commons.wikimedia.org/wiki/File:Madrid_-_Torres_Blancas_(35894408112).jpg,"Fred Romero from Paris, France",CC BY-2.0,https://creativecommons.org/licenses/by/2.0
ARCH_0114,1,2026-09-25T13:30:16.927Z,0631f4b44c72da10ad8b098ecc56978fe01924990b3b413b81ababbf5d5b95e3,Leça Swimming Pools,Álvaro Siza,1966,Portugal,Europe,1946-1969,swimming pools / public leisure,Critical regionalism,Pritzker Prize architect; national monument,https://commons.wikimedia.org/wiki/File:Piscina_das_Mar%C3%A9s.jpg,Ricardo Saraiva de Almeida,CC BY-SA-4.0,https://creativecommons.org/licenses/by-sa/4.0
ARCH_0115,1,2026-09-25T13:30:17.081Z,a2b43c64186d60351f91e44e08ea37ff3ba96987ec471f1384d59544735256a9,Siedlung Halen,Atelier 5,1961,Switzerland,Europe,1946-1969,collective housing,Brutalism,canonical low-rise high-density housing; listed,https://commons.wikimedia.org/wiki/File:Halen_002.jpg,Ginkgo2g,CC BY-3.0,https://creativecommons.org/licenses/by/3.0
ARCH_0116,1,2026-09-25T13:30:17.222Z,1b41e33507af0eab0a52b8fab4f08c28e0202bd75fd969830ac70ffa9a7dacdf,Museum of Contemporary Art Belgrade,"Ivan Antić, Ivanka Raspopović",1965,Serbia,Europe,1946-1969,museum,Yugoslav modernism,cultural monument; canonical Yugoslav modernism,https://commons.wikimedia.org/wiki/File:Beograd_-_Muzej_Savremene_Umetnosti_(MoCAB).jpg,Fred Romero,CC BY-2.0,https://creativecommons.org/licenses/by/2.0
ARCH_0117,1,2026-09-25T13:30:17.379Z,dff3402237bf314d33a8f71568cae1581bb81a1b1a15ff8a78c4d855462b6ee3,Ostankino Tower,Nikolai Nikitin,1967,Russia,Europe,1946-1969,TV tower / infrastructure,Soviet structural modernism,tallest free-standing structure at completion; canonical engineering landmark,https://commons.wikimedia.org/wiki/File:Ostankino_Tower_from_Kazansky_Rail_Terminal_2023-09-05_8415.jpg,Mike1979 Russia,CC BY-SA-3.0,https://creativecommons.org/licenses/by-sa/3.0
ARCH_0118,1,2026-09-25T13:30:17.766Z,136379147f422e6551aa71f416e2da8535b5e4c527ea5e9500f05e48b4bd882d,Sydney Opera House,Jørn Utzon,1973,Australia,Oceania,1970-1989,opera house / theatre,Expressionist modernism,UNESCO World Heritage Site; Pritzker Prize architect,https://commons.wikimedia.org/wiki/File:NZ7_2333_(46296662914).jpg,"Bengt Nyman from Vaxholm, Sweden",CC BY-2.0,https://creativecommons.org/licenses/by/2.0
ARCH_0119,1,2026-09-25T13:30:17.844Z,46e315f1c3698ebf9958b708332c993a2e0f1d0709a6a3d704ba2fe3d5101d95,Bagsværd Church,Jørn Utzon,1976,Denmark,Europe,1970-1989,church,Critical regionalism,Pritzker Prize architect; canonical work cited by Frampton,https://commons.wikimedia.org/wiki/File:Bagsv%C3%A6rd_Kirke_-_J%C3%B8rn_Utzon_-_1973-1976_-_panoramio.jpg,Jens Cederskjold,CC BY-3.0,https://creativecommons.org/licenses/by/3.0
ARCH_0120,1,2026-09-25T13:30:17.955Z,be7bcf4d2cb73adb64e79f3cea21294d17bbadc85c2fa63bcc542ad6441c3035,Kimbell Art Museum,Louis Kahn,1972,United States,North America,1970-1989,museum,Modernism,AIA Twenty-five Year Award; canonical museum,https://commons.wikimedia.org/wiki/File:Kimbell_Art_Museum_Highsmith.jpg,Carol M. Highsmith,PD,
ARCH_0121,1,2026-09-25T13:30:18.034Z,6d39ac44e6dbbe46cfd41573a273627b5726ada26b64c81aad71a5bfb1289cb0,Jatiya Sangsad Bhaban,Louis Kahn,1982,Bangladesh,Asia,1970-1989,parliament,Monumental modernism,Aga Khan Award for Architecture; canonical work of Louis Kahn,https://commons.wikimedia.org/wiki/File:Daytime_Exterior_View_of_Jatiya_Sangsad_Bhaban_with_Lake_Reflection.jpg,Tanvir Rahat,CC BY-SA-4.0,https://creativecommons.org/licenses/by-sa/4.0
ARCH_0122,1,2026-09-25T13:30:18.088Z,6b96b29acfd023d08b57ecd581239c85328a42c1f373ae64583c9277dcfcd726,Indian Institute of Management Ahmedabad,Louis Kahn,1974,India,Asia,1970-1989,university campus,Brick modernism,canonical work of Louis Kahn; widely documented,"https://commons.wikimedia.org/wiki/File:Indian_Institute_of_Management_Ahmedabad,_dorms_in_the_old_campus.jpg",Students of IIMA,CC BY-3.0,https://creativecommons.org/licenses/by/3.0
ARCH_0123,1,2026-09-25T13:30:18.246Z,f258d0901fd1efde29cd0102da7f24a9245124ceca643b968dfbb527c396d050,Lloyd's building,Richard Rogers,1986,United Kingdom,Europe,1970-1989,office building,High-tech,Grade I listed; Pritzker Prize architect,https://commons.wikimedia.org/wiki/File:Lloyd%27s_building_(17016743592).jpg,"mhx from London, United Kingdom",CC BY-SA-2.0,https://creativecommons.org/licenses/by-sa/2.0
ARCH_0124,1,2026-09-25T13:30:18.526Z,888c95004c523c976c07de7dd22e7728c8196a715515fee31e3e7b23443301ee,Willis Faber & Dumas Headquarters,Norman Foster,1975,United Kingdom,Europe,1970-1989,office building,High-tech,Grade I listed; Pritzker Prize architect,https://commons.wikimedia.org/wiki/File:Willis_Building_Ipswich.jpg,Sumit Surai,CC BY-SA-4.0,https://creativecommons.org/licenses/by-sa/4.0
ARCH_0125,1,2026-09-25T13:30:18.665Z,04005a46c586eb63a17c111f680f8d28d8bfa88b5ba9249fedda97eb969b5199,Renault Distribution Centre,Norman Foster,1982,United Kingdom,Europe,1970-1989,distribution centre / warehouse,High-tech,Grade II* listed; canonical high-tech industrial building,"https://commons.wikimedia.org/wiki/File:Spectrum,_Swindon.jpg",Realaewuk,CC BY-SA-4.0,https://creativecommons.org/licenses/by-sa/4.0
ARCH_0126,1,2026-09-25T13:30:18.756Z,6688a88f3bc5e608d9813ca91d823304520a459819a68138dfe6d8ec07454a9e,HSBC Main Building Hong Kong,Norman Foster,1985,China,Asia,1970-1989,office building / bank headquarters,High-tech,canonical high-tech skyscraper; Pritzker Prize architect,https://commons.wikimedia.org/wiki/File:HSBC_Building_(Hong_Kong)_20170808.jpg,Suicasmo,CC BY-SA-4.0,https://creativecommons.org/licenses/by-sa/4.0
ARCH_0127,1,2026-09-25T13:30:18.868Z,3d5b436fda34edb47b3e67747a97230a806b3807bc173b09eb54af643e4feb74,Herman Miller Factory Bath,Nicholas Grimshaw,1976,United Kingdom,Europe,1970-1989,factory,High-tech,Grade II listed; canonical high-tech industrial building,"https://commons.wikimedia.org/wiki/File:Herman_Miller_factory,_Locksbrook,_Bath,_2011.jpg",Rwendland,CC BY-SA-4.0,https://creativecommons.org/licenses/by-sa/4.0
ARCH_0128,1,2026-09-25T13:30:18.917Z,d44bc2c7ebf008283ffb2f64b4e4cb301412cede4c712b0b961e9d02394a03f4,Schlumberger Cambridge Research Centre,Michael Hopkins,1985,United Kingdom,Europe,1970-1989,research / industrial laboratory,High-tech,Grade II* listed; canonical tensile high-tech building,https://commons.wikimedia.org/wiki/File:Schlumberger_Gould_Research_Centre.jpg,Richard Humphrey,CC BY-SA-2.0,https://creativecommons.org/licenses/by-sa/2.0
ARCH_0129,1,2026-09-25T13:30:19.316Z,2da4da2eb4af40cd00582b53e186cfbded0496c9e0136762547863aef6529a82,Barbican Estate,"Chamberlin, Powell and Bon",1976,United Kingdom,Europe,1970-1989,collective housing and arts centre,Brutalism,Grade II listed; canonical brutalist estate,"https://commons.wikimedia.org/wiki/File:1352667_II_BARBICAN,_Andrewes_House,_Brandon_Mews_City_of_London_London_20250613_0001.jpg",Tilman2007,CC BY-SA-4.0,https://creativecommons.org/licenses/by-sa/4.0
ARCH_0130,1,2026-09-25T13:30:19.382Z,3e5960864f509609807d9638703402cffb6cd603e423bd77dae40678ac108dbf,Trellick Tower,Ernő Goldfinger,1972,United Kingdom,Europe,1970-1989,collective housing,Brutalism,Grade II* listed; canonical brutalist tower,https://commons.wikimedia.org/wiki/File:Elkstone_Rd_Trellick_Tower_NW532_(26620228263).jpg,Paul The Archivist,CC BY-SA-2.0,https://creativecommons.org/licenses/by-sa/2.0
ARCH_0131,1,2026-09-25T13:30:19.455Z,e21433a1c8eef6f09189e95f2f87c65ce6cdaa9d25efdfe6c53fbb6e81f9cf1c,Byker Wall,Ralph Erskine,1982,United Kingdom,Europe,1970-1989,collective housing,Participatory modernism,Grade II* listed; canonical participatory housing,https://commons.wikimedia.org/wiki/File:The_Byker_wall_-_geograph.org.uk_-_3363124.jpg,Martin McG,CC BY-SA-2.0,https://creativecommons.org/licenses/by-sa/2.0
ARCH_0132,1,2026-09-25T13:30:19.551Z,ecb7e0fbed9e8904a304e9477c815bdaf6374ac0023ee6cd77baf440bcff6e7a,Neue Staatsgalerie,"James Stirling, Michael Wilford",1984,Germany,Europe,1970-1989,museum,Postmodernism,Pritzker Prize architect; canonical postmodern museum,https://commons.wikimedia.org/wiki/File:Neue_Staatsgalerie_Stuttgart_2014_01.jpg,Julian Herzog (Website),CC BY-4.0,https://creativecommons.org/licenses/by/4.0
ARCH_0133,1,2026-09-25T13:30:19.655Z,728cc387daba22c953d1cdb7d85f5becdb9b24f1e023a17630841529cdf4e38b,Munich Olympic Stadium,"Günter Behnisch, Frei Otto",1972,Germany,Europe,1970-1989,stadium,Structural expressionism / tensile,listed monument; canonical tensile roof structure,"https://commons.wikimedia.org/wiki/File:Olympiastadion,_M%C3%BAnich,_Alemania_2012-04-28,_DD_04.JPG",Diego Delso,CC BY-SA-3.0,https://creativecommons.org/licenses/by-sa/3.0
ARCH_0134,1,2026-09-25T13:30:19.675Z,d98bde72e5d98f171e6407daf531397587198d397deea07760b9c5fca8e0fda2,Centraal Beheer,Herman Hertzberger,1972,Netherlands,Europe,1970-1989,office building,Structuralism,canonical work of Dutch structuralism; rijksmonument,https://commons.wikimedia.org/wiki/File:Hertzberger_Centraal_Beheer1.jpg,Apdency,CC BY-SA-3.0,https://creativecommons.org/licenses/by-sa/3.0
ARCH_0135,1,2026-09-25T13:30:19.836Z,a5b582954281c210a6ff6feb01f34f68437b210cdac861cb4ceddcc928f6381a,Wotruba Church,"Fritz Wotruba, Fritz Gerhard Mayr",1976,Austria,Europe,1970-1989,church,Brutalism / sculptural,canonical sculptural brutalism,https://commons.wikimedia.org/wiki/File:Wien_-_Wotrubakirche_(4).JPG,C.Stadler/Bwag,CC BY-SA-4.0,https://creativecommons.org/licenses/by-sa/4.0
ARCH_0136,1,2026-09-25T13:30:19.894Z,0b1d72e96ac5e0317128aa9651a056e1a4a6b84ffba252294fbd2fa5a9909e93,Brion Tomb,Carlo Scarpa,1978,Italy,Europe,1970-1989,funerary complex,Postwar Italian modernism,canonical work of Carlo Scarpa; national monument,https://commons.wikimedia.org/wiki/File:Altivole_-_Tomba_Brion_-_2024-09-28_20-27-56_003.jpg,Viaggiamocela,CC BY-SA-4.0,https://creativecommons.org/licenses/by-sa/4.0
ARCH_0137,1,2026-09-25T13:30:20.017Z,a2224405e6660d3c7f78275adc41d252a62a90f0949f6821a1d3c15aa6afe79e,Ještěd Tower,Karel Hubáček,1973,Czech Republic,Europe,1970-1989,hotel and TV transmitter,Late modernism / structural,Auguste Perret Prize (UIA); national cultural monument,https://commons.wikimedia.org/wiki/File:Je%C5%A1t%C4%9Bd_-_Libereck%C3%BD_kraj_-_Jizersk%C3%A9_hory_-_podzim_zima_-_prvn%C3%AD_sn%C3%ADh_09.jpg,Jan Široký,CC BY-SA-4.0,https://creativecommons.org/licenses/by-sa/4.0
ARCH_0138,1,2026-09-25T13:30:20.330Z,7057addd24b865ac80f5012052743567501702d45689a726fac886b7beb79dc2,Spodek,"Maciej Gintowt, Maciej Krasiński",1971,Poland,Europe,1970-1989,arena,Late modernism / structural,canonical Polish postwar structure; listed,https://commons.wikimedia.org/wiki/File:At_Katowice_2024_432.jpg,Photograph by Mike Peel (www.mikepeel.net).,CC BY-SA-4.0,https://creativecommons.org/licenses/by-sa/4.0
ARCH_0139,1,2026-09-25T13:30:20.439Z,948afab912179816c5241044bab977e3bc292922250c5953f2ccb1ac5634b7f6,Genex Tower,Mihajlo Mitrović,1980,Serbia,Europe,1970-1989,mixed-use tower,Brutalism,canonical Yugoslav brutalism; cultural monument,https://commons.wikimedia.org/wiki/File:Genex_Tower_14.jpg,kallerna,CC BY-SA-4.0,https://creativecommons.org/licenses/by-sa/4.0
ARCH_0140,1,2026-09-25T13:30:20.535Z,6665aa52dcc8d90e95dfeb6eb2946f9a91305c76fd28454b2f0524b8ad4e9ccb,Les Espaces d'Abraxas,Ricardo Bofill,1982,France,Europe,1970-1989,collective housing,Postmodernism,canonical postmodern housing; widely documented,https://commons.wikimedia.org/wiki/File:Espaces_d%27Abraxas_-_Le_th%C3%A9%C3%A2tre_-_2025.jpg,Lucasdcrk,CC BY-SA-4.0,https://creativecommons.org/licenses/by-sa/4.0
ARCH_0141,1,2026-09-25T13:30:20.905Z,786e196356df42041e68d7402788642f964d6bcb24c4655ad4244f8d604ec4f7,Louvre Pyramid,I. M. Pei,1989,France,Europe,1970-1989,museum entrance,Late modernism,Pritzker Prize architect; canonical,"https://commons.wikimedia.org/wiki/File:Louvre_Museum,_Paris_22_June_2014.jpg",Dennis G. Jarvis,CC BY-SA-2.0,https://creativecommons.org/licenses/by-sa/2.0
ARCH_0142,1,2026-09-25T13:30:21.093Z,d892dff58953f5b2d1e8d023e2195a18860a8ad53eda703e71f5f5fc12987d11,Vitra Design Museum,Frank Gehry,1989,Germany,Europe,1970-1989,museum,Deconstructivism,Pritzker Prize architect; first Gehry building in Europe,https://commons.wikimedia.org/wiki/File:20170805_248_weil_am_rhein_vitra.jpg,Jean Housen,CC BY-SA-4.0,https://creativecommons.org/licenses/by-sa/4.0
ARCH_0143,1,2026-09-25T13:30:21.146Z,ee1a940e4ca4d8bbe815f903b7e6d17437d6c082a9b58a4e9c8220bcfb7e718c,Portland Building,Michael Graves,1982,United States,North America,1970-1989,municipal office building,Postmodernism,canonical postmodern building; National Register,"https://commons.wikimedia.org/wiki/File:Upper_exterior_of_the_Portland_Building_in_2021,_post-renovation.jpg",Steve Morgan,CC BY-SA-4.0,https://creativecommons.org/licenses/by-sa/4.0
ARCH_0144,1,2026-09-25T13:30:21.179Z,e61c79dbce081350cfec02b6d58391fe01273b46bc33b98eced2d18fce5c6c55,Vanna Venturi House,Robert Venturi,1964,United States,North America,1946-1969,single-family house,Postmodernism,AIA Twenty-five Year Award; canonical postmodern house,https://commons.wikimedia.org/wiki/File:V_Venturi_H_720am.JPG,Smallbones,PD,
ARCH_0145,1,2026-09-25T13:30:21.239Z,70724b956567d459b40b14f313d299b48aeabb63fcedaa6fa58cb67641a9e791,Thorncrown Chapel,E. Fay Jones,1980,United States,North America,1970-1989,chapel,Organic architecture,AIA Twenty-five Year Award; canonical timber chapel,https://commons.wikimedia.org/wiki/File:Thorncrown_Chapel.jpg,Clinton Steeds,CC BY-2.0,https://creativecommons.org/licenses/by/2.0
ARCH_0146,1,2026-09-25T13:30:21.286Z,4dc7c121562e0ffe66ebda991fe0f2d88f3246bbfb1d249be0105097205270df,Menil Collection,Renzo Piano,1987,United States,North America,1970-1989,museum,High-tech / contextual,Pritzker Prize architect; canonical museum,https://commons.wikimedia.org/wiki/File:Menil_Collection_Houston_(5887512203).jpg,Francisco Anzola,CC BY-2.0,https://creativecommons.org/licenses/by/2.0
ARCH_0147,1,2026-09-25T13:30:21.399Z,cc028293b78753eac15793e720d4f62d6926fc8cebe5fa8d6794ac381abec387,Cathedral of Brasília,Oscar Niemeyer,1970,Brazil,Latin America,1970-1989,church,Brazilian modernism,UNESCO World Heritage Site (Brasília),"https://commons.wikimedia.org/wiki/File:11_01_2024_-_-TBT_um_templo_de_f%C3%A9,_arte_e_hist%C3%B3ria_(53457392014).jpg","Agência Brasília from Brasília, Brasil",CC BY-2.0,https://creativecommons.org/licenses/by/2.0
ARCH_0148,1,2026-09-25T13:30:21.503Z,08994302c74e3e9951207fd5b9033e33e3a02e79f8bac100ff4f127d5fd1d38f,Torres del Parque,Rogelio Salmona,1970,Colombia,Latin America,1970-1989,collective housing,Brick modernism,canonical work of Rogelio Salmona; national monument,https://commons.wikimedia.org/wiki/File:Lugares_al_alrededor_de_Colombia_(54256369372).jpg,Jotamp_7,CC0,http://creativecommons.org/publicdomain/zero/1.0/deed.en
ARCH_0149,1,2026-09-25T13:30:22.384Z,e9e2a6702c37208d1cea40ceffe55673231b109b14d51b9359313636d2762419,Museo Tamayo,"Teodoro González de León, Abraham Zabludovsky",1981,Mexico,Latin America,1970-1989,museum,Mexican brutalism,Premio Nacional de Arquitectura; canonical,https://commons.wikimedia.org/wiki/File:Museo_Rufino_Tamayo_-_Mexico_2024.jpg,José Luiz,CC BY-SA-4.0,https://creativecommons.org/licenses/by-sa/4.0
ARCH_0150,1,2026-09-25T13:30:22.570Z,90d3687f922933ae550e839fa7b36655f3103540ff08e7ba6830eaea175b507f,Nakagin Capsule Tower,Kisho Kurokawa,1972,Japan,Japan,1970-1989,collective housing (capsules),Metabolism,canonical work of Metabolism (demolished 2022),https://commons.wikimedia.org/wiki/File:Nakagin_Capsule_Tower_(51473254167).jpg,"Dick Thomas Johnson from Tokyo, Japan",CC BY-2.0,https://creativecommons.org/licenses/by/2.0
ARCH_0151,1,2026-09-25T13:30:22.602Z,0782c3d495103eb0c7b2ee4b488cbba07e841783c375cdc002832901f1b3ab1a,Gunma Museum of Modern Art,Arata Isozaki,1974,Japan,Japan,1970-1989,museum,Late modernism,Pritzker Prize architect; canonical,"https://commons.wikimedia.org/wiki/File:The_Museum_of_Modern_Art,_Gunma.JPG",Abasaa,PD,
ARCH_0152,1,2026-09-25T13:30:22.648Z,dfee6142cdeff298e499069332d09e89aa1e8d4e2de1c3156dd422d8d562a50c,Tsukuba Center Building,Arata Isozaki,1983,Japan,Japan,1970-1989,civic centre / hotel,Postmodernism,Pritzker Prize architect; canonical postmodern work,https://commons.wikimedia.org/wiki/File:%E3%81%A4%E3%81%8F%E3%81%B0%E3%82%BB%E3%83%B3%E3%82%BF%E3%83%BC%E3%83%93%E3%83%AB(%EF%BD%B1%EF%BD%B2%EF%BD%B1%EF%BD%B2%EF%BE%93%EF%BD%B0%EF%BE%99%E4%BB%98%E8%BF%91)%E9%81%8A%E6%AD%A9%E9%81%93%E3%82%88%E3%82%8A_-_panoramio.jpg,☆ブロッコリーマン☆,CC BY-3.0,https://creativecommons.org/licenses/by/3.0
ARCH_0153,1,2026-09-25T13:30:22.715Z,c2927f3b84292102a982cd18251185b6493c22b945e8bce07d8cf4754d035ffe,Row House in Sumiyoshi (Azuma House),Tadao Ando,1976,Japan,Japan,1970-1989,single-family house,Minimalism / critical regionalism,Pritzker Prize architect; AIJ Prize; canonical,https://commons.wikimedia.org/wiki/File:Azuma_house.JPG,Oiuysdfg,CC BY-SA-3.0,https://creativecommons.org/licenses/by-sa/3.0
ARCH_0154,1,2026-09-25T13:30:22.791Z,9f568c9e29d203bfef78e7760a9301caf129404a6c789e852eb2a399770175c1,Indian Institute of Management Bangalore,B. V. Doshi,1983,India,Asia,1970-1989,university campus,Regional modernism,Pritzker Prize architect,https://commons.wikimedia.org/wiki/File:Ground_and_hostel_blocks_at_IIM_Bangalore.jpg,Magentic Manifestations,CC BY-SA-3.0,https://creativecommons.org/licenses/by-sa/3.0
ARCH_0155,1,2026-09-25T13:30:22.895Z,85ccdecce42b2984b458846dfc473928b82d7bc49552eb31952cf331330c06a9,Lotus Temple,Fariborz Sahba,1986,India,Asia,1970-1989,house of worship,Expressionist modernism,widely documented; multiple architecture awards,https://commons.wikimedia.org/wiki/File:Lotus_Temple_in_New_Delhi_03-2016.jpg,A.Savin,FAL,http://artlibre.org/licence/lal/en
ARCH_0156,1,2026-09-25T13:30:23.317Z,e8c30dd9bff07f96d39b9220023dd1edc05d868d78ec58239e3230f077740559,Sri Lankan Parliament Building,Geoffrey Bawa,1982,Sri Lanka,Asia,1970-1989,parliament,Tropical modernism,Aga Khan Award (Bawa lifetime); canonical tropical modernism,"https://commons.wikimedia.org/wiki/File:Old_Parliament_Building,_Colombo.JPG",Grayswoodsurrey,CC BY-SA-4.0,https://creativecommons.org/licenses/by-sa/4.0
ARCH_0157,1,2026-09-25T13:30:23.336Z,2bf6072e5b10c2f7a2e64151a45d070aa3a8539180c92feed41d20ddfd49cdc8,Golden Mile Complex,"Design Partnership (William Lim, Tay Kheng Soon, Gan Eng Oon)",1973,Singapore,Asia,1970-1989,mixed-use megastructure,Brutalism / Metabolism,conserved building; canonical Asian megastructure,"https://commons.wikimedia.org/wiki/File:Golden_Mile_Complex_5,_Aug_07.JPG",Sengkang,CC BY-SA-3.0,http://creativecommons.org/licenses/by-sa/3.0/
ARCH_0158,1,2026-09-25T13:30:23.383Z,d1bd73dae6de4bc78010af124d475045470765d6c46206c2c1e5cde3a31ec4e7,Hotel Uzbekistan,"Ilya Merport, L. Yershova, V. Rashchupkin",1974,Uzbekistan,Asia,1970-1989,hotel,Soviet brutalism,canonical Soviet modernism in Central Asia; widely documented,https://commons.wikimedia.org/wiki/File:Hotel_Uzbekistan.jpg,Just2Roz,CC0,http://creativecommons.org/publicdomain/zero/1.0/deed.en
ARCH_0159,1,2026-09-25T13:30:23.492Z,4fa0911d3deeb9d40a1f2f6296a148b90ca4aeb08f52c6147abac579cddda4e1,Azadi Tower,Hossein Amanat,1971,Iran,Middle East,1970-1989,monument / gateway,Modernism with Persian references,national landmark; widely documented,"https://commons.wikimedia.org/wiki/File:Azadi_Tower,_Tehran.jpg",Bernard Gagnon,CC BY-SA-4.0,https://creativecommons.org/licenses/by-sa/4.0
ARCH_0160,1,2026-09-25T13:30:23.566Z,1be530605566f243e03a0d80a37abf3c131f4c8bd306f6d31b529e8c80818c20,Tehran Museum of Contemporary Art,Kamran Diba,1977,Iran,Middle East,1970-1989,museum,Regional modernism,canonical Iranian modernism; widely documented,https://commons.wikimedia.org/wiki/File:Tehran_Museum_of_Contemporary_Art_5.jpg,Farzaneh,CC BY-SA-4.0,https://creativecommons.org/licenses/by-sa/4.0
ARCH_0161,1,2026-09-25T13:30:23.635Z,ea8643d854185255ba0a7d20d6aa0df20dcf7635a956df279be4633594e587b1,Kuwait Towers,Malene Bjørn,1979,Kuwait,Middle East,1970-1989,water towers / infrastructure,Late modernism,Aga Khan Award for Architecture,https://commons.wikimedia.org/wiki/File:Kuwait_City%27s_popular_landmarks_Liberty_Tower_%26_Kuwait_Towers.jpg,Mahrs Multiverse,CC BY-SA-4.0,https://creativecommons.org/licenses/by-sa/4.0
ARCH_0162,1,2026-09-25T13:30:23.764Z,c8d2d9019634bfdde82bfe657578617b041da8645d42354bf5e1b20c8df5cbe7,Kenyatta International Convention Centre,"Karl Henrik Nøstvik, David Mutiso",1973,Kenya,Africa,1970-1989,conference centre,Late modernism,major African modernist landmark; widely documented,https://commons.wikimedia.org/wiki/File:Kenyatta_International_Convention_Centre_02.jpg,Francis Akuka for the Wikimedia Foundation,CC0,http://creativecommons.org/publicdomain/zero/1.0/deed.en
ARCH_0163,1,2026-09-25T13:30:23.856Z,53f886cb557dd02acddbab04b22f3493bfddb42baf18a20f10e134c25dd56cf3,Hôtel du Lac Tunis,Raffaele Contigiani,1973,Tunisia,Africa,1970-1989,hotel,Brutalism,canonical brutalist landmark in North Africa,https://commons.wikimedia.org/wiki/File:Hotel_du_Lac_in_Tunis.jpg,Houssem Abida,CC BY-SA-4.0,https://creativecommons.org/licenses/by-sa/4.0
ARCH_0164,1,2026-09-25T13:30:24.028Z,cca9b55807046bcf30db5cc59ef1d1c34fc0a58496857a5f3cc264644a61685f,Parliament House Canberra,Romaldo Giurgola,1988,Australia,Oceania,1970-1989,parliament,Late modernism,national landmark; Sulman Medal,"https://commons.wikimedia.org/wiki/File:Canberra_(AU),_Parliament_House_--_2019_--_1746.jpg",Dietmar Rabich,CC BY-SA-4.0,https://creativecommons.org/licenses/by-sa/4.0
ARCH_0165,1,2026-09-25T13:30:24.192Z,479b8dd558aa7bda45173592a9c295cf4775abcab0041410220a49b7856bac07,Christchurch Town Hall,Warren and Mahoney,1972,New Zealand,Oceania,1970-1989,town hall / concert hall,Brutalism,Heritage NZ Category 1; canonical NZ modernism,"https://commons.wikimedia.org/wiki/File:Christchurch_Town_Hall_of_the_Performing_Arts,_New_Zealand.jpg",Michal Klajban,CC BY-SA-4.0,https://creativecommons.org/licenses/by-sa/4.0
ARCH_0166,1,2026-09-25T13:30:24.277Z,4777f72b941a989aea296b82f7a40f91a247c39438afcde037225399e8cc6622,Kunsthal Rotterdam,Rem Koolhaas,1992,Netherlands,Europe,1990-2009,museum / exhibition hall,Dutch conceptualism,Pritzker Prize architect; canonical early OMA,https://commons.wikimedia.org/wiki/File:Kunsthal_@_Rotterdam_(30582036515).jpg,"Guilhem Vellut from Annecy, France",CC BY-2.0,https://creativecommons.org/licenses/by/2.0
ARCH_0167,1,2026-09-25T13:30:24.374Z,fb52f9c6b24caacaf55b7a2062139832c5795d90970b09753353e02da821620a,Casa da Música,Rem Koolhaas,2005,Portugal,Europe,1990-2009,concert hall,Deconstructivism,RIBA European Award; Pritzker Prize architect,https://commons.wikimedia.org/wiki/File:Exterior_of_Casa_da_M%C3%BAsica_01.jpg,John Samuel,CC BY-SA-4.0,https://creativecommons.org/licenses/by-sa/4.0
ARCH_0168,1,2026-09-25T13:30:24.526Z,f8e6d2112d9f864178380fb1f67a7db98e69b6076ef5c5b54bee39f4ac3ceba8,Vitra Fire Station,Zaha Hadid,1993,Germany,Europe,1990-2009,fire station,Deconstructivism,Pritzker Prize architect; first built work,https://commons.wikimedia.org/wiki/File:Baden-W%C3%BCrttemberg_Weil_am_Rhein_Vitra_Fire_station_01.jpg,Calips,CC BY-SA-3.0,https://creativecommons.org/licenses/by-sa/3.0
ARCH_0169,1,2026-09-25T13:30:24.594Z,0e6cadda9a277b6705cc791957e14a5453bf6128973b1a8942072b6f0f4473e0,BMW Central Building,Zaha Hadid,2005,Germany,Europe,1990-2009,factory central building,Parametric / deconstructivism,Deutscher Architekturpreis; canonical contemporary industrial building,https://commons.wikimedia.org/wiki/File:20090419565DR_BMW_Werk_Leipzig.jpg,Jörg Blobelt,CC BY-SA-4.0,https://creativecommons.org/licenses/by-sa/4.0
ARCH_0170,1,2026-09-25T13:30:24.712Z,75e12c80a622e1a15ea110bc5471d01e366ff7f5795bfabd9da48ccde87934db,Guggenheim Museum Bilbao,Frank Gehry,1997,Spain,Europe,1990-2009,museum,Deconstructivism,Pritzker Prize architect; canonical work,https://commons.wikimedia.org/wiki/File:Bilbao_-_Museo_Guggenheim_01.jpg,Basotxerri,CC BY-SA-4.0,https://creativecommons.org/licenses/by-sa/4.0
ARCH_0171,1,2026-09-25T13:30:24.811Z,cf812176be1aa082706370f992ef16db432eaf94b37513ab499c22d8aa5dd467,Walt Disney Concert Hall,Frank Gehry,2003,United States,North America,1990-2009,concert hall,Deconstructivism,Pritzker Prize architect; canonical work,https://commons.wikimedia.org/wiki/File:Views_around_Downtown_Los_Angeles_02.jpg,Leviclancy,CC0,http://creativecommons.org/publicdomain/zero/1.0/deed.en
ARCH_0172,1,2026-09-25T13:30:24.953Z,5bd294100477dd730464fbaf9e5c23ae242bd8bc415db05e56c78ee5e0b44ae1,Jewish Museum Berlin,Daniel Libeskind,1999,Germany,Europe,1990-2009,museum,Deconstructivism,canonical deconstructivist museum; widely documented,https://commons.wikimedia.org/wiki/File:Berlin-Juedisches_Museum-42-Aussenbereich-2017-gje.jpg,Gerd Eichmann,CC BY-SA-4.0,https://creativecommons.org/licenses/by-sa/4.0
ARCH_0173,1,2026-09-25T13:30:24.982Z,f419f508a2df5352f2bbe99b77f10878ec6ddc6daeea4d83b22986ae9d75c00c,Tate Modern,Herzog & de Meuron,2000,United Kingdom,Europe,1990-2009,museum (power station conversion),Adaptive reuse / minimalism,Pritzker Prize architects; canonical industrial conversion (Bankside Power Station),https://commons.wikimedia.org/wiki/File:Exterior_of_Tate_Modern_(January_2024)_06.jpg,DiscoA340,CC BY-SA-4.0,https://creativecommons.org/licenses/by-sa/4.0
ARCH_0174,1,2026-09-25T13:30:25.033Z,3667b83bdd4696aab60d3376f28f83d3af9db95e38c885fa5e98fbea65101b62,Prada Aoyama,Herzog & de Meuron,2003,Japan,Japan,1990-2009,retail flagship,Structural expressionism / digital,Pritzker Prize architects; canonical,https://commons.wikimedia.org/wiki/File:PRADA_BOUTIQUE_AOYAMA.jpg,Wiiii,CC BY-SA-3.0,http://creativecommons.org/licenses/by-sa/3.0/
ARCH_0175,1,2026-09-25T13:30:25.127Z,12d1477c5d64063a5ca8e33edf681d6934a88bec3b8c7e4c6d684f0d08619dc6,CaixaForum Madrid,Herzog & de Meuron,2008,Spain,Europe,1990-2009,cultural centre (power station conversion),Adaptive reuse,Pritzker Prize architects; canonical industrial conversion,"https://commons.wikimedia.org/wiki/File:CaixaForum,_Madrid,_2016,_(03).jpg",Draceane,CC BY-SA-4.0,https://creativecommons.org/licenses/by-sa/4.0
ARCH_0176,1,2026-09-25T13:30:25.270Z,7354bb8f616c660744d296ca65ebce26907a83df4219745eb7a01f83fb8f1bd4,Beijing National Stadium,"Herzog & de Meuron, Ai Weiwei, Li Xinggang",2008,China,Asia,1990-2009,stadium,Structural expressionism,Pritzker Prize architects; RIBA Lubetkin Prize,https://commons.wikimedia.org/wiki/File:Beijing_China_Beijing-National-Stadium-02.jpg,"CEphoto, Uwe Aranas",CC BY-SA-3.0,https://creativecommons.org/licenses/by-sa/3.0
ARCH_0177,1,2026-09-25T13:30:25.494Z,9a9d9a392e99d2782108413eef3ccf06aa3c7abbba9148386765d56b7eff0122,Kunsthaus Bregenz,Peter Zumthor,1997,Austria,Europe,1990-2009,museum,Minimalism,Pritzker Prize architect; EU Mies Award 1998,"https://commons.wikimedia.org/wiki/File:Kornmarktstra%C3%9Fe_3_Kunsthaus,_3.JPG","Feel free to use my photos, but please mention me as the author and if you want send me a  message. or (rufre@lenz-nenning.at)",CC BY-3.0-AT,https://creativecommons.org/licenses/by/3.0/at/deed.en
ARCH_0178,1,2026-09-25T13:30:25.581Z,a2e79b22454a48ca5f7018f2aca2b2e93a3a10d2f6c2b59d211d1b694bfaf03d,Therme Vals,Peter Zumthor,1996,Switzerland,Europe,1990-2009,thermal baths,Minimalism / critical regionalism,Pritzker Prize architect; listed monument,https://commons.wikimedia.org/wiki/File:Felipe_camus_-_6892635292.jpg,fcamusd,CC BY-2.0,https://creativecommons.org/licenses/by/2.0
ARCH_0179,1,2026-09-25T13:30:25.781Z,5d660c4c3502091224cd003a6ad7169280be3f082ff264e4327d8ee619bc1a79,Kolumba Museum,Peter Zumthor,2007,Germany,Europe,1990-2009,museum,Minimalism,Pritzker Prize architect; widely documented,https://commons.wikimedia.org/wiki/File:Kolumba-Museum_K%C3%B6ln._Ansicht_von_der_Br%C3%BCckenstra%C3%9Fe-9987.jpg,Raimond Spekking,CC BY-SA-4.0,https://creativecommons.org/licenses/by-sa/4.0
ARCH_0180,1,2026-09-25T13:30:25.864Z,4ff251472b0d7379c28de0880827a25a2ac8b9cdd662317ad2f5b4c8c5c35396,Galician Centre of Contemporary Art,Álvaro Siza,1993,Spain,Europe,1990-2009,museum,Critical regionalism,Pritzker Prize architect,https://commons.wikimedia.org/wiki/File:CGAC_Santiago_de_Compostela.jpg,MarcosEire,CC BY-4.0,https://creativecommons.org/licenses/by/4.0
ARCH_0181,1,2026-09-25T13:30:25.957Z,4ecfc6b74b794165f60e9f3ea074c11be479b66f28091592a2833d26f0fe1965,Iberê Camargo Foundation,Álvaro Siza,2008,Brazil,Latin America,1990-2009,museum,Critical regionalism,Pritzker Prize architect; Golden Lion Venice Biennale 2002,"https://commons.wikimedia.org/wiki/File:Funda%C3%A7%C3%A3o_Iber%C3%AA_Camargo,_Av._Padre_Cacique,_Cristal,_Porto_Alegre,_maio_de_2023_(3).jpg",Fronteira,CC BY-SA-4.0,https://creativecommons.org/licenses/by-sa/4.0
ARCH_0182,1,2026-09-25T13:30:26.108Z,1419a85142bfd7dd1df24f384157c23694b98ba2b776223af313490738021e3f,Estádio Municipal de Braga,Eduardo Souto de Moura,2003,Portugal,Europe,1990-2009,stadium,Minimalism / structural,Pritzker Prize architect; Secil Prize,https://commons.wikimedia.org/wiki/File:Est%C3%A1dio_Municipal_de_Braga_2021_(4).jpg,Joseolgon,CC BY-SA-4.0,https://creativecommons.org/licenses/by-sa/4.0
ARCH_0183,1,2026-09-25T13:30:26.198Z,21b132b4564b46db072c2efe5bf27bbe83ca9d0d0e8979c1634c2f9cfc4ffb8f,Neues Museum Berlin,"David Chipperfield, Julian Harrap",2009,Germany,Europe,1990-2009,museum (reconstruction),Contemporary / restoration,EU Mies Award 2011; Pritzker Prize architect,https://commons.wikimedia.org/wiki/File:Berlin_museumsinsel_neuesmuseum.jpg,Auge24.eu,CC BY-3.0,https://creativecommons.org/licenses/by/3.0
ARCH_0184,1,2026-09-25T13:30:26.746Z,5c523ee73be7af532d5923dbbe78ade5dfb96eb92c8757aebbc59ae056ec6850,Museum of Modern Literature Marbach,David Chipperfield,2006,Germany,Europe,1990-2009,museum,Contemporary classicism,RIBA Stirling Prize 2007,https://commons.wikimedia.org/wiki/File:Marbach-am-Neckar_ModernLiteratureMuseum_017_1029.jpg,Ludvig14,CC BY-SA-4.0,https://creativecommons.org/licenses/by-sa/4.0
ARCH_0185,1,2026-09-25T13:30:26.977Z,072bbd77cad68c9c8ed13e261a06929a926bdcd056c619378acefbd17eb2eb6f,Sendai Mediatheque,Toyo Ito,2001,Japan,Japan,1990-2009,library / media centre,Structural transparency,Pritzker Prize architect; canonical,https://commons.wikimedia.org/wiki/File:Sendai_Mediatheque_2020_2.jpg,Ymblanter,CC BY-SA-4.0,https://creativecommons.org/licenses/by-sa/4.0
ARCH_0186,1,2026-09-25T13:30:27.028Z,f745acf3d7746fdb40f47d7f0abb2580da8c16f444aa4d568586c3ade659b715,Tama Art University Library,Toyo Ito,2007,Japan,Japan,1990-2009,library,Structural expressionism,Pritzker Prize architect,https://commons.wikimedia.org/wiki/File:Tama_Art_University_Library.JPG,Wiiii,CC BY-SA-4.0,https://creativecommons.org/licenses/by-sa/4.0
ARCH_0187,1,2026-09-25T13:30:27.134Z,87383fe4731aab07b81930ee167d9c28157bf0557a3052cfff7835113ddcf391,21st Century Museum of Contemporary Art Kanazawa,"Kazuyo Sejima, Ryue Nishizawa",2004,Japan,Japan,1990-2009,museum,Minimalism / transparency,Pritzker Prize architects; Golden Lion Venice 2004,"https://commons.wikimedia.org/wiki/File:21st_Century_Museum_of_Contemporary_Art,_Kanazawa002.jpg",金沢市,CC BY-2.1-JP,https://creativecommons.org/licenses/by/2.1/jp/deed.en
ARCH_0188,1,2026-09-25T13:30:27.223Z,28ab14ab97d9655c6bf4ab86d65c0aca023c387c9c1888d2fdb9896ac4b46b0d,New Museum of Contemporary Art,"Kazuyo Sejima, Ryue Nishizawa",2007,United States,North America,1990-2009,museum,Minimalism,Pritzker Prize architects,https://commons.wikimedia.org/wiki/File:New_Museum_Street_Level_Dec_2021.jpg,MainlyTwelve,CC BY-SA-4.0,https://creativecommons.org/licenses/by-sa/4.0
ARCH_0189,1,2026-09-25T13:30:27.370Z,aeca63a2337c659db8ea0e2cca23a7bdc706f3e42f77212f177c7e3852af9b99,Zollverein School of Management and Design,"Kazuyo Sejima, Ryue Nishizawa",2006,Germany,Europe,1990-2009,school / university,Minimalism,Pritzker Prize architects; on UNESCO industrial site,https://commons.wikimedia.org/wiki/File:SANAA-Geb%C3%A4ude-Morgenlicht-2026-01.jpg,Tuxyso,CC BY-SA-4.0,https://creativecommons.org/licenses/by-sa/4.0
ARCH_0190,1,2026-09-25T13:30:27.445Z,2ef155fdc57ba35cf9a7c5848dc7dfa2d6ccd980d03823c7453f8fde16ff560e,Fondation Beyeler,Renzo Piano,1997,Switzerland,Europe,1990-2009,museum,Contemporary / high-tech,Pritzker Prize architect,https://commons.wikimedia.org/wiki/File:Fondazione_Beyeler.jpg,Valeriaulalume,CC BY-SA-4.0,https://creativecommons.org/licenses/by-sa/4.0
ARCH_0191,1,2026-09-25T13:30:27.525Z,2fd8d74830e73f002c849132e7adb10d1bfdfa7510b304a3313c1c63278039b0,Reichstag Dome,Norman Foster,1999,Germany,Europe,1990-2009,parliament (renovation / dome),High-tech,Pritzker Prize architect; canonical,https://commons.wikimedia.org/wiki/File:Exterior_of_Reichstag_dome_(1).jpg,Avi1111 dr. avishai teicher,CC BY-SA-4.0,https://creativecommons.org/licenses/by-sa/4.0
ARCH_0192,1,2026-09-25T13:30:27.628Z,08fbc2ab99a2db6e362b1383800185475511df5abc06e6dc39b593cc5fc1de3a,Millau Viaduct,"Norman Foster, Michel Virlogeux",2004,France,Europe,1990-2009,bridge / infrastructure,High-tech structural,IABSE Outstanding Structure Award; canonical infrastructure,https://commons.wikimedia.org/wiki/File:Creissels_et_Viaduct_de_Millau.jpg,"Stefan Krause, Germany",CC BY-SA-3.0,https://creativecommons.org/licenses/by-sa/3.0
ARCH_0193,1,2026-09-25T13:30:27.662Z,29661c821f664fe0573968d4e1e4b5c402cd0479939740831e05c3ae0e6e47bc,McLaren Technology Centre,Norman Foster,2004,United Kingdom,Europe,1990-2009,corporate headquarters and production facility,High-tech,RIBA award; contemporary industrial architecture,"https://commons.wikimedia.org/wiki/File:McLaren_Technology_Centre,_Woking_-_geograph.org.uk_-_1836979.jpg",Colin Smith,CC BY-SA-2.0,https://creativecommons.org/licenses/by-sa/2.0
ARCH_0194,1,2026-09-25T13:30:27.758Z,449ad1f134f6d18e3b9fa4d5bf6f85ddffd6e34e84c387b89a4d26fb031da966,Madrid-Barajas Airport Terminal 4,"Richard Rogers, Antonio Lamela",2006,Spain,Europe,1990-2009,airport terminal,High-tech,RIBA Stirling Prize 2006,"https://commons.wikimedia.org/wiki/File:Terminal_4_del_aeropuerto_de_Madrid-Barajas,_Espa%C3%B1a,_2013-01-09,_DD_07.jpg",Diego Delso,CC BY-SA-3.0,https://creativecommons.org/licenses/by-sa/3.0
ARCH_0195,1,2026-09-25T13:30:27.801Z,65a79d5d285157a0cdb1c5bb108778fd84452caaa73610e6d2b1c5863e18a6cd,Eden Project,Nicholas Grimshaw,2001,United Kingdom,Europe,1990-2009,botanical garden / biomes,High-tech / geodesic,RIBA award; canonical,https://commons.wikimedia.org/wiki/File:Eden_Project_(4)_-_geograph.org.uk_-_5448534.jpg,Michael Dibb,CC BY-SA-2.0,https://creativecommons.org/licenses/by-sa/2.0
ARCH_0196,1,2026-09-25T13:30:27.880Z,18e813a5e13cf09a603b3c58b2e686361deecb411f60a79497bdbe9d40df5d09,Waterloo International Terminal,Nicholas Grimshaw,1993,United Kingdom,Europe,1990-2009,railway station,High-tech,EU Mies Award 1994,https://commons.wikimedia.org/wiki/File:Waterloo_International_Station_geograph-4062143-by-Ben-Brooksbank.jpg,Ben Brooksbank,CC BY-SA-2.0,https://creativecommons.org/licenses/by-sa/2.0
ARCH_0197,1,2026-09-25T13:30:27.931Z,1d5845899c9bcdcfce0a020fcae422ae01a80be18373569c4bc57645a2f85ff9,Bibliotheca Alexandrina,Snøhetta,2002,Egypt,Africa,1990-2009,library,Contemporary,Aga Khan Award for Architecture 2004,https://commons.wikimedia.org/wiki/File:3%D9%81%D8%BA%D8%BA5%D9%82%D9%81%D8%AB%D9%81%D8%AB%D9%82.jpg,إسلام السيد كامل,CC BY-SA-4.0,https://creativecommons.org/licenses/by-sa/4.0
ARCH_0198,1,2026-09-25T13:30:28.031Z,d4d5860cc13a643c3ce1c4865ed7025065929268de75d2791236da3af24bf06e,Oslo Opera House,Snøhetta,2008,Norway,Europe,1990-2009,opera house,Contemporary,EU Mies Award 2009,https://commons.wikimedia.org/wiki/File:Oslo_Opera_House_2023_2.jpg,kallerna,CC BY-SA-4.0,https://creativecommons.org/licenses/by-sa/4.0
ARCH_0199,1,2026-09-25T13:30:28.086Z,311d898f6895cc35fdff8ad4f50def4544c5ef9b092d3f9b0837d771f7a46748,Torre Agbar,Jean Nouvel,2005,Spain,Europe,1990-2009,office building,Contemporary,Pritzker Prize architect,"https://commons.wikimedia.org/wiki/File:Torre_Agbar_-_Barcelona,_Spain_-_Jan_2007.jpg",Diliff,CC BY-2.5,https://creativecommons.org/licenses/by/2.5
ARCH_0200,1,2026-09-25T13:30:28.184Z,545c1f8648a6b9f0665b40de7d25dcaf83a2ea57a66f0019e9c3017a0a526221,Kursaal Congress Centre,Rafael Moneo,1999,Spain,Europe,1990-2009,congress centre / auditorium,Minimalism,EU Mies Award 2001; Pritzker Prize architect,https://commons.wikimedia.org/wiki/File:San_Sebastian_-_Palais_Kursaal.jpg,Jean-Christophe BENOIST,CC BY-3.0,https://creativecommons.org/licenses/by/3.0
ARCH_0201,1,2026-09-25T13:30:28.260Z,1082653c54d49e6aa03b83bde67fa144d05e593649866730f8841f0ec3b8984e,Museu Nacional d'Art Romà,Rafael Moneo,1986,Spain,Europe,1970-1989,museum,Brick contemporary,Pritzker Prize architect; canonical,https://commons.wikimedia.org/wiki/File:Museo_Nacional_de_Arte_Romano_2019An002.jpg,Anual,CC BY-SA-4.0,https://creativecommons.org/licenses/by-sa/4.0
ARCH_0202,1,2026-09-25T13:30:28.332Z,764ff1fcdb68f6b1b455facbaa199194b3e03e88956de8d1db7da7a80869ec1c,Scottish Parliament Building,"Enric Miralles, Benedetta Tagliabue",2004,United Kingdom,Europe,1990-2009,parliament,Deconstructivism / organic,RIBA Stirling Prize 2005,https://commons.wikimedia.org/wiki/File:ParlamentBldgEdinburgh.JPG,Thelmadatter,CC BY-SA-4.0,https://creativecommons.org/licenses/by-sa/4.0
ARCH_0203,1,2026-09-25T13:30:28.402Z,72b32d57e75cdaaf1923ab5d0868afdac01ba059ede968fe61d72059af4b083f,Transparent Factory Dresden,Gunter Henn,2002,Germany,Europe,1990-2009,car factory,Contemporary / glass,canonical contemporary showcase factory (Volkswagen),https://commons.wikimedia.org/wiki/File:20190616.VW-Manufaktur.-010.jpg,"Bybbisch94, Christian Gebhardt",CC BY-SA-4.0,https://creativecommons.org/licenses/by-sa/4.0
ARCH_0204,1,2026-09-25T13:30:28.531Z,ac9d1733264bf61cff2b7528063acedf9904ac2393af141085c9354cb7d4b9d1,Spittelau Waste Incineration Plant,Friedensreich Hundertwasser,1992,Austria,Europe,1990-2009,waste incineration plant,Expressionist postmodernism,widely documented industrial landmark,https://commons.wikimedia.org/wiki/File:Alsergrund_(Wien)_-_M%C3%BCllverbrennungsanlage_Spittelau.JPG,C.Stadler/Bwag,CC BY-SA-4.0,https://creativecommons.org/licenses/by-sa/4.0
ARCH_0205,1,2026-09-25T13:30:28.725Z,72fe87f64ac9a84d0df881b09977f43ab49e505af577985768b9bd09a3945ce0,Vitra Factory Building (Siza),Álvaro Siza,1994,Germany,Europe,1990-2009,factory,Critical regionalism,Pritzker Prize architect; Vitra Campus industrial building,https://commons.wikimedia.org/wiki/File:20170805_254_weil_am_rhein_vitra.jpg,Jean Housen,CC BY-SA-4.0,https://creativecommons.org/licenses/by-sa/4.0
ARCH_0206,1,2026-09-25T13:30:28.924Z,16e795a8383a3d3534748057f2a45cba16c3b8d727dc2b263a7b7b675547b279,Federation Square,"Lab Architecture Studio, Bates Smart",2002,Australia,Oceania,1990-2009,cultural precinct / public square,Deconstructivism / fractal,widely documented; multiple awards,"https://commons.wikimedia.org/wiki/File:Fed_Square,_Melbourne,_west_view_20230219_1.jpg",DXR,CC BY-SA-4.0,https://creativecommons.org/licenses/by-sa/4.0
ARCH_0207,1,2026-09-25T13:30:28.965Z,e7c174374e2e2e288d9947149b88fb70c2cb265f521117067bf986ad1d05314c,Menara Mesiniaga,Ken Yeang,1992,Malaysia,Asia,1990-2009,office building,Bioclimatic / sustainable,Aga Khan Award for Architecture 1995,https://commons.wikimedia.org/wiki/File:Cmglee_Mesiniaga_Tower.jpg,Cmglee,CC BY-SA-4.0,https://creativecommons.org/licenses/by-sa/4.0
ARCH_0208,1,2026-09-25T13:30:29.018Z,db576d933d2ad1795dcb86c02ea03c1c66a9edd06cfb4f4b13478f43cedbd7ea,Petronas Towers,César Pelli,1998,Malaysia,Asia,1990-2009,office towers,Postmodern / Islamic geometric,Aga Khan Award for Architecture 2004,"https://commons.wikimedia.org/wiki/File:2016_Kuala_Lumpur,_Petronas_Towers_(26).jpg",Marcin Konsek,CC BY-SA-4.0,https://creativecommons.org/licenses/by-sa/4.0
ARCH_0209,1,2026-09-25T13:30:29.154Z,68bf14a62436cf904dc3d3c64482b4b1c51b19f3d2469b5704bb0a84b9b38c7d,Jin Mao Tower,Adrian Smith,1999,China,Asia,1990-2009,office / hotel skyscraper,Postmodern / contextual,widely documented; CTBUH landmark,https://commons.wikimedia.org/wiki/File:Shanghai_Jin_Mao_Tower_5166298.jpg,Ermell,CC0,http://creativecommons.org/publicdomain/zero/1.0/deed.en
ARCH_0210,1,2026-09-25T13:30:29.235Z,d4e9cef4780d3b73faf4038b1f8e75bef77e39aa20703ff4862d2ab3d69b7827,Bank of China Tower Hong Kong,I. M. Pei,1990,China,Asia,1990-2009,office building,Late modernism / structural,Pritzker Prize architect; canonical,https://commons.wikimedia.org/wiki/File:HK_tram_95_view_Queensway_Bank_of_China_Tower_n_Lippo_Centre_November_2021_SS2_01.jpg,Simiaxmhwua 00,CC BY-SA-4.0,https://creativecommons.org/licenses/by-sa/4.0
ARCH_0211,1,2026-09-25T13:30:29.310Z,5a2856dc0150f1d3516c787478e82c29d974a85e4f02c0efdbec8ddfce8b8595,Suzhou Museum,I. M. Pei,2006,China,Asia,1990-2009,museum,Contemporary regionalism,Pritzker Prize architect,https://commons.wikimedia.org/wiki/File:Suzhou_Museum_2015.04.25_12-56-10.jpg,Zhangzhugang,CC BY-SA-4.0,https://creativecommons.org/licenses/by-sa/4.0
ARCH_0212,1,2026-09-25T13:30:29.386Z,8f0a6e3f7b5f0706f1cda56d85bbc1d69a7b73d074cc4dedf5b5877baab2a8c8,Ningbo Historic Museum,"Wang Shu, Lu Wenyu",2008,China,Asia,1990-2009,museum,Critical regionalism / recycled materials,Pritzker Prize architect,https://commons.wikimedia.org/wiki/File:Ningbo_Museum_1.jpg,钉钉,CC BY-SA-4.0,https://creativecommons.org/licenses/by-sa/4.0
ARCH_0213,1,2026-09-25T13:30:29.404Z,9b8acb25fee09a780d7030918ed125c5da77344c6f0e2d174222baed11fc7fbf,National Centre for the Performing Arts Beijing,Paul Andreu,2007,China,Asia,1990-2009,opera house / theatre,Contemporary,widely documented landmark,https://commons.wikimedia.org/wiki/File:Beijing_Opera_House_(6805984353).jpg,"Rob Deutscher from Melbourne, Australia",CC BY-2.0,https://creativecommons.org/licenses/by/2.0
ARCH_0214,1,2026-09-25T13:30:29.464Z,d8ae0c77b059bba5a95ba3bc38fa17cb6d7e5e18dd58c267553d245deefc9d7f,Yokohama International Passenger Terminal,"Foreign Office Architects (Alejandro Zaera-Polo, Farshid Moussavi)",2002,Japan,Japan,1990-2009,ferry terminal,Digital / topological architecture,canonical work of digital architecture; Kanagawa Architecture Award,https://commons.wikimedia.org/wiki/File:Yokohama_International_Passenger_Terminal_16.jpg,Syced,CC0,http://creativecommons.org/publicdomain/zero/1.0/deed.en
ARCH_0215,1,2026-09-25T13:30:29.739Z,4009b738e3d2370ef65123490441f1ec0e69d14cad6d5b7918168b5c9c402196,Tokyo International Forum,Rafael Viñoly,1996,Japan,Japan,1990-2009,convention centre,Late modernism / structural,widely documented,https://commons.wikimedia.org/wiki/File:Tokyo-International-Forum_Glass-Building_Outside.jpg,MaedaAkihiko,CC BY-SA-4.0,https://creativecommons.org/licenses/by-sa/4.0
ARCH_0216,1,2026-09-25T13:30:29.825Z,9a880903b9e23685ce6f5444f7a7afb765ada1cc2548497f1f5dc122820cb837,Tokyo Metropolitan Gymnasium,Fumihiko Maki,1990,Japan,Japan,1990-2009,sports building,Structural expressionism,Pritzker Prize architect,https://commons.wikimedia.org/wiki/File:Tokyo_Metropolitan_Gymnasium_exterior.jpg,Douglas P. Perkins,CC BY-SA-3.0,https://creativecommons.org/licenses/by-sa/3.0
ARCH_0217,1,2026-09-25T13:30:29.859Z,6e51099bdec6b7847a80dabd5eff047a34b18451bf403a88f998d0e9786d24d8,Art Tower Mito,Arata Isozaki,1990,Japan,Japan,1990-2009,arts centre,Postmodernism,Pritzker Prize architect,https://commons.wikimedia.org/wiki/File:Art_Tower_Mito01.jpg,On-chan,CC BY-SA-3.0,https://creativecommons.org/licenses/by-sa/3.0
ARCH_0218,1,2026-09-25T13:30:30.000Z,a2395de44257543c9403996d645d9d3546b363f991b8f52d25033ec91f7f3c51,Awaji Yumebutai,Tadao Ando,2000,Japan,Japan,1990-2009,conference / garden complex,Minimalism,Pritzker Prize architect,https://commons.wikimedia.org/wiki/File:Awaji_yumebutai17s3.jpg,663highland,CC BY-2.5,https://creativecommons.org/licenses/by/2.5
ARCH_0219,1,2026-09-25T13:30:30.091Z,e181fd468064f96eb06c767f74c9886dffff8e0e1f824dba6ce19e8e34bd6c8f,21_21 Design Sight,Tadao Ando,2007,Japan,Japan,1990-2009,museum / design gallery,Minimalism,Pritzker Prize architect,https://commons.wikimedia.org/wiki/File:Tokyo_Midtown_(11421006864).jpg,"Guilhem Vellut from Annecy, France",CC BY-2.0,https://creativecommons.org/licenses/by/2.0
ARCH_0220,1,2026-09-25T13:30:30.120Z,598f26fe1b11676302b055870ac549090382c019d59425f429c2a20044083fbf,Mikimoto Ginza 2,Toyo Ito,2005,Japan,Japan,1990-2009,retail / office building,Structural expressionism,Pritzker Prize architect,https://commons.wikimedia.org/wiki/File:Tokyo116_(7294792500).jpg,Chris Hamby,CC BY-SA-2.0,https://creativecommons.org/licenses/by-sa/2.0
ARCH_0221,1,2026-09-25T13:30:30.259Z,5163b3e0a4362eca066d6cdc7caf022796c5c24b3b0f1dc923c3fbffadf72680,Nicolas G. Hayek Center,Shigeru Ban,2007,Japan,Japan,1990-2009,corporate headquarters / retail,Contemporary,Pritzker Prize architect,"https://commons.wikimedia.org/wiki/File:Le_centre_Nicolas_G._Hayek_(Tokyo,_Japon)_(42650394172).jpg","Jean-Pierre Dalbéra from Paris, France",CC BY-2.0,https://creativecommons.org/licenses/by/2.0
ARCH_0222,1,2026-09-25T13:30:30.292Z,ecca6c9f84befedb8d77ea6dbd2790182d8b580a002796012f5df8131e3983ee,Ewha Campus Complex,Dominique Perrault,2008,South Korea,Asia,1990-2009,university building,Contemporary / landscape,widely documented; multiple awards,https://commons.wikimedia.org/wiki/File:Ewha_Campus_Complex.jpg,Ken Eckert,CC BY-SA-4.0,https://creativecommons.org/licenses/by-sa/4.0
ARCH_0223,1,2026-09-25T13:30:30.435Z,afb99439202df654860a8d1d7e31463092778fe55ae7f26bccc5f7f5797919b6,Esplanade Theatres on the Bay,"DP Architects, Michael Wilford",2002,Singapore,Asia,1990-2009,theatre / concert hall,Contemporary,widely documented landmark,https://commons.wikimedia.org/wiki/File:Singapore_Esplanade-Theatres-on-the-Bay-03.jpg,"CEphoto, Uwe Aranas",CC BY-SA-4.0,https://creativecommons.org/licenses/by-sa/4.0
ARCH_0224,1,2026-09-25T13:30:30.475Z,64329b7e85a8897afe4087982f1d7db4e2e892053e894ab056c8c96bd28e00ab,Kandalama Hotel,Geoffrey Bawa,1994,Sri Lanka,Asia,1990-2009,hotel,Tropical modernism / sustainable,canonical work of Geoffrey Bawa; widely cited green hotel,https://commons.wikimedia.org/wiki/File:Heritance_Kandalama_Exterior_View.JPG,Adheesha88,CC BY-SA-3.0,https://creativecommons.org/licenses/by-sa/3.0
ARCH_0225,1,2026-09-25T13:30:30.582Z,e0bc2eca5fb27ed15911b02f7835d142f1ccc747f6b50168afdf13285b7c02ef,Museum of Islamic Art Doha,I. M. Pei,2008,Qatar,Middle East,1990-2009,museum,Contemporary / Islamic geometric,Pritzker Prize architect,https://commons.wikimedia.org/wiki/File:Doha_-_Museum_of_Islamic_Art.jpg,Marek Śliwecki,CC BY-SA-4.0,https://creativecommons.org/licenses/by-sa/4.0
ARCH_0226,1,2026-09-25T13:30:30.635Z,cb92d0c68eeb53398826f9ed37704590cbbd2c502358a692e3c354f52cb1aee4,Yad Vashem Holocaust History Museum,Moshe Safdie,2005,Israel,Middle East,1990-2009,museum,Contemporary,widely documented,https://commons.wikimedia.org/wiki/File:134594_the_holocaust_history_museum_yad_vashem_PikiWiki_Israel.jpg,ברוך ניב,CC BY-2.5,https://creativecommons.org/licenses/by/2.5
ARCH_0227,1,2026-09-25T13:30:30.793Z,1850a74e633832a3296261c03f68200e08e576ddaf83f705c586062244db9d28,Burj Al Arab,Tom Wright,1999,United Arab Emirates,Middle East,1990-2009,hotel,Contemporary / structural expressionism,widely documented landmark,https://commons.wikimedia.org/wiki/File:Madinat_Jumeirah-Dubai3303.JPG,Diego Delso,CC BY-SA-4.0,https://creativecommons.org/licenses/by-sa/4.0
ARCH_0228,1,2026-09-25T13:30:30.855Z,d2542d64cc0290e89a121dafccefd4ae5e04c8078530b92154d7732b496dfebf,Constitutional Court of South Africa,"OMM Design Workshop, Urban Solutions",2004,South Africa,Africa,1990-2009,court building,Contemporary regionalism,multiple SAIA awards; widely documented,https://commons.wikimedia.org/wiki/File:Constitutional_Court_(outside)_of_South_Africa.JPG,Mihi tr,CC BY-4.0,https://creativecommons.org/licenses/by/4.0
ARCH_0229,1,2026-09-25T13:30:30.898Z,0a3b2d2fb66fa71b39724fcc6cdc959a3983a50fe0469ce76c7bd97a8265a2c2,Gando Primary School,Diébédo Francis Kéré,2001,Burkina Faso,Africa,1990-2009,school,Sustainable / vernacular contemporary,Aga Khan Award for Architecture 2004; Pritzker Prize architect,https://commons.wikimedia.org/wiki/File:Kere_Secondary_school_Dano.jpg,GandoIT,CC BY-SA-3.0,https://creativecommons.org/licenses/by-sa/3.0
ARCH_0230,1,2026-09-25T13:30:31.046Z,a2c6375945a31850b31c007d79f24001aa42f5b70bfbc9f341779baa64272b05,Soccer City,"Populous, Boogertman + Partners",2009,South Africa,Africa,1990-2009,stadium,Contemporary,widely documented; FIFA World Cup 2010 stadium,https://commons.wikimedia.org/wiki/File:Johannesburg-_Part_II_-_Johannesburg4245.jpg,lumoplank,CC0,http://creativecommons.org/publicdomain/zero/1.0/deed.en
ARCH_0231,1,2026-09-25T13:30:31.078Z,777388f1295212f16a57444944fa583535b77223fcfbc5a0d024e37fd28a1383,Biblioteca España,Giancarlo Mazzanti,2007,Colombia,Latin America,1990-2009,library,Contemporary / social architecture,Iberoamerican Architecture Biennial award; widely documented,https://commons.wikimedia.org/wiki/File:Medellin_biblioteca_espa%C3%B1a.JPG,Gacha187,CC BY-SA-3.0,https://creativecommons.org/licenses/by-sa/3.0
ARCH_0232,1,2026-09-25T13:30:31.183Z,b57eb2c29d9530e80f8adac53a2771746070fcae681ffa39f624e3673aef5cb0,Biblioteca Virgilio Barco,Rogelio Salmona,2001,Colombia,Latin America,1990-2009,library,Brick regionalism,canonical late work of Salmona,https://commons.wikimedia.org/wiki/File:Biblioteca_Virgilio_Barco_Bogot%C3%A1_Colombia.jpg,Mario Carvajal,CC BY-SA-3.0,https://creativecommons.org/licenses/by-sa/3.0
ARCH_0233,1,2026-09-25T13:30:31.245Z,b9304662acaa15627f96d89ac92900ba25da21d8264c1a1ad7cb4722fda54cd1,Niterói Contemporary Art Museum,Oscar Niemeyer,1996,Brazil,Latin America,1990-2009,museum,Brazilian modernism,Pritzker Prize architect; widely documented,https://commons.wikimedia.org/wiki/File:Exposi%C3%A7%C3%B5es_no_Museu_de_Arte_Contempor%C3%A2nea_de_Niter%C3%B3i_(24053831938).jpg,Agência Brasil Fotografias,CC BY-2.0,https://creativecommons.org/licenses/by/2.0
ARCH_0234,1,2026-09-25T13:30:31.315Z,3b054feb9faf4647a49b054b2bfb172faace4f5447e9beeddf63b7b99c00a6f3,Brazilian Museum of Sculpture,Paulo Mendes da Rocha,1995,Brazil,Latin America,1990-2009,museum,Paulista Brutalism,Pritzker Prize architect,"https://commons.wikimedia.org/wiki/File:Museu_Brasileiro_da_Escultura_(MuBE),_Paulo_Mendes_da_Rocha_(5878309120).jpg",Arte Fora do Museu,CC BY-2.0,https://creativecommons.org/licenses/by/2.0
ARCH_0235,1,2026-09-25T13:30:31.402Z,234a68374940c27aabb2ca8f1236e0235190c6c8736925292799d481bb077749,Biblioteca Vasconcelos,Alberto Kalach,2006,Mexico,Latin America,1990-2009,library,Contemporary,widely documented; national landmark,https://commons.wikimedia.org/wiki/File:Fachada_de_la_Biblioteca_Vasconcelos_Buenavista_Ciudad_de_M%C3%A9xico.jpg,ProtoplasmaKid,CC BY-SA-3.0,https://creativecommons.org/licenses/by-sa/3.0
ARCH_0236,1,2026-09-25T13:30:31.453Z,7718012c8122cb8e26a6e6092cfff8721d9721950ada3bc1d1c8163231b7c003,Siamese Towers,Alejandro Aravena,2005,Chile,Latin America,1990-2009,university building,Contemporary,Pritzker Prize architect,https://commons.wikimedia.org/wiki/File:Chile_145_of_245_(4282641963).jpg,"John Zacherle from Chicago, IL, US",CC BY-SA-2.0,https://creativecommons.org/licenses/by-sa/2.0
ARCH_0237,1,2026-09-25T13:30:31.562Z,c4dc822b67921f884d848539e697abe8f7c4ad80d5e3d338b4b74568f7eef603,8 House,Bjarke Ingels,2010,Denmark,Europe,2010-today,collective housing (mixed-use),Contemporary,World Architecture Festival Housing Building of the Year 2011,https://commons.wikimedia.org/wiki/File:K%C3%B8benhavn_-_8Tallet_(30964308766).jpg,"Fred Romero from Paris, France",CC BY-2.0,https://creativecommons.org/licenses/by/2.0
ARCH_0238,1,2026-09-25T13:30:31.626Z,2d9fb4a48238d44010654cc70f7c5f667eb9e737c62d584ac0af34e44de1c457,Amager Bakke (CopenHill),Bjarke Ingels,2019,Denmark,Europe,2010-today,waste-to-energy plant with ski slope,Contemporary industrial,World Building of the Year 2021 (WAF); canonical contemporary industrial building,https://commons.wikimedia.org/wiki/File:Copenhill_5.jpg,kallerna,CC BY-SA-4.0,https://creativecommons.org/licenses/by-sa/4.0
ARCH_0239,1,2026-09-25T13:30:31.823Z,f03ee23e899a330516df618b08728b6b051d851940b64990196d6ea5f2507e69,Danish National Maritime Museum,Bjarke Ingels,2013,Denmark,Europe,2010-today,museum (dry dock conversion),Contemporary / adaptive reuse,EU Mies Award shortlist; industrial dry-dock conversion,https://commons.wikimedia.org/wiki/File:Danish_Maritime_Museum_exterior.jpg,Johan Wessman / News Oresund,CC BY-2.0,https://creativecommons.org/licenses/by/2.0
ARCH_0240,1,2026-09-25T13:30:31.953Z,dd96e43f6a27ad037f0d5c2de6af4bcbc4fde11f5a726ef8d61484e97f0f14b4,Rolex Learning Center,"Kazuyo Sejima, Ryue Nishizawa",2010,Switzerland,Europe,2010-today,university library / learning centre,Minimalism / topological,Pritzker Prize architects; canonical,https://commons.wikimedia.org/wiki/File:Learning_Centre_EPFL-L1001953.JPG,Rama,CC BY-SA-3.0-FR,https://creativecommons.org/licenses/by-sa/3.0/fr/deed.en
ARCH_0241,1,2026-09-25T13:30:32.058Z,629dc2f81723de404fc92e0c853503dbcd7ec11bdccc1f3472be7d3a03d14413,Elbphilharmonie,Herzog & de Meuron,2017,Germany,Europe,2010-today,concert hall (warehouse conversion),Contemporary / adaptive reuse,Pritzker Prize architects; built on Kaispeicher A warehouse,"https://commons.wikimedia.org/wiki/File:%22Cap_San_Diego%22_%26_Elbphilharmonie_(Hamburg,_2019).jpg",JoachimKohler-HB,CC BY-SA-4.0,https://creativecommons.org/licenses/by-sa/4.0
ARCH_0242,1,2026-09-25T13:30:32.134Z,12d3023e826d1bd3064d7d8643cd84c3831da9c7126e255a29fa9f3415d41516,Ricola Kräuterzentrum,Herzog & de Meuron,2014,Switzerland,Europe,2010-today,herb processing plant,Rammed earth / contemporary industrial,Pritzker Prize architects; contemporary industrial building,https://commons.wikimedia.org/wiki/File:Kraeuterzentrum_Ricola_2.jpg,Keimzelle,CC BY-SA-4.0,https://creativecommons.org/licenses/by-sa/4.0
ARCH_0243,1,2026-09-25T13:30:32.219Z,55090c67572f3614c8530b81cd4191266456f91819fc6185b98c3cd5e11e0bfc,Fondazione Prada Milan,Rem Koolhaas,2015,Italy,Europe,2010-today,museum (distillery conversion),Adaptive reuse / contemporary,Pritzker Prize architect; industrial distillery conversion,"https://commons.wikimedia.org/wiki/File:Fondazione_prada,_milano,_cortile_02.JPG",Sailko,CC BY-3.0,https://creativecommons.org/licenses/by/3.0
ARCH_0244,1,2026-09-25T13:30:32.261Z,0a7a7251bb51968848721e43100a6f21e0a8c6017c34b6304ad02d74f02c4767,CCTV Headquarters,"Rem Koolhaas, Ole Scheeren",2012,China,Asia,2010-today,office building / broadcasting HQ,Deconstructivism / structural,CTBUH Best Tall Building Worldwide 2013,https://commons.wikimedia.org/wiki/File:Chinese_Central_Television_Headquarters_(9870566855).jpg,"Gary Todd from Xinzheng, China",CC0,http://creativecommons.org/publicdomain/zero/1.0/deed.en
ARCH_0245,1,2026-09-25T13:30:32.701Z,3d037281fe997769cff678cf35f1b8def2adbff756eaef091f66de1a9e294abf,Taipei Performing Arts Center,"Rem Koolhaas, David Gianotten",2022,Taiwan,Asia,2010-today,theatre,Contemporary,Pritzker Prize architect; widely documented,https://commons.wikimedia.org/wiki/File:Taipei_Performing_Arts_Center_07.23_(2).jpg,"This Photo was taken by Supanut Arunoprayote.

Feel free to use any of my images, but please mention me as the author and may send me a message.  (สามารถใช้ภาพได้อิสระ แต่กรุณาใส่เครดิตผู้ถ่ายและอาจส่งข้อความบอกกล่าวด้วย) 



Please do not upload an updated image here without consultation with the Author. The author would like to make corrections only at his own source. This ensures that the changes are preserved.Please if you think that any changes should be required, please inform the author.Otherwise you can upload a new image with a new name. Please use one of the templates derivative or extract.",CC BY-4.0,https://creativecommons.org/licenses/by/4.0
ARCH_0246,1,2026-09-25T13:30:32.762Z,445ea6c05d39dbed3488d37496abe8fdf58c57b1339cdb0ac42375d14e476e7e,Heydar Aliyev Center,"Zaha Hadid, Patrik Schumacher",2012,Azerbaijan,Middle East,2010-today,cultural centre,Parametricism,Design Museum Design of the Year 2014,https://commons.wikimedia.org/wiki/File:Baku_15_06_14_216000.jpeg,Robot8A,CC BY-SA-4.0,https://creativecommons.org/licenses/by-sa/4.0
ARCH_0247,1,2026-09-25T13:30:32.816Z,1254c65b057776ab0d0b297d03361ebc070bff425c4e51e81d16f797da0bf20b,Guangzhou Opera House,Zaha Hadid,2010,China,Asia,2010-today,opera house,Parametricism,RIBA International Award 2011,https://commons.wikimedia.org/wiki/File:Guangzhou_Opera_House(Near).JPG,Mr a,CC BY-3.0,https://creativecommons.org/licenses/by/3.0
ARCH_0248,1,2026-09-25T13:30:32.892Z,1be73517cb0d7324fb30e7be4b4f3cb2316c85e3a1703480342badd32369f55f,Dongdaemun Design Plaza,Zaha Hadid,2014,South Korea,Asia,2010-today,cultural centre / design plaza,Parametricism,widely documented; parametric landmark,"https://commons.wikimedia.org/wiki/File:Se%C3%BAl,_Corea_Del_Sur_-_panoramio_(17).jpg",Nelson Pérez,CC BY-SA-3.0,https://creativecommons.org/licenses/by-sa/3.0
ARCH_0249,1,2026-09-25T13:30:32.950Z,ce91a87c8fb4b6da9aae0ecf942aff268ec257b00bc2d8325d8b0328745229a7,Harbin Opera House,Ma Yansong,2015,China,Asia,2010-today,opera house,Parametric / organic,widely documented; multiple awards,https://commons.wikimedia.org/wiki/File:Harbin_Grand_Theatre_2.jpg,EditQ,CC BY-SA-4.0,https://creativecommons.org/licenses/by-sa/4.0
ARCH_0250,1,2026-09-25T13:30:33.048Z,dab48f892bc758660161f2c49a106b75f2d197086245bee423e05833a40b0a05,Ordos Museum,Ma Yansong,2011,China,Asia,2010-today,museum,Parametric / organic,widely documented,https://commons.wikimedia.org/wiki/File:%E5%BA%B7%E5%B7%B4%E4%BB%80_%E9%84%82%E5%B0%94%E5%A4%9A%E6%96%AF%E5%B8%82%E5%8D%9A%E7%89%A9%E9%99%A2_01.jpg,Liuxingy,CC BY-SA-4.0,https://creativecommons.org/licenses/by-sa/4.0
ARCH_0251,1,2026-09-25T13:30:33.256Z,0e182f4deee49d767a6135200d136a91b90134bdad96ebf4412e446714590e60,Long Museum West Bund,"Liu Yichun, Chen Yifeng",2014,China,Asia,2010-today,museum,Contemporary / concrete,widely documented; multiple awards; industrial waterfront site,https://commons.wikimedia.org/wiki/File:20251129_Long_Museum_West_Bund.jpg,"This Photo was taken by Supanut Arunoprayote.

Feel free to use any of my images, but please mention me as the author and may send me a message.  (สามารถใช้ภาพได้อิสระ แต่กรุณาใส่เครดิตผู้ถ่ายและอาจส่งข้อความบอกกล่าวด้วย) 



Please do not upload an updated image here without consultation with the Author. The author would like to make corrections only at his own source. This ensures that the changes are preserved.Please if you think that any changes should be required, please inform the author.Otherwise you can upload a new image with a new name. Please use one of the templates derivative or extract.",CC BY-4.0,https://creativecommons.org/licenses/by/4.0
ARCH_0252,1,2026-09-25T13:30:33.331Z,0d7f8cc8e9c5ebb5ba48722eb618d671a6e9cdb48a0a3b0de0a24b742406e13e,Shanghai Tower,Jun Xia,2015,China,Asia,2010-today,office skyscraper,Parametric / sustainable,CTBUH Best Tall Building Worldwide 2016,https://commons.wikimedia.org/wiki/File:Far_view_of_Shanghai_Financial_Tower_(36396493196).jpg,"shankar s. from Dubai, united arab emirates",CC BY-2.0,https://creativecommons.org/licenses/by/2.0
ARCH_0253,1,2026-09-25T13:30:33.403Z,964164e1b235e0b4212c67decc923796f7790b22c44d8133f43df81d0fd894c5,National Taichung Theater,Toyo Ito,2016,Taiwan,Asia,2010-today,opera house / theatre,Digital / topological architecture,Pritzker Prize architect; canonical computational design,https://commons.wikimedia.org/wiki/File:National_Taichung_Theater_2019.jpg,Nico Kaiser,CC BY-2.0,https://creativecommons.org/licenses/by/2.0
ARCH_0254,1,2026-09-25T13:30:33.515Z,4470a1fa086792fdc99de7f9f6aaf69060a96c6c9037f95daf03009951dd65af,Lanyang Museum,Kris Yao,2010,Taiwan,Asia,2010-today,museum,Contemporary,widely documented; multiple awards,https://commons.wikimedia.org/wiki/File:%E8%98%AD%E9%99%BD%E5%8D%9A%E7%89%A9%E9%A4%A8_Lanyang_Museum_-_panoramio_(1).jpg,lienyuan lee,CC BY-3.0,https://creativecommons.org/licenses/by/3.0
ARCH_0255,1,2026-09-25T13:30:33.704Z,c845b0be9942e5a7bd03916ab448b797e57be576c9bdee49922321eec92f24f3,Japan National Stadium,Kengo Kuma,2019,Japan,Japan,2010-today,stadium,Contemporary / timber,Olympic stadium; widely documented,https://commons.wikimedia.org/wiki/File:Japan-National-Stadium_South_2023.jpg,MaedaAkihiko,CC BY-SA-4.0,https://creativecommons.org/licenses/by-sa/4.0
ARCH_0256,1,2026-09-25T13:30:33.992Z,7f5d7145e7244ba123e167b771a556fb729fa56c1caf2f4a8f8f29b93a223a5f,Asakusa Culture Tourist Information Center,Kengo Kuma,2012,Japan,Japan,2010-today,tourist information / public building,Contemporary,widely documented,https://commons.wikimedia.org/wiki/File:Asakusa_Culture_Tourist_Information_Center_dllu.jpg,Daniel L. Lu (user:dllu),CC BY-SA-4.0,https://creativecommons.org/licenses/by-sa/4.0
ARCH_0257,1,2026-09-25T13:30:34.084Z,457341a78ee2bef82e81c52f689b5c1d91ab1e3ba9a17c2130c199f5eb91ea02,Centre Pompidou-Metz,"Shigeru Ban, Jean de Gastines",2010,France,Europe,2010-today,museum,Timber gridshell / contemporary,Pritzker Prize architect,https://commons.wikimedia.org/wiki/File:Metz_47.jpg,FrDr,CC BY-SA-4.0,https://creativecommons.org/licenses/by-sa/4.0
ARCH_0258,1,2026-09-25T13:30:34.198Z,eacfdc08a3539035a2802b7cb5961e8a7df260308eda18168c07a2d1b84b0a3f,Oita Prefectural Art Museum,Shigeru Ban,2015,Japan,Japan,2010-today,museum,Contemporary / timber,Pritzker Prize architect,https://commons.wikimedia.org/wiki/File:Oita_Prefectural_Art_Museum_20221023.jpg,Suicasmo,CC BY-SA-4.0,https://creativecommons.org/licenses/by-sa/4.0
ARCH_0259,1,2026-09-25T13:30:34.244Z,e4cb332ab2c8f6651cf3f07731c6068a31fa3052b0111acf1945e579f9ca8a8b,Yokosuka Museum of Art,Riken Yamamoto,2007,Japan,Japan,1990-2009,museum,Contemporary,Pritzker Prize architect (2024),https://commons.wikimedia.org/wiki/File:Yokosuka_Museum_of_Art_20081017-01.jpg,陳 ポーハン,CC BY-2.0,https://creativecommons.org/licenses/by/2.0
ARCH_0260,1,2026-09-25T13:30:34.377Z,760f333761ea062d354d1861104c1f4b7d2cf4bebe6d0fe80a2d2e6bd7c98d7f,Teshima Art Museum,Ryue Nishizawa,2010,Japan,Japan,2010-today,museum,Minimalism / shell,Pritzker Prize architect,https://commons.wikimedia.org/wiki/File:Teshima_Art_Museum_exterior_view_201310.jpg,"Kentaro Ohno from Tokyo, Japan",CC BY-2.0,https://creativecommons.org/licenses/by/2.0
ARCH_0261,1,2026-09-25T13:30:34.601Z,13c208701b4d33c79b8a8796bad9842492237d70dde9e0f9d1abfec0701dfe7d,Sunny Hills Minami-Aoyama,Kengo Kuma,2013,Japan,Japan,2010-today,retail,Timber joinery / contemporary,widely documented,https://commons.wikimedia.org/wiki/File:SunnyHills_Tokyo_(13972861577).jpg,"superidoljp from Tokyo, Japan",CC BY-SA-2.0,https://creativecommons.org/licenses/by-sa/2.0
ARCH_0262,1,2026-09-25T13:30:34.911Z,ded489a1c5a09e795c955ae3ce6155124fd1e23eef09e0bbedb38dfb1c7282af,Tokyo Skytree,Nikken Sekkei,2012,Japan,Japan,2010-today,broadcasting tower / infrastructure,Contemporary structural,tallest tower in the world; engineering landmark,https://commons.wikimedia.org/wiki/File:Tokyo_Skytree_above_Sumida.jpg,Sashimi-b,CC BY-4.0,https://creativecommons.org/licenses/by/4.0
ARCH_0263,1,2026-09-25T13:30:35.044Z,8f64644e0e1a3bbbea6e528edc215dc959a69058a19fe3294af86b29074aff93,The Shard,Renzo Piano,2012,United Kingdom,Europe,2010-today,mixed-use skyscraper,Contemporary,Pritzker Prize architect; widely documented,"https://commons.wikimedia.org/wiki/File:London,_Sicht_auf_Borough_of_Southwark_--_2016_--_4687.jpg",Dietmar Rabich,CC BY-SA-4.0,https://creativecommons.org/licenses/by-sa/4.0
ARCH_0264,1,2026-09-25T13:30:35.210Z,3c2cc7062a5fd2a7bacd81ddbefa79e02ee38a1c518086c9db7201784ee6d0c6,James Simon Galerie,David Chipperfield,2019,Germany,Europe,2010-today,museum entrance building,Contemporary classicism,Pritzker Prize architect,https://commons.wikimedia.org/wiki/File:Berlin_James-Simon-Galerie_asv2019-07_img2.jpg,A.Savin,FAL,http://artlibre.org/licence/lal/en
ARCH_0265,1,2026-09-25T13:30:35.276Z,4a70fc01bbe5003f235ab3926c1ebe2ca3a83db1b4a2d31f75889ea6830c8de9,Hepworth Wakefield,David Chipperfield,2011,United Kingdom,Europe,2010-today,museum,Contemporary / concrete,RIBA award; Stirling shortlist,https://commons.wikimedia.org/wiki/File:The_Barbara_Hepworth_Gallery_-_geograph.org.uk_-_5289414.jpg,Ron Dixon,CC BY-SA-2.0,https://creativecommons.org/licenses/by-sa/2.0
ARCH_0266,1,2026-09-25T13:30:35.361Z,d3d28baa9be5605d1472f7e598d952cbc9225c8e4af5a9ab8765fb3e2f3bdee9,Museo Jumex,David Chipperfield,2013,Mexico,Latin America,2010-today,museum,Contemporary,Pritzker Prize architect,https://commons.wikimedia.org/wiki/File:Vista_del_Museo_Jumex_desde_el_Museo_Soumaya.JPG,Luisalvaz,CC BY-SA-4.0,https://creativecommons.org/licenses/by-sa/4.0
ARCH_0267,1,2026-09-25T13:30:35.502Z,5663c8f52577ee8ff0d4d03db19126435fd85a76c1bb046e3564a27a7d9ce5cc,LocHal,"Civic Architects, Braaksma & Roos, Inside Outside",2019,Netherlands,Europe,2010-today,library (locomotive hall conversion),Adaptive reuse,World Building of the Year 2019 (WAF); industrial conversion,https://commons.wikimedia.org/wiki/File:LocHal_Tilburg_(51379249680).jpg,"Nanda Sluijsmans from Den Haag, Nederland",CC BY-SA-2.0,https://creativecommons.org/licenses/by-sa/2.0
ARCH_0268,1,2026-09-25T13:30:35.575Z,f44bb3707ed5752205374a5f92057c415bea9b33b18f781c9a36a0c37b13e861,Depot Boijmans Van Beuningen,MVRDV,2021,Netherlands,Europe,2010-today,art depot / public storage building,Contemporary,first publicly accessible art depot; widely documented,https://commons.wikimedia.org/wiki/File:Rotterdam_(03.08.2025)_03.jpg,Gargarapalvin,CC BY-SA-4.0,https://creativecommons.org/licenses/by-sa/4.0
ARCH_0269,1,2026-09-25T13:30:35.985Z,908c7c03a15ef5ecb317c630e6551752be5ba1bfda90ea420823ee9b605ef950,Gasholders London,WilkinsonEyre,2018,United Kingdom,Europe,2010-today,collective housing (gasholder conversion),Adaptive reuse,RIBA award; industrial gasholder conversion,"https://commons.wikimedia.org/wiki/File:King%27s_Cross_Central_development_Coal_Drops_Yard_and_Gasholders,_London_England_03.jpg",Acabashi,CC BY-SA-4.0,https://creativecommons.org/licenses/by-sa/4.0
ARCH_0270,1,2026-09-25T13:30:36.139Z,45f1790c4311e47387aa9c5e2edea5a542409ca4bba3bfa954dfdb595b740ece,Everyman Theatre Liverpool,Haworth Tompkins,2014,United Kingdom,Europe,2010-today,theatre,Contemporary,RIBA Stirling Prize 2014,"https://commons.wikimedia.org/wiki/File:Everyman_Theatre,_Liverpool_2018.jpg",Rodhullandemu,CC BY-SA-4.0,https://creativecommons.org/licenses/by-sa/4.0
ARCH_0271,1,2026-09-25T13:30:36.184Z,30f98bdbb6bc71c56c49312bf7725b736e6da28510d2c79db121d5815609ca00,UTEC Lima Campus,Grafton Architects,2015,Peru,Latin America,2010-today,university campus,Contemporary brutalism,RIBA International Prize 2016; Pritzker Prize architects,https://commons.wikimedia.org/wiki/File:UTEC_BARRANCO_LIMA_PERU_UNIVERSIDAD.jpg,Gatodemichi,CC0,http://creativecommons.org/publicdomain/zero/1.0/deed.en
ARCH_0272,1,2026-09-25T13:30:36.398Z,9ea90488a688db4680ca01aaa5ce0a6b634c5754feb16ea6ec90eae7f4b17bba,Louvre Abu Dhabi,Jean Nouvel,2017,United Arab Emirates,Middle East,2010-today,museum,Contemporary,Pritzker Prize architect; widely documented,"https://commons.wikimedia.org/wiki/File:Louvre_abu_dhabi,_esterno_01.jpg",Francesco Bini,CC BY-SA-4.0,https://creativecommons.org/licenses/by-sa/4.0
ARCH_0273,1,2026-09-25T13:30:36.542Z,916a999f94008a4379578fcdc8556acff0ddbff1f4479500460c993cf7e18d1d,National Museum of Qatar,Jean Nouvel,2019,Qatar,Middle East,2010-today,museum,Contemporary / parametric,Pritzker Prize architect,https://commons.wikimedia.org/wiki/File:View_of_the_National_Museum_of_Qatar_in_2021.jpg,Musab.hawamda,CC BY-SA-4.0,https://creativecommons.org/licenses/by-sa/4.0
ARCH_0274,1,2026-09-25T13:30:36.662Z,04c99912a590ec46ebc5f8faf907d96b97183d97757be5c91051e6fa0429839d,Dr Chau Chak Wing Building,Frank Gehry,2015,Australia,Oceania,2010-today,university building,Deconstructivism,Pritzker Prize architect,https://commons.wikimedia.org/wiki/File:Dr_Chau_Chak_Wing_Building_7906.jpg,Summerdrought,CC BY-SA-4.0,https://creativecommons.org/licenses/by-sa/4.0
ARCH_0275,1,2026-09-25T13:30:36.704Z,677366a5d1b3c282fd03d0c2a839deedac4706517dc141df815d00a1bdfeda78,Burj Khalifa,Adrian Smith,2010,United Arab Emirates,Middle East,2010-today,mixed-use skyscraper,Contemporary,tallest building in the world; CTBUH Global Icon Award,"https://commons.wikimedia.org/wiki/File:Burj_Khalifa_from_the_sea,_Dubai.jpg",Jpbowen,CC BY-SA-4.0,https://creativecommons.org/licenses/by-sa/4.0
ARCH_0276,1,2026-09-25T13:30:36.741Z,26d59db4099d5be04cb7a6539e6d8997198b8c92edb43379be12c47ddbe67fd0,Design Museum Holon,Ron Arad,2010,Israel,Middle East,2010-today,museum,Contemporary sculptural,widely documented,https://commons.wikimedia.org/wiki/File:%D7%9E%D7%95%D7%96%D7%99%D7%90%D7%95%D7%9F_%D7%94%D7%A2%D7%99%D7%A6%D7%95%D7%91_2025.jpg,Hope Gili,CC BY-SA-4.0,https://creativecommons.org/licenses/by-sa/4.0
ARCH_0277,1,2026-09-25T13:30:36.820Z,137e35d0587d88273b81566ad59143add6dd950d81fe0006782c8d9576d4270d,Tel Aviv Museum of Art Amir Building,Preston Scott Cohen,2011,Israel,Middle East,2010-today,museum,Digital / parametric,widely documented computational design,https://commons.wikimedia.org/wiki/File:Tel_Aviv-Yafo_(12275871006).jpg,sunshinecity from Italy,CC BY-2.0,https://creativecommons.org/licenses/by/2.0
ARCH_0278,1,2026-09-25T13:30:36.886Z,6234c579a4f98b84185e3ca7d46be58e22a178e0d73bcd59f2718169c06e7b62,Zeitz MOCAA,Thomas Heatherwick,2017,South Africa,Africa,2010-today,museum (grain silo conversion),Adaptive reuse,widely documented industrial conversion,https://commons.wikimedia.org/wiki/File:Exterior_Zeitz_MOCAA_-_Museum_of_Contermporary_Art_Africa.jpg,Michael Rowe,CC BY-SA-4.0,https://creativecommons.org/licenses/by-sa/4.0
ARCH_0279,1,2026-09-25T13:30:36.933Z,392f8f4b46a4f85e59a6a47dcd573d7271dc824e652ad74dc3dd844dc8b9d108,Grand Egyptian Museum,Heneghan Peng,2023,Egypt,Africa,2010-today,museum,Contemporary,international competition winner; widely documented,https://commons.wikimedia.org/wiki/File:Grand_Egyptian_Museum_2025_(57645).jpg,Amr F.Nagy,PD,
ARCH_0280,1,2026-09-25T13:30:36.961Z,4696d78689987ac4b8ae0635150af4f407ff97c9ad5565a694792f24788e8ddb,Serpentine Pavilion 2017,Diébédo Francis Kéré,2017,United Kingdom,Europe,2010-today,pavilion,Contemporary / timber,Pritzker Prize architect; Serpentine Gallery commission,https://commons.wikimedia.org/wiki/File:Serpentine_Pavilion_2017_IV_(35868889662).jpg,"Images George Rex from London, England",CC BY-SA-2.0,https://creativecommons.org/licenses/by-sa/2.0
ARCH_0281,1,2026-09-25T13:30:37.033Z,b2920eb7ae0653ad322aa8d2b9467873a370775f29585a73269e7b11140109c7,Friendship Centre Gaibandha,Kashef Chowdhury,2011,Bangladesh,Asia,2010-today,community / training centre,Contemporary brick,Aga Khan Award for Architecture 2016,"https://commons.wikimedia.org/wiki/File:Friendship_Centre_Gaibandha,_December_2016_05.jpg",Afifa Afrin,CC BY-SA-4.0,https://creativecommons.org/licenses/by-sa/4.0
ARCH_0282,1,2026-09-25T13:30:37.173Z,740a7752511ccf0012c15d5057d983b5bbc5ddef54a24743a5f9d797dd5de856,Marina Bay Sands,Moshe Safdie,2010,Singapore,Asia,2010-today,hotel / integrated resort,Contemporary,widely documented landmark,https://commons.wikimedia.org/wiki/File:Marina_Bay_Sands_(I).jpg,"This Photo was taken by Supanut Arunoprayote.

Feel free to use any of my images, but please mention me as the author and may send me a message.  (สามารถใช้ภาพได้อิสระ แต่กรุณาใส่เครดิตผู้ถ่ายและอาจส่งข้อความบอกกล่าวด้วย) 



Please do not upload an updated image here without consultation with the Author. The author would like to make corrections only at his own source. This ensures that the changes are preserved.Please if you think that any changes should be required, please inform the author.Otherwise you can upload a new image with a new name. Please use one of the templates derivative or extract.",CC BY-4.0,https://creativecommons.org/licenses/by/4.0
ARCH_0283,1,2026-09-25T13:30:37.348Z,b1b372c4f0af4ec21ba84e13a8801490be0d5fef43ea73a22c150a7fae715497,Parkroyal on Pickering,WOHA,2013,Singapore,Asia,2010-today,hotel,Sustainable / biophilic,CTBUH Urban Habitat Award 2015; widely cited green architecture,https://commons.wikimedia.org/wiki/File:Hotel_Park_Royal_on_Pickering_from_Hong_Lim_Park_in_Singapore.jpg,Basile Morin,CC BY-SA-4.0,https://creativecommons.org/licenses/by-sa/4.0
ARCH_0284,1,2026-09-25T13:30:37.459Z,c17d5954429ce9fa8eef08eebaa14955dbd6b10bc47b175555be2b212710b554,The Interlace,"Ole Scheeren, Rem Koolhaas",2013,Singapore,Asia,2010-today,collective housing,Contemporary,World Building of the Year 2015 (WAF),https://commons.wikimedia.org/wiki/File:The_Interlace_Singapore.jpg,kallerna,CC BY-SA-4.0,https://creativecommons.org/licenses/by-sa/4.0
ARCH_0285,1,2026-09-25T13:30:37.504Z,1e95c7c52e90c7b9df856f2c0ccea64b9c4c17e8c4a8e05cab6ef6971762b06b,Auckland Art Gallery Toi o Tāmaki extension,"FJMT, Archimedia",2011,New Zealand,Oceania,2010-today,museum,Contemporary / timber,World Building of the Year 2013 (WAF),https://commons.wikimedia.org/wiki/File:Auckland_Art_Gallery_-_Extension.jpg,ChewyPineapple,CC BY-SA-3.0,https://creativecommons.org/licenses/by-sa/3.0
ARCH_0286,1,2026-09-25T13:30:37.769Z,df9b86f7897a3e64e2bc6b5ee7e94e92041bc9b5c049e94bfa22a8880f771daa,One Central Park Sydney,"Jean Nouvel, PTW Architects",2014,Australia,Oceania,2010-today,collective housing (mixed-use),Sustainable / green façade,CTBUH Best Tall Building Worldwide 2014,https://commons.wikimedia.org/wiki/File:One_Central_Park_006.jpg,Sardaka,CC BY-SA-4.0,https://creativecommons.org/licenses/by-sa/4.0
ARCH_0287,1,2026-09-25T13:30:37.839Z,d6779d912aca9b6d6efb9503500c708e7d99fc41fbd841bcf928a7558dc4ec5f,RMIT Design Hub,Sean Godsell,2012,Australia,Oceania,2010-today,university building,Contemporary / sustainable,multiple AIA awards,https://commons.wikimedia.org/wiki/File:RMIT_Design_Hub_(Landscape).jpg,Shkuru Afshar,CC BY-SA-4.0,https://creativecommons.org/licenses/by-sa/4.0
ARCH_0288,1,2026-09-25T13:30:38.006Z,a49a888bb55127ade881e40ed02f3614e695c3dccb920e0e812531a932967c34,Museo Soumaya,Fernando Romero,2011,Mexico,Latin America,2010-today,museum,Parametric / sculptural,widely documented,"https://commons.wikimedia.org/wiki/File:Museo_Soumaya,_Ciudad_de_M%C3%A9xico,_M%C3%A9xico,_2015-07-18,_DD_13.JPG",Diego Delso,CC BY-SA-4.0,https://creativecommons.org/licenses/by-sa/4.0
ARCH_0289,1,2026-09-25T13:30:38.351Z,773944d90403bd5c590f95587f68546532ca4fea7e7f53ce6b01758a2cb8dca2,Museu do Amanhã,Santiago Calatrava,2015,Brazil,Latin America,2010-today,museum,Structural expressionism / sustainable,widely documented,"https://commons.wikimedia.org/wiki/File:Museu_do_Amanh%C3%A3_waterfront_building,_Rio_de_Janeiro,_Brazil.jpg",Wilfredor,CC0,http://creativecommons.org/publicdomain/zero/1.0/deed.en
ARCH_0290,1,2026-09-25T13:30:38.385Z,a64fabb77c9357348e6fb248374edad791a7c2c69a917878aa5b2bad5fdf1a9d,UC Innovation Center Anacleto Angelini,Alejandro Aravena,2014,Chile,Latin America,2010-today,university innovation centre,Contemporary concrete,Pritzker Prize architect; Design of the Year finalist,https://commons.wikimedia.org/wiki/File:Edificio_Anacleto_Angelini.jpg,Vmorande,CC BY-SA-4.0,https://creativecommons.org/licenses/by-sa/4.0
ARCH_0291,1,2026-09-25T13:30:38.440Z,8faea15685598ea522b2d8d260bf7bfb371570651ca622d3c21d9623a86b6637,Lugar de la Memoria,Barclay & Crousse,2015,Peru,Latin America,2010-today,museum / memorial,Contemporary concrete,Oscar Niemeyer Award for Latin American Architecture 2016,https://commons.wikimedia.org/wiki/File:Museo_de_la_Memoria_(Per%C3%BA).jpg,Mayimbú,CC BY-SA-4.0,https://creativecommons.org/licenses/by-sa/4.0
ARCH_0292,1,2026-09-25T13:30:38.475Z,d128a00f52ef5b6b0170378d0443689da7fa26c5b1ece24ae7739e1988e95697,Teopanzolco Cultural Center,"Isaac Broid, PRODUCTORA",2017,Mexico,Latin America,2010-today,cultural centre / auditorium,Contemporary concrete,Oscar Niemeyer Award for Latin American Architecture 2018,https://commons.wikimedia.org/wiki/File:Teopanzolco_cultural_centre.jpg,Miguel Espinosa Varela,CC BY-SA-4.0,https://creativecommons.org/licenses/by-sa/4.0
ARCH_0293,1,2026-09-25T13:30:38.566Z,e906bca12e270c90fdce2aa93a6536b42e37339b720bb1609be11ed9c343c86d,Bullitt Center,Miller Hull Partnership,2013,United States,North America,2010-today,office building,Sustainable architecture (Living Building),Living Building Challenge certified; widely cited,https://commons.wikimedia.org/wiki/File:Seattle_-_Bullitt_Center_03.jpg,Joe Mabel,CC BY-SA-3.0,https://creativecommons.org/licenses/by-sa/3.0
ARCH_0294,1,2026-09-25T13:30:38.819Z,ef4642163d2d66734690b5de811a61c327af46b7672b1641edc2d7eb933e3908,National Museum of African American History and Culture,"David Adjaye, Philip Freelon",2016,United States,North America,2010-today,museum,Contemporary,widely documented; Adjaye RIBA Gold Medal,https://commons.wikimedia.org/wiki/File:National_Museum_of_African_American_History_and_Culture_in_February_2020.jpg,Frank Schulenburg,CC BY-SA-4.0,https://creativecommons.org/licenses/by-sa/4.0
ARCH_0295,1,2026-09-25T13:30:38.961Z,239cb4f61b1fb72dd851d61dcc5a714ec2f69cc5ef2fed31e15ff1eca9c364e6,Oodi Helsinki Central Library,ALA Architects,2018,Finland,Europe,2010-today,library,Contemporary / timber,IFLA Public Library of the Year 2019,"https://commons.wikimedia.org/wiki/File:Helsinki_Central_Library_Oodi,_2019_(01).jpg",Bahnfrend,CC BY-SA-4.0,https://creativecommons.org/licenses/by-sa/4.0
ARCH_0296,1,2026-09-25T13:30:39.004Z,4ce1ed623e1533446190825af9e8f0f9d670e692327bf5f9ecba20961c1cc6c6,Szczecin Philharmonic,Barozzi Veiga,2014,Poland,Europe,2010-today,concert hall,Contemporary,EU Mies Award 2015,https://commons.wikimedia.org/wiki/File:Filharmonia_Szczecinska_cb.JPG,MOs810,CC BY-SA-4.0,https://creativecommons.org/licenses/by-sa/4.0
ARCH_0297,1,2026-09-25T13:30:39.193Z,de4b45138bcf571775a2bd0c5a17455218a7ce331d93f1ae7a62452068201305,Bocconi University Building,Grafton Architects,2008,Italy,Europe,1990-2009,university building,Contemporary,World Building of the Year 2008 (WAF); Pritzker Prize architects,https://commons.wikimedia.org/wiki/File:Bocconi_Grafton_Building_Milan.jpg,Paolo Gamba,CC BY-2.0,https://creativecommons.org/licenses/by/2.0
ARCH_0298,1,2026-09-25T13:30:39.513Z,7f29e799b02c2a321f20209249ea88375a2938b4c6c4939a4673389d6437023d,Mercedes-Benz Museum,"Ben van Berkel, Caroline Bos",2006,Germany,Europe,1990-2009,museum,Digital / parametric,canonical computational design; widely documented,https://commons.wikimedia.org/wiki/File:Exterior_of_the_Mercedes-Benz_Museum_IMG_3435.jpg,Alexander Migl,CC BY-SA-4.0,https://creativecommons.org/licenses/by-sa/4.0
ARCH_0299,1,2026-09-25T13:30:39.677Z,a932c7010ecf19df4b38d59ece6cf34c5924bf820cccd451948659d528142b59,Kunsthaus Graz,"Peter Cook, Colin Fournier",2003,Austria,Europe,1990-2009,museum,Blob architecture / digital,canonical work of digital architecture,https://commons.wikimedia.org/wiki/File:Graz_Kunsthaus-4476.jpg,Isiwal,CC BY-SA-4.0,https://creativecommons.org/licenses/by-sa/4.0
ARCH_0300,1,2026-09-25T13:30:39.821Z,8ac96ba059349a7b14f563d092d9e90f04e5529c1e033db0ba76bf2924b50d7c,Metropol Parasol,Jürgen Mayer H.,2011,Spain,Europe,2010-today,public canopy / market,Parametric / timber,widely documented; EU Mies Award finalist,https://commons.wikimedia.org/wiki/File:Sevilla_-_Metropol_Parasol_%26_Iglesia_de_la_Anunciaci%C3%B3n.jpg,Benjamin Smith,CC BY-SA-4.0,https://creativecommons.org/licenses/by-sa/4.0
ARCH_0301,2,2026-09-26T13:45:55.147Z,b51c1b516ada7fdb7b860a4f2658681a48e6585c6f5c5c2f33021759d024b313,Helsinki Central railway station,Eliel Saarinen,1919,Finland,Europe,1919-1945,railway station,National Romanticism / early modernism,landmark of Nordic architecture,"https://commons.wikimedia.org/wiki/File:Helsinki_Central_Station,_2019_(01).jpg",Bahnfrend,CC BY-SA-4.0,https://creativecommons.org/licenses/by-sa/4.0
ARCH_0302,2,2026-09-26T13:45:55.190Z,631d569d064b226cff07738af5995201941b705880e9f0046bca9f3a518e3ff0,Ir. D.F. Woudagemaal,Dirk Frederik Wouda (engineer),1920,Netherlands,Europe,1919-1945,steam pumping station,Amsterdam School,UNESCO World Heritage Site,https://commons.wikimedia.org/wiki/File:Woudagemaal_1.jpg,Uberprutser,CC BY-SA-3.0-NL,https://creativecommons.org/licenses/by-sa/3.0/nl/deed.en
ARCH_0303,2,2026-09-26T13:45:55.203Z,fa6a6e69ef4e665f72ddb0819c03e4ec8247360dc9e4f3dcd86ea7b771e9a9b4,Jiyu Gakuen Myonichikan,"Frank Lloyd Wright, Arata Endo",1921,Japan,Japan,1919-1945,school,Prairie style,Important Cultural Property of Japan,https://commons.wikimedia.org/wiki/File:Jiyu_Gakuen.jpg,Kakidai,CC BY-SA-4.0,https://creativecommons.org/licenses/by-sa/4.0
ARCH_0304,2,2026-09-26T13:45:55.251Z,293461d418f02e298c301ab6c72b25ae7f52184ab43c671c5498077a2f0523b0,Haus am Horn,Georg Muche,1923,Germany,Europe,1919-1945,single-family house,Bauhaus,UNESCO World Heritage Site; first Bauhaus building,https://commons.wikimedia.org/wiki/File:Au%C3%9Fenaufnahmen_Haus_am_Horn_in_Weimar_05.jpg,JensKunstfreund,CC BY-SA-4.0,https://creativecommons.org/licenses/by-sa/4.0
ARCH_0305,2,2026-09-26T13:45:55.277Z,96560c58b45acef6655db7c5389967f8db6b06f5bbcf94712cfd433f92d12647,Yodoko Guest House,"Frank Lloyd Wright, Arata Endo",1924,Japan,Japan,1919-1945,single-family house,Prairie style,Important Cultural Property of Japan,https://commons.wikimedia.org/wiki/File:Yamamura_house09n4272.jpg,663highland,CC BY-2.5,https://creativecommons.org/licenses/by/2.5
ARCH_0306,2,2026-09-26T13:45:55.301Z,edb4c4733c81c74215cf211a66fd42ecd44330d37b800e5b740c4ed59c2d41ef,Villa Noailles,Robert Mallet-Stevens,1925,France,Europe,1919-1945,single-family house,Modern Movement,canonical early modernist villa; monument historique,https://commons.wikimedia.org/wiki/File:Villa_Noailles_(2016).jpg,Herkra,CC BY-SA-4.0,https://creativecommons.org/licenses/by-sa/4.0
ARCH_0307,2,2026-09-26T13:45:55.315Z,9387bf7b142706fd5b50ba3c3ff8a1080caf2222d3d2df180e56c22edb751ca3,Kraftwerk Klingenberg,"Walter Klingenberg, Werner Issel",1927,Germany,Europe,1919-1945,power station,Brick expressionism / industrial modernism,landmark interwar power station; listed monument,https://commons.wikimedia.org/wiki/File:Berlin-Rummelsburg_Kraftwerk_Klingenberg.jpg,Avda,CC BY-SA-3.0,https://creativecommons.org/licenses/by-sa/3.0
ARCH_0308,2,2026-09-26T13:45:55.328Z,f8943c0ebece0f844bc0f8c02d10796bff5e56d3c21a83607b509da93fe4d886,Weissenhof Estate,"Ludwig Mies van der Rohe (site plan), Le Corbusier, Pierre Jeanneret and others",1927,Germany,Europe,1919-1945,collective housing / model estate,International Style,Werkbund exhibition estate; Le Corbusier houses UNESCO World Heritage,"https://commons.wikimedia.org/wiki/File:Le_Corbusier_(weissenhof_estate_le_corbusier)_-_Weissenhofsiedlung,_At_the_suggestion_of_the_W%C3%BCrttemberg_Working_Group_of_Deutscher_Werkbund,_which_was_established_in_1907,_the_City_of_Stuttgart_decided_to_build_the_Wei_-_panoramio.jpg",qwesy qwesy,CC BY-3.0,https://creativecommons.org/licenses/by/3.0
ARCH_0309,2,2026-09-26T13:45:55.349Z,92ef8aea10b727215ac54c82dd75e6ddeb68f0485d5b84bb96e63229701a6879,Fisher Building,Albert Kahn,1928,United States,North America,1919-1945,office building,Art Deco,National Historic Landmark; major work of Albert Kahn,"https://commons.wikimedia.org/wiki/File:Fisher_Building_as_seen_from_2nd_Avenue_in_front_of_the_Argonaut_Building,_New_Center,_Detroit_-_20201215.jpg",Andre Carrotflower,CC BY-SA-4.0,https://creativecommons.org/licenses/by-sa/4.0
ARCH_0310,2,2026-09-26T13:45:55.364Z,7cd968226b79ff7013be55bc78d1185e427facab2aec58bb5b06b675559390cd,Hotel Avion,Bohuslav Fuchs,1928,Czech Republic,Europe,1919-1945,hotel,Functionalism,Czech cultural monument; Brno functionalism,"https://commons.wikimedia.org/wiki/File:Brno_-_ul._%C4%8Cesk%C3%A1,_hotel_Avion,_2023,_obr01.jpg",RomanM82,CC BY-SA-4.0,https://creativecommons.org/licenses/by-sa/4.0
ARCH_0311,2,2026-09-26T13:45:55.385Z,f16ff625f0c5886afabe5a6b845492af6e8f36eb678ce0ef83b01726260a9aa8,Palacio Salvo,Mario Palanti,1928,Uruguay,Latin America,1919-1945,office / housing tower,Eclectic,national historic monument,https://commons.wikimedia.org/wiki/File:2016_Palacio_Salvo_Plaza_de_la_Independecia_Montevideo.jpg,Felipe Restrepo Acosta,CC BY-SA-4.0,https://creativecommons.org/licenses/by-sa/4.0
ARCH_0312,2,2026-09-26T13:45:55.441Z,c74f69c8084ff4e379f2f8b862344f323ee433dd14ec7b0e10c9b1b08300c966,Rusakov Workers' Club,Konstantin Melnikov,1928,Russia,Europe,1919-1945,cultural centre,Constructivism,canonical work of Soviet constructivism,https://commons.wikimedia.org/wiki/File:Moscow_RusakovClub_0820.jpg,Ludvig14,CC BY-SA-4.0,https://creativecommons.org/licenses/by-sa/4.0
ARCH_0313,2,2026-09-26T13:45:55.476Z,226d75194d96b9c9e7176f5b61ebff4cf23e6eab8c4b2ea5834fe2b43d275c54,Tagblatt-Turm,Ernst Otto Oßwald,1928,Germany,Europe,1919-1945,office / newspaper tower,Neues Bauen,early exposed reinforced-concrete high-rise in Germany; listed,https://commons.wikimedia.org/wiki/File:Stuttgart_-_Tagblatt-Turm_(4).jpg,"Fred Romero from Paris, France",CC BY-2.0,https://creativecommons.org/licenses/by/2.0
ARCH_0314,2,2026-09-26T13:45:55.490Z,1e25456e71ce0384a74f343d8a7af7f7d0b951d74784084a5cbe778367aadc25,Rashtrapati Bhavan,Edwin Lutyens,1929,India,Asia,1919-1945,presidential palace,Delhi Order classicism,official residence of the President of India,https://commons.wikimedia.org/wiki/File:Rashtrapati_Bhavan-2.jpg,"This image was produced by me, David Castor (user:dcastor). The pictures I submit to the Wikipedia Project are released to the public domain. This gives you the right to use them in any way you like, without any kind of notification. This said, I would still appreciate to be mentioned as the originator whenever you think it complies well with your use of the picture. A message to me  about how it has been used would also be welcome. You are obviously not required to respond to these wishes of mine, just in a friendly manner encouraged to. (All my photos are placed in Category:Images by David Castor or a subcategory thereof.)",PD,
ARCH_0315,2,2026-09-26T13:45:55.581Z,87ca31ae17e9e53302c0dd83af437ad2d7cecc056d71fbabd7289ee36a6ad056,Sassoon House (Peace Hotel),Palmer and Turner,1929,China,Asia,1919-1945,hotel / office,Art Deco,landmark of the Bund,https://commons.wikimedia.org/wiki/File:Peace_Hotel_-_Sassoon_House_20251127.jpg,"This Photo was taken by Supanut Arunoprayote.

Feel free to use any of my images, but please mention me as the author and may send me a message.  (สามารถใช้ภาพได้อิสระ แต่กรุณาใส่เครดิตผู้ถ่ายและอาจส่งข้อความบอกกล่าวด้วย) 



Please do not upload an updated image here without consultation with the Author. The author would like to make corrections only at his own source. This ensures that the changes are preserved.Please if you think that any changes should be required, please inform the author.Otherwise you can upload a new image with a new name. Please use one of the templates derivative or extract.",CC BY-4.0,https://creativecommons.org/licenses/by/4.0
ARCH_0316,2,2026-09-26T13:45:55.612Z,0005cb26f32b0ff6bdc19f5739d29299d432f6d7a310f8e0323eb86ba222b4a9,Kaufhaus Schocken Chemnitz,Erich Mendelsohn,1930,Germany,Europe,1919-1945,department store,Neues Bauen,canonical work of Mendelsohn; listed monument,https://commons.wikimedia.org/wiki/File:Kaufhaus_Schocken_in_Chemnitz_2013.jpg,Altsachse,CC BY-SA-4.0,https://creativecommons.org/licenses/by-sa/4.0
ARCH_0317,2,2026-09-26T13:45:55.636Z,6f738b8847a215c2957372a636b913bdc7c2a30470b428ac12e2151adc7bf4f2,Kiefhoek,J. J. P. Oud,1930,Netherlands,Europe,1919-1945,collective housing,Nieuwe Bouwen,canonical social housing estate of De Stijl-era functionalism,https://commons.wikimedia.org/wiki/File:Overzicht_uiteinde_straat_eindigend_in_winkel_in_de_wijk_Kiefhoek_van_J.J.P._Oud_-_Rotterdam_-_20536889_-_RCE.jpg,Paul van Galen,CC BY-SA-4.0,https://creativecommons.org/licenses/by-sa/4.0
ARCH_0318,2,2026-09-26T13:45:55.645Z,4f529d414832ca5276d94a44ac07e91834c8fa861b261d27248f07a6910721ce,Arnos Grove tube station,Charles Holden,1932,United Kingdom,Europe,1919-1945,underground station,Modernism,Grade II* listed; model of London Underground modernism,https://commons.wikimedia.org/wiki/File:ARNOS_GROVE-03_240710_CPS_(4837089899).jpg,Chris Sampson,CC BY-2.0,https://creativecommons.org/licenses/by/2.0
ARCH_0319,2,2026-09-26T13:45:55.652Z,d196042860071162b310ad631983db817660130af12fc3eb2ff63961ef583108,PSFS Building,"George Howe, William Lescaze",1932,United States,North America,1919-1945,office building,International Style,National Historic Landmark; first International Style skyscraper in USA,https://commons.wikimedia.org/wiki/File:PSFSBuilding1985.jpg,Jack Boucher,PD,
ARCH_0320,2,2026-09-26T13:45:55.831Z,48bed40bd87ef518addfe9838d96931d1b7f8790a84c63d4bfeb955427e77410,Villa Cavrois,Robert Mallet-Stevens,1932,France,Europe,1919-1945,single-family house,Modernism,French national monument; major interwar villa,https://commons.wikimedia.org/wiki/File:Croix_villa_cavrois_SE.jpg,Velvet,CC BY-SA-4.0,https://creativecommons.org/licenses/by-sa/4.0
ARCH_0321,2,2026-09-26T13:45:55.961Z,65d1821c824fb5058fd574200ed03295301a5855a0cde373a857538ceadde0ac,Aarhus University main building,"C. F. Møller, Kay Fisker, Povl Stegmann",1933,Denmark,Europe,1919-1945,university building,Nordic functionalism / brick,Danish cultural canon,https://commons.wikimedia.org/wiki/File:Aarhus_Universitets_hovedbygning_set_fra_parken.jpg,Villy Fink Isaksen,CC BY-SA-4.0,https://creativecommons.org/licenses/by-sa/4.0
ARCH_0322,2,2026-09-26T13:45:56.022Z,0709f133fa70ae30150048a8eeb4daf11ef524c5cd06becada27e56779ee489e,Cincinnati Union Terminal,"Alfred Fellheimer, Steward Wagner, Paul Cret",1933,United States,North America,1919-1945,railway station,Art Deco,National Historic Landmark,https://commons.wikimedia.org/wiki/File:Cincinnati_Union_Terminal_20.jpg,Ɱ,CC BY-SA-4.0,https://creativecommons.org/licenses/by-sa/4.0
ARCH_0323,2,2026-09-26T13:45:56.066Z,3f867b3816da1b6f6ac84d33c14db26bd05fc617e43d97accdb5f8b31fc14f7e,Osaka Gas Building,Takeo Yasui,1933,Japan,Japan,1919-1945,office building,Modernism,registered tangible cultural property,https://commons.wikimedia.org/wiki/File:Osaka_Gas_Building_Osaka_Japan02-r.jpg,Oilstreet,CC BY-2.5,https://creativecommons.org/licenses/by/2.5
ARCH_0324,2,2026-09-26T13:45:56.082Z,cd89dd3ffbf65efa1f3acf36d5e111633682828836c84eaa9680f6c714d38d04,Broadway Mansions,Bright Fraser,1934,China,Asia,1919-1945,apartment building / hotel,Art Deco,Shanghai heritage architecture,"https://commons.wikimedia.org/wiki/File:20112-Shanghai,_Broadway_Mansions.jpg",xiquinhosilva,CC BY-2.0,https://creativecommons.org/licenses/by/2.0
ARCH_0325,2,2026-09-26T13:45:56.166Z,a33fa63d0856f43a5634f52031817e8cf957de42423be29906a9066629a3af27,Firenze Santa Maria Novella railway station,Giovanni Michelucci,1934,Italy,Europe,1919-1945,railway station,Italian Rationalism,canonical work of Italian rationalism,https://commons.wikimedia.org/wiki/File:Stazione_di_santa_maria_novella_vista_dal_convento_di_santa_maria_novella.jpg,Sailko,CC BY-3.0,https://creativecommons.org/licenses/by/3.0
ARCH_0326,2,2026-09-26T13:45:56.866Z,45a50428c8c2838af379d2f0d9c9f4c2c61e2d469999cb775da02ef339aa0822,Niederfinow Boat Lift,Prussian waterway administration (engineering design),1934,Germany,Europe,1919-1945,boat lift / infrastructure,Industrial steel structure,oldest working boat lift in Germany; listed technical monument,https://commons.wikimedia.org/wiki/File:20250518_141259_Schiffshebewerk_Niederfinow_anagoria.jpg,Anagoria,CC BY-SA-4.0,https://creativecommons.org/licenses/by-sa/4.0
ARCH_0327,2,2026-09-26T13:45:56.878Z,932703ae504ee08d4d7b2d77d9d5bd37fc0686170305e8a69e5be76181d3f3e0,Palacio de Bellas Artes,"Adamo Boari, Federico Mariscal",1934,Mexico,Latin America,1919-1945,theatre / museum,Art Nouveau / Art Deco,national artistic monument,https://commons.wikimedia.org/wiki/File:Mexico_City_Palacio_de_bellas_artes.jpg,Jeses,CC BY-SA-2.5,https://creativecommons.org/licenses/by-sa/2.5
ARCH_0328,2,2026-09-26T13:45:56.888Z,2562dcbc4d0deb7bc6941e834f6c740c988dbff23dad052fb50e9a33226694df,Prudential Building Warsaw,Marcjan Lalewicz,1934,Poland,Europe,1919-1945,office building / hotel,Art Deco / modernism,pre-war high-rise; rebuilt after 1944,https://commons.wikimedia.org/wiki/File:Warszawa_Prudential_2009.jpg,Marcin Białek,CC BY-SA-4.0,https://creativecommons.org/licenses/by-sa/4.0
ARCH_0329,2,2026-09-26T13:45:56.929Z,70a95a87564081effdb102cf88b125a9207d178ab5d5db57d37c4e869cb575ac,De La Warr Pavilion,"Erich Mendelsohn, Serge Chermayeff",1935,United Kingdom,Europe,1919-1945,cultural centre / pavilion,International Style,Grade I listed; first major modernist public building in UK,https://commons.wikimedia.org/wiki/File:Del_la_warr.jpg,Oliver Tookey,CC BY-SA-4.0,https://creativecommons.org/licenses/by-sa/4.0
ARCH_0330,2,2026-09-26T13:45:56.960Z,c5c446bc5aa3a257df1214061e16905313b19c211b95dfebaf83136d0d663b81,Vyborg Library,Alvar Aalto,1935,Russia,Europe,1919-1945,library,Functionalism,canonical work of Alvar Aalto; World Monuments Fund restoration award,https://commons.wikimedia.org/wiki/File:Alvar_Aalto_Library_Vyborg3.jpg,Ninaraas,CC BY-4.0,https://creativecommons.org/licenses/by/4.0
ARCH_0331,2,2026-09-26T13:45:56.996Z,1001de106f554ad26b5606fdedcdedc7ba33e00f0259d05bc31fb7598e61b9b2,Kavanagh Building,"Gregorio Sánchez, Ernesto Lagos, Luis María de la Torre",1936,Argentina,Latin America,1919-1945,collective housing tower,Art Deco / rationalism,national historic monument,https://commons.wikimedia.org/wiki/File:Kavanagh_building.jpg,Marcos Prack,CC BY-2.0,https://creativecommons.org/licenses/by/2.0
ARCH_0332,2,2026-09-26T13:45:57.013Z,80631f6df35bfd61a3c3d45e6c4a8d04f8868e5a86552bd28dd5ac451d1a6b23,National Diet Building,Ministry of Finance Temporary Architecture Bureau,1936,Japan,Japan,1919-1945,parliament,Eclectic modernism,seat of the Japanese parliament,https://commons.wikimedia.org/wiki/File:National_Diet_Building_02.jpg,Kakidai,CC BY-SA-4.0,https://creativecommons.org/licenses/by-sa/4.0
ARCH_0333,2,2026-09-26T13:45:57.080Z,a22fd98d144cd2f7a27d2ae4a4eec38c2a3acec4c2cc94c030b1d960bd5aeaf2,Norris Dam,Roland Wank (Tennessee Valley Authority),1936,United States,North America,1919-1945,dam / hydroelectric infrastructure,Streamline industrial,first TVA dam; National Register of Historic Places,"https://commons.wikimedia.org/wiki/File:Norris_Dam,_Tennessee,_United_States.jpg",Iamjohnm,CC BY-SA-4.0,https://creativecommons.org/licenses/by-sa/4.0
ARCH_0334,2,2026-09-26T13:45:57.106Z,1ef834392a46e6966ec68d22c64549348f5bfba9120c8fde7557d011154d5e1c,Palazzo delle Poste (Naples),"Giuseppe Vaccaro, Gino Franzi",1936,Italy,Europe,1919-1945,post office,Italian Rationalism,major Rationalist public building,https://commons.wikimedia.org/wiki/File:Napoli_-_Palazzo_delle_poste.jpg,Armando Mancini,PD,
ARCH_0335,2,2026-09-26T13:45:57.136Z,88850c0632d639b2781f96a9bdb4aa57077a78b9c7f28dc897a19772e3a231fc,Asilo Sant'Elia,Giuseppe Terragni,1937,Italy,Europe,1919-1945,school (kindergarten),Italian Rationalism,canonical work of Italian rationalism,https://commons.wikimedia.org/wiki/File:Asilo_Sant%27Elia.jpg,Mirna.ortizl,CC BY-SA-4.0,https://creativecommons.org/licenses/by-sa/4.0
ARCH_0336,2,2026-09-26T13:45:57.153Z,3e6a7bae3fd957bd1169ceadebead5dde6980b5681a0be772945828bfe845227,Senate House (University of London),Charles Holden,1937,United Kingdom,Europe,1919-1945,university building,Art Deco,Grade II* listed,https://commons.wikimedia.org/wiki/File:Senate_House_University_of_London_June_2018.jpg,BabelStone,CC BY-SA-3.0,https://creativecommons.org/licenses/by-sa/3.0
ARCH_0337,2,2026-09-26T13:45:57.194Z,c074bfefc2587740d26e3daf249bfaf14c92ce8e314d3d2cbd1101e3728629fc,Building 21 Zlín,Vladimír Karfík,1938,Czech Republic,Europe,1919-1945,office building / corporate headquarters,Functionalism,Bata company headquarters; national cultural monument; canonical Czech functionalism,"https://commons.wikimedia.org/wiki/File:Zl%C3%ADn,_u_br%C3%A1ny_Svitu_(01).jpg",ŠJů,CC BY-4.0,https://creativecommons.org/licenses/by/4.0
ARCH_0338,2,2026-09-26T13:45:57.260Z,c758b4a65d0999945ae2ea782d40974c882b9975aabfcb59894d3f011c957be2,Casa Malaparte,Adalberto Libera,1938,Italy,Europe,1919-1945,single-family house,Rationalism,icon of Italian modernism,"https://commons.wikimedia.org/wiki/File:Villa_Malaparte,_Capri,_Italia_(51485274396).jpg",Hervé Simon,CC BY-SA-2.0,https://creativecommons.org/licenses/by-sa/2.0
ARCH_0339,2,2026-09-26T13:45:57.328Z,a4bc1dbc6c8a41e5f7c950a64fea3b39c164954d22e3c6adad558bcf7b51f9ab,Flagey Building,Joseph Diongre,1938,Belgium,Europe,1919-1945,broadcasting house / cultural centre,Streamline moderne,former national broadcasting house; protected monument,https://commons.wikimedia.org/wiki/File:Brussel_Flagey_01.jpg,Sally V,CC BY-SA-4.0,https://creativecommons.org/licenses/by-sa/4.0
ARCH_0340,2,2026-09-26T13:45:57.344Z,1f37a8de59ddab54917af10277a88692d6048c3c589a382290737345cee36dce,Gropius House,Walter Gropius,1938,United States,North America,1919-1945,single-family house,Modern Movement,National Historic Landmark; work of Walter Gropius,https://commons.wikimedia.org/wiki/File:Gropius_house_11.jpg,victorgrigas,CC BY-SA-3.0,https://creativecommons.org/licenses/by-sa/3.0
ARCH_0341,2,2026-09-26T13:45:58.117Z,0709af01b88c924a473c9ef8c7c8f7a0b2b0ef4dabbeaed79b37a1aab17413b5,Helsinki Olympic Stadium,"Yrjö Lindegren, Toivo Jäntti",1938,Finland,Europe,1919-1945,stadium,Functionalism,canonical Finnish functionalism; protected,https://commons.wikimedia.org/wiki/File:Helsingin_olympiastadion_2022-09-19_01.jpg,Leonhard Lenz,CC0,http://creativecommons.org/publicdomain/zero/1.0/deed.en
ARCH_0342,2,2026-09-26T13:45:58.491Z,07dd1bc6d78fac476519fd18b21140550bcb89b30e1ce2cf4cdbef9ada313fe4,Reading Power Station,Palestine Electric Corporation (engineering),1938,Israel,Middle East,1919-1945,power station,International Style industrial,power station on the Yarkon estuary,https://commons.wikimedia.org/wiki/File:Israel-2013-Tel_Aviv_01-Reading_Power_Station.jpg,Godot13,CC BY-SA-4.0,https://creativecommons.org/licenses/by-sa/4.0
ARCH_0343,2,2026-09-26T13:45:58.517Z,227bf6186c58d3d88c34cbe98be6e37177c928bff5849e2ca786573fcf8ab335,Sunila Pulp Mill,Alvar Aalto,1938,Finland,Europe,1919-1945,pulp mill / factory,Functionalism,major industrial work of Alvar Aalto,https://commons.wikimedia.org/wiki/File:Sunilan_Sellutehdas_Kotka.jpg,Janiwiki0,CC BY-SA-4.0,https://creativecommons.org/licenses/by-sa/4.0
ARCH_0344,2,2026-09-26T13:45:58.542Z,ceafe2a98f0154d27e36456f77ea43d94efe4a4607a7ebc469c02d76aeec3c4b,Villa Mairea,Alvar Aalto,1939,Finland,Europe,1919-1945,single-family house,Organic modernism,canonical work of Alvar Aalto,https://commons.wikimedia.org/wiki/File:Villa_Mairea_Noormarkku.jpg,Mikkoau,CC BY-SA-4.0,https://creativecommons.org/licenses/by-sa/4.0
ARCH_0345,2,2026-09-26T13:45:58.573Z,02b50894ace35d2d603826d4d25653f7f55c72589f82dc979ca397c6b578932a,Palazzo della Civiltà Italiana,"Giovanni Guerrini, Ernesto La Padula, Mario Romano",1940,Italy,Europe,1919-1945,public building,Italian Rationalism / monumental,canonical work of EUR rationalism; frequently cited,https://commons.wikimedia.org/wiki/File:Palazzo_della_Civilt%C3%A0_Italiana_a_EUR_Roma.jpg,Alberti1492,CC BY-SA-4.0,https://creativecommons.org/licenses/by-sa/4.0
ARCH_0346,2,2026-09-26T13:45:58.604Z,8a2404413c4c01411a21e586fe5e77b8d5d27ed82aac14755b4e25e117735110,Hipódromo de la Zarzuela,"Carlos Arniches, Martín Domínguez, Eduardo Torroja",1941,Spain,Europe,1919-1945,racecourse grandstand,Structural modernism,Spanish heritage site; cantilevered concrete shells,https://commons.wikimedia.org/wiki/File:Hip%C3%B3dromo_de_la_Zarzuela-1.JPG,Outisnn,CC BY-SA-4.0,https://creativecommons.org/licenses/by-sa/4.0
ARCH_0347,2,2026-09-26T13:45:58.632Z,79be14dab57c0ff13f8b8d9d20635478187974a6b94e61f9d5f4a83404da4355,Grand Coulee Dam,United States Bureau of Reclamation,1942,United States,North America,1919-1945,dam / hydroelectric infrastructure,Industrial,largest hydroelectric plant in the US,"https://commons.wikimedia.org/wiki/File:Grand_Coulee_Dam,_Columbia_River,_Grand_Coulee,_Washington.jpg",Ken Lund,CC BY-SA-2.0,https://creativecommons.org/licenses/by-sa/2.0
ARCH_0348,2,2026-09-26T13:45:58.651Z,326847558887ca3a886de9ef6992284a34df7522be79fe6c0b6da3725bc6bf73,Casa sobre el arroyo,Amancio Williams,1946,Argentina,Latin America,1946-1969,single-family house,Modernism,national historic monument,https://commons.wikimedia.org/wiki/File:Visita_a_la_%22Casa_del_Puente%22.jpg,Ministerio de Cultura de la Nación,CC BY-SA-2.0,https://creativecommons.org/licenses/by-sa/2.0
ARCH_0349,2,2026-09-26T13:45:58.674Z,1530263cded645ed036c45c5cf92324b78353ecd99bb3fd65e04f2cfafb5dc97,Edifício Louveira,"João Batista Vilanova Artigas, Carlos Cascaldi",1946,Brazil,Latin America,1946-1969,collective housing,Brazilian modernism,listed modernist housing,https://commons.wikimedia.org/wiki/File:Edif%C3%ADcio_Louveira_-_S%C3%A3o_Paulo_-_20240914152101.jpg,TamiresAnsanelo,CC BY-SA-4.0,https://creativecommons.org/licenses/by-sa/4.0
ARCH_0350,2,2026-09-26T13:45:58.687Z,6a29b321490b63893020d5568fafbf2ca0e74573286a2908bc664fba0911b8aa,Kaufmann Desert House,Richard Neutra,1946,United States,North America,1946-1969,single-family house,Mid-century modern,canonical work of Richard Neutra; widely documented,https://commons.wikimedia.org/wiki/File:Kaufman_Desert_Home.jpg,Pmeulbroek,CC BY-SA-4.0,https://creativecommons.org/licenses/by-sa/4.0
ARCH_0351,2,2026-09-26T13:45:58.722Z,0a75d664a9d14418fe4e550722a0b5db738cb244b61eb9d099926bdccb28fdfb,Caribe Hilton,Toro Ferrer,1949,Puerto Rico,Latin America,1946-1969,hotel,International Style,first Hilton hotel outside the US,https://commons.wikimedia.org/wiki/File:Caribe-Hilton-Poolside.jpg,Jasenlee,CC BY-SA-3.0,https://creativecommons.org/licenses/by-sa/3.0
ARCH_0352,2,2026-09-26T13:45:58.748Z,25bc319e98a2ddcc88833848b5c8f6829405f40d015501cfcf5d0e809ccc74ba,Roma Termini railway station,"Eugenio Montuori, Leo Calini, Annibale Vitellozzi and others",1950,Italy,Europe,1946-1969,railway station,Postwar modernism,major postwar Italian public building,https://commons.wikimedia.org/wiki/File:Termini_Station_Rome_(9554051681).jpg,"Sean MacEntee from Monaghan, Ireland",CC BY-2.0,https://creativecommons.org/licenses/by/2.0
ARCH_0353,2,2026-09-26T13:45:58.917Z,7831ad4269680964d25611beca6cd6d065bca68faab09e63ac4fb15ee78d066e,Royal Festival Hall,"Robert Matthew, Leslie Martin",1951,United Kingdom,Europe,1946-1969,concert hall,Postwar modernism,Grade I listed,https://commons.wikimedia.org/wiki/File:At_London_2025_427.jpg,Photograph by Mike Peel (www.mikepeel.net).,CC BY-SA-4.0,https://creativecommons.org/licenses/by-sa/4.0
ARCH_0354,2,2026-09-26T13:45:58.946Z,8873058fd6ebc5cbff1ce9fe19e245ef67e12a81b95455c1e0f1113721a1454b,Anıtkabir,"Emin Onat, Orhan Arda",1953,Turkey,Middle East,1946-1969,mausoleum,Second National Architectural Movement,mausoleum of Atatürk,"https://commons.wikimedia.org/wiki/File:An%C4%B1tkabir,_Ankara.jpg",Bernard Gagnon,CC BY-SA-3.0,https://creativecommons.org/licenses/by-sa/3.0
ARCH_0355,2,2026-09-26T13:45:58.958Z,c5a5cc633ab6121a3e0f2540f36ad56ef4cff107192d2869e214d37369257c3f,Busáras,Michael Scott,1953,Ireland,Europe,1946-1969,bus station / offices,International Style,protected structure; first major modernist building in Ireland,https://commons.wikimedia.org/wiki/File:Busaras.jpg,Jnestorius,PD,
ARCH_0356,2,2026-09-26T13:45:59.008Z,a08255368866cd2e887e53f3979030c9cd0dfbc6998445b93f854c507d493b15,Lijnbaan,Van den Broek en Bakema,1953,Netherlands,Europe,1946-1969,retail street,Postwar modernism,first purpose-built pedestrian shopping street in Europe; national monument,"https://commons.wikimedia.org/wiki/File:Lijnbaan,_Rotterdam_2024-12-02.jpg",Andy Li,CC0,http://creativecommons.org/publicdomain/zero/1.0/deed.en
ARCH_0357,2,2026-09-26T13:45:59.034Z,bafbb4ec3f5f89fbae4b3a510fa82d62d38732525a386baf296545b296184d81,Hiroshima World Peace Memorial Cathedral,Togo Murano,1954,Japan,Japan,1946-1969,cathedral,Japanese modernism,Important Cultural Property of Japan,"https://commons.wikimedia.org/wiki/File:Assumption_of_Mary_Cathedral,_Hiroshima.jpg",Uhooep,CC BY-SA-4.0,https://creativecommons.org/licenses/by-sa/4.0
ARCH_0358,2,2026-09-26T13:45:59.065Z,3c463a505cfe0e68e61092835afbd9a7bbf0aba8b09cbd374acb947c5873bb28,Kanagawa Prefectural Music Hall,Kunio Maekawa,1954,Japan,Japan,1946-1969,concert hall,Japanese modernism,DOCOMOMO Japan selection,https://commons.wikimedia.org/wiki/File:Kanagawa_Library_and_Music_Hall_01.jpg,ジャコウネズミ,CC0,http://creativecommons.org/publicdomain/zero/1.0/deed.en
ARCH_0359,2,2026-09-26T13:45:59.079Z,c90574edd862994866403f9e4fffcfa3ba8751a1c5be8a9cbf47c6439340bd38,Tomb of Avicenna,Houshang Seyhoun,1954,Iran,Middle East,1946-1969,mausoleum,Modernism with Persian references,major work of Houshang Seyhoun,https://commons.wikimedia.org/wiki/File:Avicenna%27s_tomb_(Ibn-e_Sina_Tomb)_02.jpg,Mohammad Pourghorbanali,CC BY-SA-4.0,https://creativecommons.org/licenses/by-sa/4.0
ARCH_0360,2,2026-09-26T13:45:59.087Z,d38278d0e2fbff91a3a8d7589862a0aac0e1f7ca10ca4d2caeb7eb8060e41487,International House of Japan,"Kunio Maekawa, Junzo Sakakura, Junzo Yoshimura",1955,Japan,Japan,1946-1969,cultural centre / hotel,Japanese modernism,DOCOMOMO Japan selection,https://commons.wikimedia.org/wiki/File:International_House_of_Japan.jpg,Wiiii,CC BY-SA-3.0,https://creativecommons.org/licenses/by-sa/3.0
ARCH_0361,2,2026-09-26T13:45:59.127Z,1037b51899fa172c718617473fa2b7d8d9ec05cc3c011543ae17e1ef0c4ab5e5,Istanbul Hilton,"Skidmore, Owings & Merrill, Sedad Hakkı Eldem",1955,Turkey,Middle East,1946-1969,hotel,International Style,early International Style hotel abroad,"https://commons.wikimedia.org/wiki/File:Hilton,_Besiktas,_Istanbul_(P1100283).jpg",Matti Blume,CC BY-SA-4.0,https://creativecommons.org/licenses/by-sa/4.0
ARCH_0362,2,2026-09-26T13:45:59.349Z,2ce0d19d65656f33e22f42f1c06062d4cd42a9faa481ce88fc1783e869cd97c8,Sanctuary of Arantzazu,"Francisco Javier Sáenz de Oiza, Luis Laorga",1955,Spain,Europe,1946-1969,basilica / sanctuary,Modernism,key work of Spanish postwar modernism,https://commons.wikimedia.org/wiki/File:Exterior_of_Sanctuary_of_Arantzazu_05.jpg,Kent Wang,CC BY-SA-4.0,https://creativecommons.org/licenses/by-sa/4.0
ARCH_0363,2,2026-09-26T13:45:59.415Z,7264cf4b0615f9c07fe1826b211eb23bfc1d8a73f88101fbe0787ae6ec5c6133,Liederhalle Stuttgart,"Adolf Abel, Rolf Gutbrod",1956,Germany,Europe,1946-1969,concert hall,Organic modernism,listed monument of postwar German architecture,https://commons.wikimedia.org/wiki/File:Stuttgart_Liederhalle_2014_au%C3%9Fen_img02.jpg,Photo: Andreas Praefcke,CC BY-3.0,https://creativecommons.org/licenses/by/3.0
ARCH_0364,2,2026-09-26T13:45:59.429Z,031faf6ea28dda71e871eaa97e2f197c74ea2c9197e0ca36a705edfe2f3e457a,S. R. Crown Hall,Ludwig Mies van der Rohe,1956,United States,North America,1946-1969,university building,International Style,National Historic Landmark; canonical work of Mies,https://commons.wikimedia.org/wiki/File:Crown_Hall_2.jpg,Joe Ravi,PD,
ARCH_0365,2,2026-09-26T13:45:59.447Z,9e26a126ff56ecd4ee41a6f84bef7e7918e8a68866eedc478079dac50d6333dc,798 Art Zone,East German engineers (Dessau industrial design institute),1957,China,Asia,1946-1969,factory complex (now art district),Industrial Bauhaus-derived,former Joint Factory 718; now art district,https://commons.wikimedia.org/wiki/File:798_Arts_district_(6246645200).jpg,Francisco Anzola,CC BY-2.0,https://creativecommons.org/licenses/by/2.0
ARCH_0366,2,2026-09-26T13:45:59.466Z,d7a6ff82a214a8fdf837c5e9389908745e5f66b0bef489bcf5468514ed6437cf,Atomium,"André Waterkeyn, André Polak, Jean Polak",1958,Belgium,Europe,1946-1969,exhibition pavilion / monument,Expo 58 structural modernism,symbol of Expo 58,https://commons.wikimedia.org/wiki/File:Laeken_Atomium_06.jpg,Zairon,CC BY-SA-4.0,https://creativecommons.org/licenses/by-sa/4.0
ARCH_0367,2,2026-09-26T13:45:59.484Z,1501f47743a1d894d095f836ce2d79fc17c23286223906248e8233c7200b5281,Habana Libre,Welton Becket,1958,Cuba,Latin America,1946-1969,hotel,Modernism,former Habana Hilton,https://commons.wikimedia.org/wiki/File:Hotel_%C2%ABHabana_Libre%C2%BB_-_panoramio.jpg,DnTrotaMundos ☮,CC BY-3.0,https://creativecommons.org/licenses/by/3.0
ARCH_0368,2,2026-09-26T13:45:59.544Z,81866fc76303357d9d0b829d2c59f1b821899361b6fd10d2c71a7b0c7a9fd41b,ICI House,Bates Smart McCutcheon,1958,Australia,Oceania,1946-1969,office tower,International Style,first curtain-wall skyscraper in Australia,https://commons.wikimedia.org/wiki/File:ICI_Building_(former)_-2.jpg,KimaGuseva,CC BY-SA-4.0,https://creativecommons.org/licenses/by-sa/4.0
ARCH_0369,2,2026-09-26T13:45:59.553Z,fc1bd36a09e9a65a36a46fc0f018068a74e2d9f86d517dcdab83406e09f62fb8,Kingo Houses,Jørn Utzon,1958,Denmark,Europe,1946-1969,collective housing,Danish modernism,Pritzker Prize architect; canonical courtyard housing,https://commons.wikimedia.org/wiki/File:Romerhusene03.jpg,Jørgen Jespersen,CC BY-SA-2.5,https://creativecommons.org/licenses/by-sa/2.5
ARCH_0370,2,2026-09-26T13:45:59.598Z,ae8ad3b6bb79ec437f93db3644104515a4f17a963911457bdc5cb6249ec87245,Palácio da Alvorada,Oscar Niemeyer,1958,Brazil,Latin America,1946-1969,presidential residence,Brazilian modernism,UNESCO World Heritage (Brasília),"https://commons.wikimedia.org/wiki/File:Pal%C3%A1cio_da_Alvorada,_Presidential_residence,_1957.jpg",Robotmensch,CC BY-SA-3.0,https://creativecommons.org/licenses/by-sa/3.0
ARCH_0371,2,2026-09-26T13:45:59.615Z,48d98d7c0548be3135d66b813fafcf86b7c5707c8ba94048df43a108293f379e,Tokyo Tower,"Tachū Naitō, Nikken Sekkei",1958,Japan,Japan,1946-1969,broadcasting tower / infrastructure,Structural steel,landmark of postwar Tokyo,https://commons.wikimedia.org/wiki/File:Tokyo_Tower_2023.jpg,Akonnchiroll,CC BY-SA-4.0,https://creativecommons.org/licenses/by-sa/4.0
ARCH_0372,2,2026-09-26T13:45:59.629Z,988dc15dee940785ecc8d948e60ecf42879e2c85516d58497a665c159c57d366,UNESCO Headquarters,"Marcel Breuer, Pier Luigi Nervi, Bernard Zehrfuss",1958,France,Europe,1946-1969,office building / headquarters,International Style,canonical international collaboration; frequently cited,"https://commons.wikimedia.org/wiki/File:UNESCO,_125_avenue_de_Suffren,_Paris_7e_1.jpg",Polymagou,CC BY-SA-4.0,https://creativecommons.org/licenses/by-sa/4.0
ARCH_0373,2,2026-09-26T13:45:59.667Z,e48c6712d3ca0cec131c57f271698b76ced25e72348f88fd7b94280a1e81c961,Beijing railway station,"Yang Tingbao, Chen Deng'ao",1959,China,Asia,1946-1969,railway station,Socialist modernism with Chinese forms,one of the Ten Great Buildings of 1959,https://commons.wikimedia.org/wiki/File:Beijing_Railway_Station_from_East_Footbridge_(20210521183213).jpg,N509FZ,CC BY-SA-4.0,https://creativecommons.org/licenses/by-sa/4.0
ARCH_0374,2,2026-09-26T13:45:59.683Z,dea169c9ddc9e4f9cde3714d3a89fa4e800bb14d139ec3d726bd15c8fdefc390,Great Hall of the People,Zhang Bo,1959,China,Asia,1946-1969,parliament,Socialist classicism,one of the Ten Great Buildings of 1959,https://commons.wikimedia.org/wiki/File:China_Senate_House.jpg,Zheng Zhou,CC BY-SA-3.0,https://creativecommons.org/licenses/by-sa/3.0
ARCH_0375,2,2026-09-26T13:45:59.705Z,edead57676490394faf085cb7d1a07f064dc17faee87d9739142fed785d1fc68,Kariba Dam,Coyne et Bellier (engineering),1959,Zimbabwe,Africa,1946-1969,dam / hydroelectric infrastructure,Industrial,one of the largest dams in the world,https://commons.wikimedia.org/wiki/File:The_Kariba_Dam_wall_from_the_middle.jpg,JonGT,CC BY-SA-4.0,https://creativecommons.org/licenses/by-sa/4.0
ARCH_0376,2,2026-09-26T13:45:59.718Z,efd82fe8a83501087ae60d92d5e9ebc196a744957866effc00e7b7daa430dcce,Akademie der Künste (Hanseatenweg),Werner Düttmann,1960,Germany,Europe,1946-1969,cultural institution,Postwar modernism,listed postwar cultural building,https://commons.wikimedia.org/wiki/File:Akademie_der_K%C3%BCnste_Berlin_Hansaviertel.jpg,Aufgenommen von User:Proofreader am 20.03.2007.,CC BY-SA-3.0,http://creativecommons.org/licenses/by-sa/3.0/
ARCH_0377,2,2026-09-26T13:45:59.765Z,0e8c57ad0c25edac800c5390e1d0a5b0df15c543434d8df98c04238e21dde771,SAS Royal Hotel,Arne Jacobsen,1960,Denmark,Europe,1946-1969,hotel,International Style,canonical work of Arne Jacobsen,https://commons.wikimedia.org/wiki/File:K%C3%B8benhavn_-_Radisson_Blu_Royal_Hotel_(30697492500).jpg,"Fred Romero from Paris, France",CC BY-2.0,https://creativecommons.org/licenses/by/2.0
ARCH_0378,2,2026-09-26T13:45:59.986Z,867a9dae4cb103eddda9a3a38532ed671e4ae8908f8f52cfef1050845a90354d,St. Mark's Church Björkhagen,Sigurd Lewerentz,1960,Sweden,Europe,1946-1969,church,Brick modernism,major late work of Sigurd Lewerentz,https://commons.wikimedia.org/wiki/File:Markuskyrkan_April_2013_01.jpg,Arild Vågen,CC BY-SA-3.0,https://creativecommons.org/licenses/by-sa/3.0
ARCH_0379,2,2026-09-26T13:46:00.017Z,0de6989743c7ccb5a8139b9dcdd41181302396a1fd47c9986374181b930a049b,Stahl House,Pierre Koenig,1960,United States,North America,1946-1969,single-family house,Mid-century modern (Case Study House),Case Study House #22; Los Angeles Historic-Cultural Monument,https://commons.wikimedia.org/wiki/File:Case_Study_House_22_(Stahl_House)_(49841751833).jpg,Kyle,CC BY-2.0,https://creativecommons.org/licenses/by/2.0
ARCH_0380,2,2026-09-26T13:46:00.058Z,683f61f3917ec62a5f4fb7c72da8d69e04e3f5f3bed6502759c9fb8eb27b02d8,Teatro General San Martín,"Mario Roberto Álvarez, Macedonio Oscar Ruiz",1960,Argentina,Latin America,1946-1969,theatre,Modernism,major Argentine modernist building,https://commons.wikimedia.org/wiki/File:Teatro_General_San_Mart%C3%ADn.JPG,Jrivell,CC BY-SA-3.0,https://creativecommons.org/licenses/by-sa/3.0
ARCH_0381,2,2026-09-26T13:46:00.121Z,7d735fb7dd6fd3eb0a097eb160c620d6cd5f008d1ad6e06dfc4f767b2df68a2f,Thyssenhaus (Dreischeibenhaus),"Helmut Hentrich, Hubert Petschnigg",1960,Germany,Europe,1946-1969,office building / corporate headquarters,International Style,canonical German postwar office tower; listed monument,https://commons.wikimedia.org/wiki/File:Dreischeibenhaus-Westseite-2024.jpg,Tuxyso,CC BY-SA-4.0,https://creativecommons.org/licenses/by-sa/4.0
ARCH_0382,2,2026-09-26T13:46:00.139Z,5208ed020f70597a3805387dcbc4926737399c2f8ac2078d9d1a4766619f9a3e,Cairo Tower,Naoum Shebib,1961,Egypt,Africa,1946-1969,TV tower / infrastructure,Modernism,landmark of Cairo,https://commons.wikimedia.org/wiki/File:The_Cairo_Tower.jpg,Mohamedusrii,CC BY-4.0,https://creativecommons.org/licenses/by/4.0
ARCH_0383,2,2026-09-26T13:46:00.148Z,07db8e11d2f865af761ea44bb2705610a522fc34453094bfcf2cf77462f2d087,El Helicoide,"Jorge Romero Gutiérrez, Pedro Neuberger, Dirk Bornhorst",1961,Venezuela,Latin America,1946-1969,commercial centre (unfinished),Modernism,spiral drive-through mall,https://commons.wikimedia.org/wiki/File:El_Helicoide_2008.jpg,Jesús Rincón,CC BY-SA-4.0,https://creativecommons.org/licenses/by-sa/4.0
ARCH_0384,2,2026-09-26T13:46:00.173Z,792014c571e9c270266c8e9b4033a872e725d1c5d017cdff56f92c06ef7db02f,Futuna Chapel,John Scott,1961,New Zealand,Oceania,1946-1969,chapel,Regional modernism,Category I heritage building,https://commons.wikimedia.org/wiki/File:Futuna_Chapel_02.jpg,Tom Ackroyd,CC BY-SA-4.0,https://creativecommons.org/licenses/by-sa/4.0
ARCH_0385,2,2026-09-26T13:46:00.227Z,51200de60ccb399889260d4b71c33b6d54f84c339fd658da2a7ab057a17cb653,Grande Dixence Dam,Grande Dixence SA (engineering),1961,Switzerland,Europe,1946-1969,dam / hydroelectric infrastructure,Industrial concrete,tallest gravity dam in the world,https://commons.wikimedia.org/wiki/File:Barrage_de_la_Grande-Dixence.jpg,Jérémy Toma,CC BY-SA-4.0,https://creativecommons.org/licenses/by-sa/4.0
ARCH_0386,2,2026-09-26T13:46:00.245Z,dd3286cc964f446c03bcc4bf773dc00c1e0111301ece6e1a347a7aa7a51be072,Coventry Cathedral,Basil Spence,1962,United Kingdom,Europe,1946-1969,church,Postwar modernism,Grade I listed,https://commons.wikimedia.org/wiki/File:Coventry_Cathedral_-exterior-5July2008.jpg,Steve Cadman,CC BY-SA-2.0,https://creativecommons.org/licenses/by-sa/2.0
ARCH_0387,2,2026-09-26T13:46:00.267Z,e935f5721c6761166e1880fc08a3fd5f8db4c13c87b0100fef4262e74103189e,Dulles International Airport Main Terminal,Eero Saarinen,1962,United States,North America,1946-1969,airport terminal,Modernism,canonical work of Eero Saarinen; AIA Twenty-five Year Award,https://commons.wikimedia.org/wiki/File:Washington_Dulles_International_Airport.jpg,Joe Ravi,CC BY-SA-3.0,https://creativecommons.org/licenses/by-sa/3.0
ARCH_0388,2,2026-09-26T13:46:00.294Z,7765a4c9851ff350e48e7c99c5989c42a7572e04c8dad7dd79b012ffd6b47b69,Marin County Civic Center,Frank Lloyd Wright,1962,United States,North America,1946-1969,civic / government building,Organic architecture,National Historic Landmark,https://commons.wikimedia.org/wiki/File:Marin_County_Civic_Center_-_3.jpg,dwhartwig,CC BY-2.0,https://creativecommons.org/licenses/by/2.0
ARCH_0389,2,2026-09-26T13:46:00.345Z,7b047d68681a2277e04f27865d368ff38e41e145e2ec3908addd78f7785cbf00,St Catherine's College Oxford,Arne Jacobsen,1962,United Kingdom,Europe,1946-1969,university college,Modernism,Grade I listed,"https://commons.wikimedia.org/wiki/File:Arne_jacobsen,_st._catherine%27s_college,_oxford_11_(5068702912).jpg",seier+seier,CC BY-2.0,https://creativecommons.org/licenses/by/2.0
ARCH_0390,2,2026-09-26T13:46:00.354Z,bfa8e58ddba4625b1f6d6805485f48a8f4ef72aa6b9f6ed662d86d11ba456489,United States Air Force Academy Cadet Chapel,Walter Netsch,1962,United States,North America,1946-1969,chapel,Modernism,National Historic Landmark; AIA Twenty-five Year Award,https://commons.wikimedia.org/wiki/File:USAFA_Chapel_July_2007_exterior.jpg,Michael Barera,CC BY-SA-4.0,https://creativecommons.org/licenses/by-sa/4.0
ARCH_0391,2,2026-09-26T13:46:00.369Z,ea13846347d07da1a3025134b6117324266f6b86f54fe78baeb425b6240c7378,Beinecke Rare Book & Manuscript Library,Gordon Bunshaft,1963,United States,North America,1946-1969,library,Modernism,canonical work of SOM; widely documented,https://commons.wikimedia.org/wiki/File:Beineicke_Library_south_Highsmith.jpg,Carol M. Highsmith,PD,
ARCH_0392,2,2026-09-26T13:46:00.374Z,d024e7ccf094128ff9d2698e79215b1320cd00aec79b12926201e6863e88b0fe,Kurobe Dam,Kansai Electric Power Company (engineering),1963,Japan,Japan,1946-1969,dam / hydroelectric infrastructure,Industrial concrete,tallest dam in Japan,https://commons.wikimedia.org/wiki/File:Kurobe_Dam_-_panoramio.jpg,Raki_Man,CC BY-3.0,https://creativecommons.org/licenses/by/3.0
ARCH_0393,2,2026-09-26T13:46:00.424Z,3766ef37a38e69b9f5eea58c4b9102ffdd3449349aafd02c0a9df1fb48a60cca,Luce Memorial Chapel,"I. M. Pei, Chen Chi-kwan",1963,Taiwan,Asia,1946-1969,chapel,Modernism,landmark of Tunghai University,https://commons.wikimedia.org/wiki/File:Front_view_of_Luce_Memorial_Chapel_on_14_November_2020.jpg,Kenneth Lee,CC BY-SA-2.0,https://creativecommons.org/licenses/by-sa/2.0
ARCH_0394,2,2026-09-26T13:46:00.438Z,855810554dc06f0cb4f8a0d268e00c8b71b577c82ac1abd9fc73c32335773029,Nissay Theatre,Togo Murano,1963,Japan,Japan,1946-1969,theatre / office,Japanese modernism,major work of Togo Murano,https://commons.wikimedia.org/wiki/File:Nissay_Theatre_2012.jpg,Kakidai,CC BY-SA-4.0,https://creativecommons.org/licenses/by-sa/4.0
ARCH_0395,2,2026-09-26T13:46:00.454Z,53a171893d3fb70fc546327646205e43db5f80b9615b7d313e5795807fb594db,Church of the Autostrada del Sole,Giovanni Michelucci,1964,Italy,Europe,1946-1969,church,Organic expressionism,key work of Italian postwar church architecture,"https://commons.wikimedia.org/wiki/File:Chiesa_dell%27Autostrada_del_Sole,_vista_dall%27autostrada.jpg",Martinligabue,CC BY-SA-4.0,https://creativecommons.org/licenses/by-sa/4.0
ARCH_0396,2,2026-09-26T13:46:00.495Z,caf59d176ca3e910369c5123220a88888d1ec0d2b2acae3936d1a2416e187345,Economist Building,Alison and Peter Smithson,1964,United Kingdom,Europe,1946-1969,office building,New Brutalism,Grade II* listed; canonical work of the Smithsons,https://commons.wikimedia.org/wiki/File:Economist_building_London4.jpg,seier+seier,CC BY-2.0,https://creativecommons.org/licenses/by/2.0
ARCH_0397,2,2026-09-26T13:46:00.517Z,8f7666638e89202e19b081b886d0fcf6d111f9bf80c9dd2587284d55f4647908,Hotel Tokoen,Kiyonori Kikutake,1964,Japan,Japan,1946-1969,hotel,Metabolism,Metabolist hotel,https://commons.wikimedia.org/wiki/File:KIKUTAKE-hotel-Tokoen-1400.jpg,Bigjap,CC BY-4.0,https://creativecommons.org/licenses/by/4.0
ARCH_0398,2,2026-09-26T13:46:00.543Z,b3d2d54c4f20e9f3a3a175f52968177c3cc382fbc2d579875ae75685dc2f9adc,Kyoto Tower,Mamoru Yamada,1964,Japan,Japan,1946-1969,observation tower / infrastructure,Modernism,landmark tower of Kyoto,https://commons.wikimedia.org/wiki/File:Kyoto_Tower_2023-12_ac_(1).jpg,Asturio Cantabrio,CC BY-SA-4.0,https://creativecommons.org/licenses/by-sa/4.0
ARCH_0399,2,2026-09-26T13:46:00.604Z,e844d64cdc5af466324a0ef34b977e85db5dd74b5048b9a1135bba88d8e4d55c,Nippon Budokan,Mamoru Yamada,1964,Japan,Japan,1946-1969,sports arena,Modernism with traditional references,built for the 1964 Olympics,https://commons.wikimedia.org/wiki/File:Nippon_Budokan_20190406.jpg,Suicasmo,CC BY-SA-4.0,https://creativecommons.org/licenses/by-sa/4.0
ARCH_0400,2,2026-09-26T13:46:00.666Z,21e9929297cb06b4dfa95ae8c1a194b587f68463860146d4c6f78b427cb72898,Royal College of Physicians,Denys Lasdun,1964,United Kingdom,Europe,1946-1969,institutional headquarters,Modernism,Grade I listed,https://commons.wikimedia.org/wiki/File:Lasdun_Royal_College_of_Physicians_front_Dec_2005.jpg,User:Justinc,CC BY-SA-2.0,https://creativecommons.org/licenses/by-sa/2.0
ARCH_0401,2,2026-09-26T13:46:00.699Z,c3605ec4812b671115716283a5841668a8540789019846b50145c6bfd7e40519,Akosombo Dam,Kaiser Engineers (engineering),1965,Ghana,Africa,1946-1969,dam / hydroelectric infrastructure,Industrial,created Lake Volta,https://commons.wikimedia.org/wiki/File:Akosombo_Dam.jpg,Phildawson,PD,
ARCH_0402,2,2026-09-26T13:46:00.724Z,160a48e031880deb853ee386a948da664a507040c269e4fd9427fb5b8132f029,Israel Museum,"Alfred Mansfeld, Dora Gad",1965,Israel,Middle East,1946-1969,museum,Modernism,national museum of Israel,https://commons.wikimedia.org/wiki/File:Israel_museum_exterior.jpg,Igor Zeiger,CC BY-SA-2.0,https://creativecommons.org/licenses/by-sa/2.0
ARCH_0403,2,2026-09-26T13:46:00.779Z,e859ae77ffbe5437ff46c93a5e55367a7859f186c55286a474bcbc0e104a70e0,National Mosque of Malaysia,"Baharuddin Abu Kassim, Howard Ashley",1965,Malaysia,Asia,1946-1969,mosque,Modernism,national mosque of Malaysia,https://commons.wikimedia.org/wiki/File:Kuala_Lumpur_Malaysia_National-Mosque-04.jpg,"CEphoto, Uwe Aranas",CC BY-SA-3.0,https://creativecommons.org/licenses/by-sa/3.0
ARCH_0404,2,2026-09-26T13:46:00.804Z,7db5d5d73d495b3812fb0abb6a0b86de8bc71a5487955c07b97ce0a3ee5c08c0,Trawsfynydd nuclear power station,Basil Spence,1965,United Kingdom,Europe,1946-1969,power station,Brutalism,power station designed by Basil Spence in Snowdonia National Park,https://commons.wikimedia.org/wiki/File:Trawsfynydd_Nuclear_Power_Plant_retouched.jpg,William M. Connolley at English Wikipedia,CC BY-SA-3.0,http://creativecommons.org/licenses/by-sa/3.0/
ARCH_0405,2,2026-09-26T13:46:00.821Z,2f4ad6b1bcc594891a3b51405324d0df654288dbbc3c1d98ca68d04269beff00,CEPAL Building,Emilio Duhart,1966,Chile,Latin America,1946-1969,office / UN headquarters,Modernism,national monument,https://commons.wikimedia.org/wiki/File:Edificio_CEPAL.jpg,AlonsoRiveraM,CC BY-SA-4.0,https://creativecommons.org/licenses/by-sa/4.0
ARCH_0406,2,2026-09-26T13:46:00.913Z,22de688086d2ca914e9c0d278089701bdb04d7cfce3444d05560504084f292b6,Estadio Azteca,"Pedro Ramírez Vázquez, Rafael Mijares",1966,Mexico,Latin America,1946-1969,stadium,Modernism,only stadium to host two World Cup finals,https://commons.wikimedia.org/wiki/File:Estadio_Azteca_y_sus_alrededores_24.jpg,ProtoplasmaKid,CC BY-4.0,https://creativecommons.org/licenses/by/4.0
ARCH_0407,2,2026-09-26T13:46:00.975Z,4d74de3e83ac3c6cf7b8d47113d6f867aa8de09741e51b78de1ea47a4530fd85,Independence Palace,Ngô Viết Thụ,1966,Vietnam,Asia,1946-1969,presidential palace,Tropical modernism,national historical site,https://commons.wikimedia.org/wiki/File:20190923_Independence_Palace-1.jpg,Balon Greyjoy,CC0,http://creativecommons.org/publicdomain/zero/1.0/deed.en
ARCH_0408,2,2026-09-26T13:46:00.983Z,741d3849ebddc3901bcf1cb57ac62dd7a58a9e74f8cf85c9a5a85595312f5e3c,Balfron Tower,Ernő Goldfinger,1967,United Kingdom,Europe,1946-1969,collective housing,Brutalism,Grade II* listed,https://commons.wikimedia.org/wiki/File:Balfron_Tower_E14.jpg,Cianboy,CC BY-SA-4.0,https://creativecommons.org/licenses/by-sa/4.0
ARCH_0409,2,2026-09-26T13:46:01.024Z,5389895b1735da226d22854cbff12095da1b5769fe47f3baa15df693eeb7c0ec,Brasília TV Tower,Lúcio Costa,1967,Brazil,Latin America,1946-1969,TV tower / infrastructure,Modernism,landmark of the Monumental Axis,"https://commons.wikimedia.org/wiki/File:15_11_2023_-_-TBT_Do_alto_da_Torre_de_TV,_uma_Bras%C3%ADlia_monumental_(53334075135).jpg","Agência Brasília from Brasília, Brasil",CC BY-2.0,https://creativecommons.org/licenses/by/2.0
ARCH_0410,2,2026-09-26T13:46:01.123Z,ae83570fdbc947954ecf0582be3f8ceddebee9e2eea9fb447653b48d3d6df0c0,Galileo Galilei Planetarium,Enrique Jan,1967,Argentina,Latin America,1946-1969,planetarium,Space Age modernism,landmark of Palermo,https://commons.wikimedia.org/wiki/File:Vista_frontal_del_planetario_Galileo_Galilei.jpg,Rodrigoalomia,CC BY-SA-4.0,https://creativecommons.org/licenses/by-sa/4.0
ARCH_0411,2,2026-09-26T13:46:01.198Z,6b13c894e1961a31b04f683ce3b386dbdc2803bad4665a5cb8c24fee212e66d3,Camino Real Hotel Mexico City,Ricardo Legorreta,1968,Mexico,Latin America,1946-1969,hotel,Mexican modernism,major work of Ricardo Legorreta,https://commons.wikimedia.org/wiki/File:Camino_Real_de_Polanco_(Mexico_City).jpg,Rotulismo hispano,CC BY-2.0,https://creativecommons.org/licenses/by/2.0
ARCH_0412,2,2026-09-26T13:46:01.249Z,d49f79c3717974b1c87527bd4ebc1177ef14c1d50470d61ccc8ec7d2e9f9ceb0,Daniel-Johnson Dam,Hydro-Québec,1968,Canada,North America,1946-1969,dam / hydroelectric infrastructure,Industrial,largest multiple-arch buttress dam in the world,https://commons.wikimedia.org/wiki/File:Barrage_Daniel-Johnson2_edited.jpg,"Bouchecl 20:56, 11 August 2007 (UTC)",CC BY-SA-3.0,https://creativecommons.org/licenses/by-sa/3.0
ARCH_0413,2,2026-09-26T13:46:01.409Z,d5ece7d5a3ec0096af033e20d34df937223544c54b342bfec9e8236d7b0a2c87,National Library of Australia,Bunning and Madden,1968,Australia,Oceania,1946-1969,library,Stripped classical modernism,national library,"https://commons.wikimedia.org/wiki/File:Canberra_(AU),_National_Library_of_Australia_--_2019_--_1729.jpg",Dietmar Rabich,CC BY-SA-4.0,https://creativecommons.org/licenses/by-sa/4.0
ARCH_0414,2,2026-09-26T13:46:01.433Z,ab9bbfd4032ba3b047c11f0c4b28019d6da13cb38d440aaa15f346b653734523,Avianca Building,"Esguerra, Sáenz, Urdaneta y Samper; Germán Samper",1969,Colombia,Latin America,1946-1969,office tower,Modernism,landmark of Bogotá,https://commons.wikimedia.org/wiki/File:Costado_suroccidental_Avianca.JPG,Felipe Restrepo Acosta,CC BY-SA-3.0,https://creativecommons.org/licenses/by-sa/3.0
ARCH_0415,2,2026-09-26T13:46:01.514Z,c972e26a01f2bb95296883b62b853323d8460fe4965d006db86c79b012d87dbe,Calouste Gulbenkian Foundation headquarters,"Ruy Jervis d'Athouguia, Pedro Cid, Alberto Pessoa",1969,Portugal,Europe,1946-1969,museum / foundation headquarters,Modernism,national monument,https://commons.wikimedia.org/wiki/File:Funda%C3%A7%C3%A3o_Calouste_Gulbenkian_(20441910910).jpg,Metro Centric,CC BY-2.0,https://creativecommons.org/licenses/by/2.0
ARCH_0416,2,2026-09-26T13:46:01.570Z,77e04c69773bb2d1afd6d804668e0958e9cfe7b1fe4040b0929a5eff19e91ed2,Preston bus station,"Building Design Partnership (Keith Ingham, Charles Wilson)",1969,United Kingdom,Europe,1946-1969,bus station,Brutalism,Grade II listed,https://commons.wikimedia.org/wiki/File:105-365_Preston_Bus_Station_(51117886375).jpg,"JOHN DICKINSON from Chorley, Lancashire, United Kingdom",PD,
ARCH_0417,2,2026-09-26T13:46:01.582Z,9131dad500eca853bbe2d293315b8bf60f1e215e713b53bd831720b1cde70d12,Aswan High Dam,Nikolai Malyshev (Hydroproject),1970,Egypt,Africa,1970-1989,dam / hydroelectric infrastructure,Industrial,one of the largest embankment dams in the world,https://commons.wikimedia.org/wiki/File:Aswan_High_Dam-1.jpg,شرف الدين,CC BY-SA-3.0,http://creativecommons.org/licenses/by-sa/3.0/
ARCH_0418,2,2026-09-26T13:46:01.601Z,18c066af4b619bc26132f5d3e9423d74a6a07192d35056a6a37eedc7d1c69102,Hillbrow Tower,Ministry of Posts and Telecommunications,1971,South Africa,Africa,1970-1989,telecommunications tower / infrastructure,Modernism,tallest structure in Africa for decades,https://commons.wikimedia.org/wiki/File:South_Africa-Johannesburg-Hillbrow001.jpg,NJR ZA,CC BY-SA-3.0,https://creativecommons.org/licenses/by-sa/3.0
ARCH_0419,2,2026-09-26T13:46:01.699Z,149df9c97d461c81c325487102981a5a55227d34e0dd653c57f726a4a310463f,Museo de la Nación (Lima),"Miguel Cruchaga, Miguel Rodrigo Mazuré, Emilio Soyer",1971,Peru,Latin America,1970-1989,museum (former ministry),Brutalism,brutalist landmark of Lima,https://commons.wikimedia.org/wiki/File:Museo_de_la_Naci%C3%B3n_y_Teatro_Nacional.jpg,Guillermo Arévalo Aucahuasi,CC BY-SA-3.0,https://creativecommons.org/licenses/by-sa/3.0
ARCH_0420,2,2026-09-26T13:46:01.770Z,08423891c0b6c0e229391ed7ffbc6fd81359604181762ff73d76cb905fb8c28f,N Seoul Tower,,1971,South Korea,Asia,1970-1989,TV tower / infrastructure,Modernism,landmark of Seoul,https://commons.wikimedia.org/wiki/File:N-Seoul-Tower_and_Namsan_Park_(26876783888).jpg,FLASHPACKER TRAVELGUIDE,CC BY-SA-2.0,https://creativecommons.org/licenses/by-sa/2.0
ARCH_0421,2,2026-09-26T13:46:01.821Z,1be68bff001359e420772933b53893962cf789c2c41fe751c63aba3d6500b94e,Space Group Building,Kim Swoo-geun,1971,South Korea,Asia,1970-1989,office building,Brick modernism,registered cultural heritage; key Korean modern work,https://commons.wikimedia.org/wiki/File:Space_Group_Building.jpg,Seoul Institute,CC BY-4.0,https://creativecommons.org/licenses/by/4.0
ARCH_0422,2,2026-09-26T13:46:01.849Z,cb2590a517166405c28d175fa07d48a7ae9be962984a4cdb5a8f74a97d4be243,Brunswick Centre,Patrick Hodgkinson,1972,United Kingdom,Europe,1970-1989,housing and retail,Brutalism,Grade II listed,https://commons.wikimedia.org/wiki/File:Brunswick_Centre_(4136275375).jpg,"mibuchat from Siemensstadt, Germany",CC BY-SA-2.0,https://creativecommons.org/licenses/by-sa/2.0
ARCH_0423,2,2026-09-26T13:46:01.967Z,72db37657e21935d0c74a740ca24957a7281451724a81f74c65ea4656034c3ac,Sun Yat-sen Memorial Hall (Taipei),Wang Da-hong,1972,Taiwan,Asia,1970-1989,memorial hall / cultural centre,Modernism with Chinese forms,major work of Wang Da-hong,https://commons.wikimedia.org/wiki/File:Taipei_Taiwan_Sun-Yat-sen-Memorial-Hall-02.jpg,"CEphoto, Uwe Aranas",CC BY-SA-3.0,https://creativecommons.org/licenses/by-sa/3.0
ARCH_0424,2,2026-09-26T13:46:02.031Z,c96ac2ccde336a3b59d2ccb2487ee106b936f6bd7e3e754ee3d62c8944b00182,Tehran City Theater,Ali Sardar Afkhami,1972,Iran,Middle East,1970-1989,theatre,Modernism with Persian references,national heritage building,https://commons.wikimedia.org/wiki/File:TitSh1.jpg,Behrad Moudi,CC BY-SA-4.0,https://creativecommons.org/licenses/by-sa/4.0
ARCH_0425,2,2026-09-26T13:46:02.178Z,8c12c4e35ab3eee50ba13d4cb8dfc9c19bd860ce45dcd12446c0c45924740371,Clifton Cathedral,"Percy Thomas Partnership (Ronald Weeks, Frederick Jennett, Antoni Poremba)",1973,United Kingdom,Europe,1970-1989,cathedral,Brutalism,Grade II* listed,https://commons.wikimedia.org/wiki/File:Clifton_Cathedral_-_PXL_20260331_133707156.jpg,Tadeusz Hare,CC BY-SA-4.0,https://creativecommons.org/licenses/by-sa/4.0
ARCH_0426,2,2026-09-26T13:46:02.228Z,f3fb010d18a6951db4c15d17bca9fbd7da948292fbbd052805e6292fe235b2a3,La Muralla Roja,Ricardo Bofill,1973,Spain,Europe,1970-1989,collective housing,Postmodernism,widely published housing complex,"https://commons.wikimedia.org/wiki/File:Muralla_Roja,_Calp.JPG",Joanbanjo,CC BY-SA-4.0,https://creativecommons.org/licenses/by-sa/4.0
ARCH_0427,2,2026-09-26T13:46:02.379Z,98cbfad1e444779baba512581d85f4ae0ba8fe7b23c023bd53f52dbc69f4637b,People's Park Complex,"Design Partnership (William Lim, Tay Kheng Soon, Koh Seow Chuan)",1973,Singapore,Asia,1970-1989,mixed-use / housing,Brutalism / Metabolism,first shopping-atrium complex in Southeast Asia,https://commons.wikimedia.org/wiki/File:.00_3556_People%27s_Park_Complex_in_Singapore.jpg,W. Bulach,CC BY-SA-4.0,https://creativecommons.org/licenses/by-sa/4.0
ARCH_0428,2,2026-09-26T13:46:02.436Z,810a99422326b21f416f18c7a849c14ed1131ef804aa22b1dd8bee624f10d72f,Kulturhuset,Peter Celsing,1974,Sweden,Europe,1970-1989,cultural centre,Late modernism,landmark on Sergels torg,https://commons.wikimedia.org/wiki/File:Kulturhuset_en_2019.jpg,Alequihdez,CC0,http://creativecommons.org/publicdomain/zero/1.0/deed.en
ARCH_0429,2,2026-09-26T13:46:02.564Z,74813680105f08cdc1c80e196aa8c4a686185977786004bbbc1e258f4a4d337f,Torre Entel,Entel Chile,1974,Chile,Latin America,1970-1989,telecommunications tower / infrastructure,Late modernism,landmark of Santiago,"https://commons.wikimedia.org/wiki/File:Torre_Entel,_Santiago_20230312.jpg",Carlos Figueroa,CC BY-SA-4.0,https://creativecommons.org/licenses/by-sa/4.0
ARCH_0430,2,2026-09-26T13:46:02.626Z,be9c5772b4765b97103a0c3e92341fc3d25bfce8a46e5b77a51b21931d329359,Bank of Georgia headquarters,"George Chakhava, Zurab Jalaghania",1975,Georgia,Middle East,1970-1989,office building,Soviet modernism / structuralism,cultural heritage monument of Georgia,https://commons.wikimedia.org/wiki/File:Bank-of-georgia-hq.jpg,TheadoreTwombly,CC BY-SA-4.0,https://creativecommons.org/licenses/by-sa/4.0
ARCH_0431,2,2026-09-26T13:46:02.705Z,054128725655f5c82afb73d317429fcf3dfc8f0e7f7137cc1b72e65f12b59d07,Walden 7,Ricardo Bofill,1975,Spain,Europe,1970-1989,collective housing,Postmodernism / brutalism,major work of Taller de Arquitectura,https://commons.wikimedia.org/wiki/File:Walden_(5).jpg,Canaan,CC BY-SA-4.0,https://creativecommons.org/licenses/by-sa/4.0
ARCH_0432,2,2026-09-26T13:46:03.028Z,8234d92952c9b565729bd35ce0a43364c2a63d4128b91a74dba6f602cfc0f91e,Warszawa Centralna railway station,"Arseniusz Romanowicz, Piotr Szymaniak",1975,Poland,Europe,1970-1989,railway station,Late modernism,listed monument,https://commons.wikimedia.org/wiki/File:Dworzec_Centralny_w_Warszawie_2025.jpg,Adrian Grycuk,CC BY-3.0-PL,https://creativecommons.org/licenses/by/3.0/pl/deed.en
ARCH_0433,2,2026-09-26T13:46:03.066Z,91c5bb34f016c19ccb0dbd4075ed6d69d8e42e2e9e214ac72fc72269b3786405,El Colegio de México,"Teodoro González de León, Abraham Zabludovsky",1976,Mexico,Latin America,1970-1989,university,Mexican brutalism,key work of Mexican brutalism,https://commons.wikimedia.org/wiki/File:ElColegiodeMexico.jpg,DASARA10,CC0,http://creativecommons.org/publicdomain/zero/1.0/deed.en
ARCH_0434,2,2026-09-26T13:46:03.142Z,fcf2f8714076e3c94676cfa61b919ecb88bc09eb16e5c786481bafbd751e58e7,Pennzoil Place,"Philip Johnson, John Burgee",1976,United States,North America,1970-1989,office building,Late modernism,canonical late-modern twin towers; AIA award,https://commons.wikimedia.org/wiki/File:Pennzoil_Place_in_Houston_-_Dec_2013.JPG,Agsftw,CC BY-SA-3.0,https://creativecommons.org/licenses/by-sa/3.0
ARCH_0435,2,2026-09-26T13:46:03.257Z,d3db6dfa1d8a47d3287fe5b8e02ebb48ce9aaf8388d96c1593b128266595fe7f,Hotel Thermal,"Věra Machoninová, Vladimír Machonin",1977,Czech Republic,Europe,1970-1989,hotel / film festival venue,Brutalism,Czech cultural monument,https://commons.wikimedia.org/wiki/File:Hotel_Thermal_in_the_centre_of_Karlovy_Vary.jpg,Streeteo,CC BY-SA-4.0,https://creativecommons.org/licenses/by-sa/4.0
ARCH_0436,2,2026-09-26T13:46:03.368Z,989ce499968add1303a5e4714547240a9e6e6caf852539b9ed5776cff2b2670f,The Beehive,"Basil Spence, Fergus Sheppard",1977,New Zealand,Oceania,1970-1989,government building,Late modernism,executive wing of New Zealand Parliament,https://commons.wikimedia.org/wiki/File:Parliament_Building_Wellington_(30931203514).jpg,"Tony Hisgett from Birmingham, UK",CC BY-2.0,https://creativecommons.org/licenses/by/2.0
ARCH_0437,2,2026-09-26T13:46:03.409Z,6efaf4ef048f8dbc053c3fa42dc4781720d062149907316d2bd87219bdeac216,Alexandra Road Estate,Neave Brown,1978,United Kingdom,Europe,1970-1989,collective housing,Brutalism,Grade II* listed,https://commons.wikimedia.org/wiki/File:Alexandra_estate_3.jpg,Rc1959,CC0,http://creativecommons.org/publicdomain/zero/1.0/deed.en
ARCH_0438,2,2026-09-26T13:46:03.472Z,54c3ff3e3c74a0fd18f80c48005d625556f9d1881cc99eccc1223555e1f28588,Centro Cultural Miguel Ángel Asturias,Efraín Recinos,1978,Guatemala,Latin America,1970-1989,cultural centre / theatre,Expressionist modernism,national theatre of Guatemala,https://commons.wikimedia.org/wiki/File:Centro_Cultural_Miguel_%C3%81ngel_Asturias_-_Guatemala_2.jpg,Gobierno de Guatemala,PD,
ARCH_0439,2,2026-09-26T13:46:03.537Z,17668428e1b642db281066633b366ff7d0344b38e2b7a6afa21d6d8967af95a5,San Cataldo Cemetery,"Aldo Rossi, Gianni Braghieri",1978,Italy,Europe,1970-1989,cemetery,Neo-rationalism,major work of Pritzker laureate Aldo Rossi,"https://commons.wikimedia.org/wiki/File:San_Cataldo_Cemetery,_Modena_(39522135471).jpg",Dage - Looking For Europe,CC BY-2.0,https://creativecommons.org/licenses/by/2.0
ARCH_0440,2,2026-09-26T13:46:03.570Z,5f944d4f7213d41da8495d343aacf0291b476fa461f76d9e41b12d3dbfc61825,Sejong Center for the Performing Arts,Um Duk-moon,1978,South Korea,Asia,1970-1989,performing arts centre,Modernism with Korean references,main performing arts venue of Seoul,https://commons.wikimedia.org/wiki/File:Sejong_Center_for_the_Performing_Arts(20240413).jpg,YellowTurtle9,CC BY-SA-4.0,https://creativecommons.org/licenses/by-sa/4.0
ARCH_0441,2,2026-09-26T13:46:03.685Z,6d8bbfa969c2f20b76f7d6b4bcf2a8a5e043ec7ad5fd141cc9ea6fabe4e956d1,ICC Berlin,"Ralf Schüler, Ursulina Schüler-Witte",1979,Germany,Europe,1970-1989,congress centre,High-tech / Space Age,listed monument,https://commons.wikimedia.org/wiki/File:Berlin_-_ICC_Berlin_(2).jpg,"Fred Romero from Paris, France",CC BY-2.0,https://creativecommons.org/licenses/by/2.0
ARCH_0442,2,2026-09-26T13:46:03.735Z,122e81ba682f51f91757cc9205dcbb048a9d4ce9f2aeebad26e2c0341b24d583,Cascade Complex,Jim Torosyan,1980,Armenia,Middle East,1970-1989,stairway / art centre,Soviet modernism,landmark of Yerevan,https://commons.wikimedia.org/wiki/File:Yerevan-Cascade-02-2019-gje.jpg,Gerd Eichmann,CC BY-SA-4.0,https://creativecommons.org/licenses/by-sa/4.0
ARCH_0443,2,2026-09-26T13:46:03.771Z,bd7bc393b565db08e01a883a02b16e149f231e982c7803a6e2222db8462e79da,Chiang Kai-shek Memorial Hall,Yang Cho-cheng,1980,Taiwan,Asia,1970-1989,memorial hall,Neo-traditional Chinese,national monument of Taiwan,https://commons.wikimedia.org/wiki/File:Chiang_Kai-shek_memorial_amk.jpg,AngMoKio,CC BY-SA-3.0,https://creativecommons.org/licenses/by-sa/3.0
ARCH_0444,2,2026-09-26T13:46:03.802Z,3feb74d513da8249ec8869428d21a3b19f3b4026108c747106b5579c9593ae7b,Phiroze Jeejeebhoy Towers,Chandrakant Patel,1980,India,Asia,1970-1989,office tower / stock exchange,Late modernism,Bombay Stock Exchange building,https://commons.wikimedia.org/wiki/File:BSE_Building_Side_View.jpg,Pradeep717,CC BY-SA-4.0,https://creativecommons.org/licenses/by-sa/4.0
ARCH_0445,2,2026-09-26T13:46:03.818Z,7ce643e1ade11177e8cb711374924945e05adac419c57180f5c33cf74493bd55,Kyungdong Presbyterian Church,Kim Swoo-geun,1981,South Korea,Asia,1970-1989,church,Brick brutalism,major work of Kim Swoo-geun,https://commons.wikimedia.org/wiki/File:Kyungdong_Presbyterian_Church.jpg,Seoul Institute,CC BY-4.0,https://creativecommons.org/licenses/by/4.0
ARCH_0446,2,2026-09-26T13:46:03.944Z,ba040e09ea94fbd5e114833bcf3007b493ae9aadfb49ff1bc594560fb625746e,Mäusebunker,"Gerd Hänska, Magdalena Hänska",1981,Germany,Europe,1970-1989,research laboratory,Brutalism,listed brutalist research building,https://commons.wikimedia.org/wiki/File:FEM_Front.jpg,Denis Barthel,CC BY-SA-4.0,https://creativecommons.org/licenses/by-sa/4.0
ARCH_0447,2,2026-09-26T13:46:03.963Z,b800a4c7a4957c422412460b340a60fe01838dcff73e3f72f08b632acf5447c8,Al-Shaheed Monument,"Saman Kamal, Ismail Fatah Al Turk",1983,Iraq,Middle East,1970-1989,monument / museum,Modernism,major monument of modern Iraq,https://commons.wikimedia.org/wiki/File:%D9%86%D8%B5%D8%A8_%D8%A7%D9%84%D8%B4%D9%87%D9%8A%D8%AF_2024.jpg,Mohmmd Abd,CC0,http://creativecommons.org/publicdomain/zero/1.0/deed.en
ARCH_0448,2,2026-09-26T13:46:04.041Z,9bf96dfa14451a7fd6b9d8b512e1870fc86cfe6cb25911bbbe27577c73ef209e,High Museum of Art,Richard Meier,1983,United States,North America,1970-1989,museum,Late modernism / white modernism,Pritzker Prize architect,https://commons.wikimedia.org/wiki/File:High_Museum_of_Art_(8215188177).jpg,Aleksandr Zykov from Russia,CC BY-SA-2.0,https://creativecommons.org/licenses/by-sa/2.0
ARCH_0449,2,2026-09-26T13:46:04.128Z,66ada5e42cf22065a60e1432a05fb0db16e4b45e5040d93ecc01e911d1994d49,Parque Central Complex,"Enrique Siso, Daniel Fernández Shaw",1983,Venezuela,Latin America,1970-1989,mixed-use towers,Late modernism,tallest towers in Latin America at completion,https://commons.wikimedia.org/wiki/File:Torres_de_Parque_central.jpg,Wilfredor,CC0,http://creativecommons.org/publicdomain/zero/1.0/deed.en
ARCH_0450,2,2026-09-26T13:46:04.182Z,5791e35097de29e2a59708b0d7857a4c3dcb4a154dd952fe083e1783b2c28ec4,Slovak Radio Building,"Štefan Svetko, Štefan Ďurkovič, Barnabáš Kissling",1983,Slovakia,Europe,1970-1989,broadcasting building,Brutalism,inverted-pyramid landmark of Bratislava,"https://commons.wikimedia.org/wiki/File:Upside_down_Pyramid,_Bratislava_01.jpg",Thomas Ledl,CC BY-SA-4.0,https://creativecommons.org/licenses/by-sa/4.0
ARCH_0451,2,2026-09-26T13:46:04.324Z,e1ef4f069eb77e7b5a52e1d252e8a6cbb274e4a676f5dd2b21241e319bfbfa6a,Teresa Carreño Cultural Complex,"Tomás Lugo Marcano, Jesús Sandoval, Dietrich Kunckel",1983,Venezuela,Latin America,1970-1989,theatre,Brutalism,largest performing arts centre in Venezuela,https://commons.wikimedia.org/wiki/File:Vista_Teatro_teresa_carre%C3%B1o.jpg,José Gregorio Ferrer,CC BY-SA-3.0,https://creativecommons.org/licenses/by-sa/3.0
ARCH_0452,2,2026-09-26T13:46:04.506Z,24ef95fd6c5a2b718369650999ad5f8be9d42ac201311bb458dc48ef736a18dd,Cube houses,Piet Blom,1984,Netherlands,Europe,1970-1989,collective housing,Structuralism / experimental housing,icon of Rotterdam,https://commons.wikimedia.org/wiki/File:Rotterdam_-_Cube_houses.jpg,P. Hughes,CC BY-SA-4.0,https://creativecommons.org/licenses/by-sa/4.0
ARCH_0453,2,2026-09-26T13:46:04.583Z,ad6637caa455ebffee0c5d6e59bfc07b8dcfc5379207900b746b912b579d56cd,Dayabumi Complex,BEP Arkitek (Nik Mohamed),1984,Malaysia,Asia,1970-1989,office tower,Modern Islamic,landmark of Kuala Lumpur,https://commons.wikimedia.org/wiki/File:Dayabumi_Complex_(18977222365).jpg,"Jorge Láscar from Melbourne, Australia",CC BY-2.0,https://creativecommons.org/licenses/by/2.0
ARCH_0454,2,2026-09-26T13:46:04.615Z,816933ad23749697e8ee7be0d48704af74dbca2adf248c5fe2a7792f1d27f79c,Itaipu Dam,Itaipu Binacional (engineering),1984,Brazil,Latin America,1970-1989,dam / hydroelectric infrastructure,Industrial,one of the largest hydroelectric plants in the world,https://commons.wikimedia.org/wiki/File:249_turbinas_itaipu_(6975012271).jpg,"queulat00 from Santiago, Chile",CC BY-2.0,https://creativecommons.org/licenses/by/2.0
ARCH_0455,2,2026-09-26T13:46:05.109Z,e4c58ac68a9ed23e84e896ac650c63a567df7ac8326bd1b9f3a9066a6ca1e8c1,Parliament House Port Moresby,Cecil Hogan,1984,Papua New Guinea,Oceania,1970-1989,parliament,Regional modernism,parliament of Papua New Guinea,"https://commons.wikimedia.org/wiki/File:Papua_New_Guinea_1991-039_Parliament_House,_Port_Moresby_(33351725760).jpg",Brian ireland,CC BY-SA-2.0,https://creativecommons.org/licenses/by-sa/2.0
ARCH_0456,2,2026-09-26T13:46:05.153Z,640192b62948f432ca3376cd78bf93902840249d66f802beca17a5c1e397e6f7,Amoreiras Towers,Tomás Taveira,1985,Portugal,Europe,1970-1989,office and retail complex,Postmodernism,landmark of Portuguese postmodernism,https://commons.wikimedia.org/wiki/File:Torres_das_Amoreiras_09.jpg,GualdimG,CC BY-SA-4.0,https://creativecommons.org/licenses/by-sa/4.0
ARCH_0457,2,2026-09-26T13:46:05.192Z,fe9523404833eb1fef08c0c4122b2630ddc963ec859e34f940b15fc1f673bd1c,Seema Malaka,Geoffrey Bawa,1985,Sri Lanka,Asia,1970-1989,temple pavilion,Tropical modernism,meditation pavilion on Beira Lake,https://commons.wikimedia.org/wiki/File:Seema_Malaka_temple.JPG,AKS.9955,CC BY-SA-4.0,https://creativecommons.org/licenses/by-sa/4.0
ARCH_0458,2,2026-09-26T13:46:05.472Z,83068a560a71fdd3df796bb30c0612318515bd1d163ca38afa7b0092fbdb95cb,St Paul's Cathedral Abidjan,Aldo Spirito,1985,Ivory Coast,Africa,1970-1989,cathedral,Expressionist modernism,landmark of Abidjan,https://commons.wikimedia.org/wiki/File:Cathedrale_St_Paul_Abidjan_1.jpg,Anthere,CC BY-SA-4.0,https://creativecommons.org/licenses/by-sa/4.0
ARCH_0459,2,2026-09-26T13:46:05.587Z,175bd4ab7f5b3671dab423acdf2d332525238d9b5fe7c872e9cc7a78ff7d40cd,Wohnpark Alt-Erlaa,Harry Glück,1985,Austria,Europe,1970-1989,collective housing,Late modernism,large social housing complex,https://commons.wikimedia.org/wiki/File:Wohnpark_Alterlaa_Dachblick_von_Block_C1.jpg,Thomas Ledl,CC BY-SA-4.0,https://creativecommons.org/licenses/by-sa/4.0
ARCH_0460,2,2026-09-26T13:46:05.686Z,69b76e8ded464014ac8487594322b3dfbf010c53a8e391cc560cbbc13e61a83f,Faisal Mosque,Vedat Dalokay,1986,Pakistan,Asia,1970-1989,mosque,Modernism,national mosque of Pakistan,https://commons.wikimedia.org/wiki/File:Faisal_Mosque_Straight_View.jpg,Azhar,CC BY-SA-4.0,https://creativecommons.org/licenses/by-sa/4.0
ARCH_0461,2,2026-09-26T13:46:05.887Z,ab86c82a541b94a44fa424e2161f08c535d851f18eae5b2f9c76a2a0e09eb49a,Tampere Main Library Metso,"Reima Pietilä, Raili Pietilä",1986,Finland,Europe,1970-1989,library,Organic postmodernism,major Finnish public library,https://commons.wikimedia.org/wiki/File:Tampere_City_Library.jpg,Tiia Monto,CC BY-SA-4.0,https://creativecommons.org/licenses/by-sa/4.0
ARCH_0462,2,2026-09-26T13:46:05.915Z,59ae8235b6ae42e41b03eb0a90e01d3da7d456c3ffdbfb45e7df0d9a3c1f6893,Tokyo Dome,"Nikken Sekkei, Takenaka Corporation",1988,Japan,Japan,1970-1989,stadium,Air-supported dome,first air-supported dome stadium in Japan,https://commons.wikimedia.org/wiki/File:Tokyo_Dome_(52480559907).jpg,"Dick Thomas Johnson from Tokyo, Japan",CC BY-2.0,https://creativecommons.org/licenses/by/2.0
ARCH_0463,2,2026-09-26T13:46:05.955Z,42b889c17dd5cc8cf7f2780e2572ddbbed710f4c4fdc417e6844fca729aacc08,Canadian Museum of Civilization,Douglas Cardinal,1989,Canada,North America,1970-1989,museum,Organic / expressionist,widely documented; national museum,"https://commons.wikimedia.org/wiki/File:Museum_of_Civilization,_Ottawa_1868.jpg",Paul Harrison,CC BY-SA-4.0,https://creativecommons.org/licenses/by-sa/4.0
ARCH_0464,2,2026-09-26T13:46:06.047Z,b15b5dd2993b907e2e99e154ed73365c65c53c7cc3be27ea442ce99c1293ed93,Grande Arche,"Johan Otto von Spreckelsen, Erik Reitzel",1989,France,Europe,1970-1989,office building / monument,Late modernism,canonical Grands Projets; widely documented,"https://commons.wikimedia.org/wiki/File:Grande_Arche,_France_-_April_2011.jpg","Cristian Bortes from Cluj-Napoca, Romania",CC BY-2.0,https://creativecommons.org/licenses/by/2.0
ARCH_0465,2,2026-09-26T13:46:06.085Z,d55a3ace2a61c207b02e2aec7cbe3b483af7fe84e5ac26f8a310fb44284e2beb,Makuhari Messe,Fumihiko Maki,1989,Japan,Japan,1970-1989,exhibition centre,High-tech,major convention centre by Pritzker laureate Fumihiko Maki,https://commons.wikimedia.org/wiki/File:View_of_Makuhari-Messe_from_Nakase_2-chome_crossing.jpg,掬茶,CC BY-SA-3.0,https://creativecommons.org/licenses/by-sa/3.0
ARCH_0466,2,2026-09-26T13:46:06.142Z,5e32980531765922c49d4aa4215791600fa44874b67b6da4a7d633cb675a1a2c,Wexner Center for the Arts,Peter Eisenman,1989,United States,North America,1970-1989,arts centre,Deconstructivism,canonical deconstructivist work,https://commons.wikimedia.org/wiki/File:Wexner_Center_for_the_Arts_S.jpg,RightCowLeftCoast,CC BY-SA-4.0,https://creativecommons.org/licenses/by-sa/4.0
ARCH_0467,2,2026-09-26T13:46:06.166Z,e2e2001d3ab4bfa5806b77171a432fb6f5f6f9ccd6d227b7622477e34ee7ae81,Jawahar Kala Kendra,Charles Correa,1991,India,Asia,1990-2009,arts centre,Critical regionalism,major work of Charles Correa,https://commons.wikimedia.org/wiki/File:2022_July_-_JawaharKalaKendra_Jaipur_13.jpg,Chainwit.,CC BY-SA-4.0,https://creativecommons.org/licenses/by-sa/4.0
ARCH_0468,2,2026-09-26T13:46:06.211Z,290e944460320fde92aa2b1cbc1a9cdef7c77eabba16af181b7c9a6d392e8be8,Norwegian Glacier Museum,Sverre Fehn,1991,Norway,Europe,1990-2009,museum,Nordic modernism,work of Pritzker laureate Sverre Fehn,https://commons.wikimedia.org/wiki/File:Museo_Glaciar_Fjaerland.jpg,Canaan,CC BY-SA-4.0,https://creativecommons.org/licenses/by-sa/4.0
ARCH_0469,2,2026-09-26T13:46:06.226Z,5bdef683cd34b4014a011cedcec0ea1f78da8d3b0dd255340a828d1bc7b3c45f,Biblioteca Nacional Mariano Moreno,"Clorindo Testa, Francisco Bullrich, Alicia Cazzaniga",1992,Argentina,Latin America,1990-2009,library,Brutalism,national library of Argentina,https://commons.wikimedia.org/wiki/File:Biblioteca_Nacional_desde_la_Plaza_Boris_Spivacow.JPG,Sergio Panei Pitrau,CC BY-SA-3.0,https://creativecommons.org/licenses/by-sa/3.0
ARCH_0470,2,2026-09-26T13:46:06.363Z,3a0e9ac100bb88badaf893b48fe05c1e74cee95d871c1f64fd889ea0c063eba8,Clyde Dam,Ministry of Works and Development,1993,New Zealand,Oceania,1990-2009,dam / hydroelectric infrastructure,Industrial,major hydroelectric dam on the Clutha River,https://commons.wikimedia.org/wiki/File:Clyde_Dam_October_2013_001.JPG,Mattinbgn (talk · contribs),CC BY-3.0,https://creativecommons.org/licenses/by/3.0
ARCH_0471,2,2026-09-26T13:46:06.450Z,3b3bd2ef0a3a2e83d92253fdeff44753101494db0503e04221842e05109919f1,Edificio Consorcio Santiago,"Enrique Browne, Borja Huidobro",1993,Chile,Latin America,1990-2009,office building,Bioclimatic contemporary,green-façade office building,"https://commons.wikimedia.org/wiki/File:Edificio_Consorcio,_Las_Condes,_Santiago_20230323_01.jpg",Carlos Figueroa Rojas,CC BY-SA-4.0,https://creativecommons.org/licenses/by-sa/4.0
ARCH_0472,2,2026-09-26T13:46:06.644Z,378e877499844dd8b6730cc529d151f8716040cb0985f186b113eca99e98603a,Hassan II Mosque,Michel Pinseau,1993,Morocco,Africa,1990-2009,mosque,Moroccan contemporary,largest mosque in Africa at completion,"https://commons.wikimedia.org/wiki/File:Hassan_II_Mosque_-_general_framing,_Casablanca,_Morocco.jpg",Tinuzzo,CC BY-4.0,https://creativecommons.org/licenses/by/4.0
ARCH_0473,2,2026-09-26T13:46:06.664Z,8702ab2e5da5b1c89dd2584bf4ceccecae3f1932c9294df2859abb8653e5e105,India Habitat Centre,Joseph Allen Stein,1993,India,Asia,1990-2009,institutional / office complex,Late modernism,major work of Joseph Allen Stein,https://commons.wikimedia.org/wiki/File:IndiaHabitatCentre.jpg,L. Shyamal,CC BY-SA-2.5,https://creativecommons.org/licenses/by-sa/2.5
ARCH_0474,2,2026-09-26T13:46:06.742Z,55f57784054e2f3e0d580973b9afafaf70de25b7185db62f7dbd6fc1928a1bcc,Yokohama Landmark Tower,"Hugh Stubbins, Mitsubishi Estate",1993,Japan,Japan,1990-2009,office tower / hotel,Postmodernism,tallest building in Japan 1993-2014,https://commons.wikimedia.org/wiki/File:Yokohama_Minatomirai_21_Landmark_Tower.jpg,稲妻ノ歯鯨,CC BY-SA-4.0,https://creativecommons.org/licenses/by-sa/4.0
ARCH_0475,2,2026-09-26T13:46:06.878Z,2be740c4a63d1592e297d9c3ffa9f21cde8afdbc600136dea210a16f9aa91f9d,Groninger Museum,"Alessandro Mendini, Philippe Starck, Coop Himmelb(l)au, Michele De Lucchi",1994,Netherlands,Europe,1990-2009,museum,Postmodernism / deconstructivism,widely documented postmodern museum,"https://commons.wikimedia.org/wiki/File:Groningen,_Groninger_Museum_vanaf_de_westkant_IMG_4247_2023-04-02_18.01.jpg",Michielverbeek,CC BY-SA-4.0,https://creativecommons.org/licenses/by-sa/4.0
ARCH_0476,2,2026-09-26T13:46:06.932Z,aa8aa5063328d58818f2ce1b13db19e400225ac39c52a7233286b564fa8fe3b7,Oriental Pearl Tower,Jiang Huancheng,1994,China,Asia,1990-2009,TV tower / infrastructure,Futurism,landmark of Pudong,https://commons.wikimedia.org/wiki/File:Shanghai_Oriental_Pearl_Tower-20150516-RM-123453.jpg,Ermell,CC BY-SA-4.0,https://creativecommons.org/licenses/by-sa/4.0
ARCH_0477,2,2026-09-26T13:46:06.974Z,ae5771f0eb663e3a9a544ad5794647c346de4e60cfdb416f41b757e7bf9aa1a7,ACROS Fukuoka,Emilio Ambasz,1995,Japan,Japan,1990-2009,civic centre / offices,Green architecture,stepped green roof; widely published,https://commons.wikimedia.org/wiki/File:Yakuin-shinkawa_River_and_Acros_Fukuoka_Tenjin-1-ch%C5%8Dme_Ch%C5%AB%C5%8D-ku_Fukuoka_City_20221124.jpg,Hirho,CC BY-SA-4.0,https://creativecommons.org/licenses/by-sa/4.0
ARCH_0478,2,2026-09-26T13:46:07.057Z,32af21bc26be8c55035995585e3fa985a5d92dc1b9f7f64486c89ecb25bd3501,Kuala Lumpur Tower,Kumpulan Senireka,1995,Malaysia,Asia,1990-2009,telecommunications tower / infrastructure,Contemporary Islamic,one of the tallest towers in the world,https://commons.wikimedia.org/wiki/File:21039-Kuala-Lumpur_(35282191983).jpg,xiquinhosilva,CC BY-2.0,https://creativecommons.org/licenses/by/2.0
ARCH_0479,2,2026-09-26T13:46:07.092Z,935295a4ebb2f62e3425de77aff77da1fda794061f0b230b944012128af168e8,Storey Hall,ARM Architecture,1995,Australia,Oceania,1990-2009,university building,Postmodern / deconstructivism,RMIT landmark,"https://commons.wikimedia.org/wiki/File:AUS_Melbourne,_Central_Business_District,_RMIT_University_004.jpg",-wuppertaler,CC BY-4.0,https://creativecommons.org/licenses/by/4.0
ARCH_0480,2,2026-09-26T13:46:07.234Z,b659b8e7179fb97f82446a3e495d511c8863777fa753d029e0725ceadc40f106,Toyota Municipal Museum of Art,Yoshio Taniguchi,1995,Japan,Japan,1990-2009,museum,Minimalism,major work of Yoshio Taniguchi,https://commons.wikimedia.org/wiki/File:Toyota_Municipal_Museum_of_Art_VLux5_hdsr_02.jpg,Hyppolyte de Saint-Rambert,CC BY-4.0,https://creativecommons.org/licenses/by/4.0
ARCH_0481,2,2026-09-26T13:46:07.305Z,ecf10ec77e59ecc44e0addf49487624a834ca760c52ab121dc09f1b2bd0a8bb5,Vancouver Public Library Central Branch,Moshe Safdie,1995,Canada,North America,1990-2009,library,Postmodernism,widely documented,https://commons.wikimedia.org/wiki/File:Vancouver_Public_Central_Library_(36907921843).jpg,"GoToVan from Vancouver, Canada",CC BY-2.0,https://creativecommons.org/licenses/by/2.0
ARCH_0482,2,2026-09-26T13:46:07.460Z,aafe9353c91bfd9877e90ae68923e6c32e6b5ce8505e27034fa290ac6a7a00a8,Dancing House,"Frank Gehry, Vlado Milunić",1996,Czech Republic,Europe,1990-2009,office building,Deconstructivism,Pritzker Prize architect; widely documented,https://commons.wikimedia.org/wiki/File:Dancing_House_-_Flickr_-_dgorrz.jpg,Diego Robayo,CC BY-SA-2.0,https://creativecommons.org/licenses/by-sa/2.0
ARCH_0483,2,2026-09-26T13:46:07.529Z,4132b9e58de6072d9a1893abe5ae9382b0c8c43c7d8a1b4a49b21bb0b1c92d85,Erasmus Bridge,Ben van Berkel (UNStudio),1996,Netherlands,Europe,1990-2009,bridge / infrastructure,High-tech structural,icon of Rotterdam,https://commons.wikimedia.org/wiki/File:0_8562_Rotterdam_-_Erasmusbr%C3%BCcke.jpg,W. Bulach,CC BY-SA-4.0,https://creativecommons.org/licenses/by-sa/4.0
ARCH_0484,2,2026-09-26T13:46:07.558Z,e492d980c57b2d90e43b5718cca12e33c05dd732a7b74f872906be98b4a20439,Chapel of St. Ignatius,Steven Holl,1997,United States,North America,1990-2009,chapel,Phenomenological modernism,AIA Honor Award,https://commons.wikimedia.org/wiki/File:Seattle_U_St_Ignatius_35.jpg,Joe Mabel,CC BY-SA-3.0,http://creativecommons.org/licenses/by-sa/3.0/
ARCH_0485,2,2026-09-26T13:46:07.694Z,3f097c55627280076a5ca997906d946809d3eb40929add0b7985004650ee54cd,Kyoto Station Building,Hiroshi Hara,1997,Japan,Japan,1990-2009,railway station / mixed-use,Contemporary,landmark station complex,https://commons.wikimedia.org/wiki/File:130609_Kyoto_Station_Kyoto_Japan03s3.jpg,663highland,CC BY-SA-4.0,https://creativecommons.org/licenses/by-sa/4.0
ARCH_0486,2,2026-09-26T13:46:07.750Z,753d4e9c1a72467bdbedd4b49c148b3e1c248a146bbfb1af28fb26d2a8a8372f,NEMO Science Museum,Renzo Piano,1997,Netherlands,Europe,1990-2009,museum,Contemporary,science museum by Pritzker laureate Renzo Piano,https://commons.wikimedia.org/wiki/File:NEMO_science_center_from_tour_boat_2016-09-12-6565.jpg,Slaunger,CC BY-SA-4.0,https://creativecommons.org/licenses/by-sa/4.0
ARCH_0487,2,2026-09-26T13:46:07.824Z,dc911dc43165b96a60ce4f00ac0045f41b7c97ad65e6afe88bab8fc83d85b027,Tsing Ma Bridge,Mott MacDonald (engineering),1997,China,Asia,1990-2009,bridge / infrastructure,Structural engineering,major suspension bridge of the Hong Kong airport link,https://commons.wikimedia.org/wiki/File:Tsing_Ma_Bridge_25-04-2026(4).jpg,LN9267,CC BY-SA-4.0,https://creativecommons.org/licenses/by-sa/4.0
ARCH_0488,2,2026-09-26T13:46:07.835Z,9d15ef82ef0e75d9b55c1e1738949117c0171f98fac78901e65a3cabef7181c0,WoZoCo,MVRDV,1997,Netherlands,Europe,1990-2009,collective housing (elderly),Contemporary,widely published cantilevered housing,https://commons.wikimedia.org/wiki/File:WoZoCo_Osdorp(Amsterdam)-msu-9247-.jpg,Matthias Süßen,CC BY-SA-4.0,https://creativecommons.org/licenses/by-sa/4.0
ARCH_0489,2,2026-09-26T13:46:07.958Z,0ed840b0a671d7341dcfa6c9a1562e314df8e0e685a6371ac6ee3cf411b82547,Akashi Kaikyō Bridge,Honshu-Shikoku Bridge Authority (engineering),1998,Japan,Japan,1990-2009,bridge / infrastructure,Structural engineering,longest central span of any suspension bridge until 2022,https://commons.wikimedia.org/wiki/File:Kotsubo_kofun_and_Akashi_Kaikyo_bridge_viewed_from_Goshikizuka_kofun_2021-11-28Ak.jpg,m-louis .®,CC BY-SA-2.0,https://creativecommons.org/licenses/by-sa/2.0
ARCH_0490,2,2026-09-26T13:46:08.016Z,e28b128ebcc65bf229aa42c349e213a7dc094f312aaaa1a469383319f3aa9f86,Kiasma,Steven Holl,1998,Finland,Europe,1990-2009,museum,Phenomenological modernism,widely documented; AIA award,https://commons.wikimedia.org/wiki/File:Kiasmamodernartmuseum.JPG,Paasikivi,CC BY-SA-3.0,https://creativecommons.org/licenses/by-sa/3.0
ARCH_0491,2,2026-09-26T13:46:08.099Z,b9643bd6421efca7293c4dfa1608d8e6a4470017789632274276aee78622cf08,Museum of New Zealand Te Papa Tongarewa,Jasmax,1998,New Zealand,Oceania,1990-2009,museum,Contemporary,national museum of New Zealand,"https://commons.wikimedia.org/wiki/File:Te_Papa_(National_Museum),_Wellington.jpg",Phillip Capper,CC BY-2.0,https://creativecommons.org/licenses/by/2.0
ARCH_0492,2,2026-09-26T13:46:08.154Z,b25496824cfc6883529f36dbca38a6eef7d857cb16a896fff201c051e05afbc9,Black Diamond (Royal Danish Library),Schmidt Hammer Lassen,1999,Denmark,Europe,1990-2009,library,Contemporary,extension of the Royal Danish Library,https://commons.wikimedia.org/wiki/File:The_Black_Diamond_Royal_Danish_Library_Copenhagen_Slotsholmen_2014_01.jpg,Julian Herzog (Website),CC BY-4.0,https://creativecommons.org/licenses/by/4.0
ARCH_0493,2,2026-09-26T13:46:08.249Z,65a37244774a021c4fab9fe9187718ea892aed5bcdc3b785fdff25f4154622fe,GSW Headquarters,Sauerbruch Hutton,1999,Germany,Europe,1990-2009,office building,Contemporary / ecological,widely published low-energy office tower,https://commons.wikimedia.org/wiki/File:Berlin_GSW_dk3586.jpg,DrKssn,CC BY-SA-3.0,https://creativecommons.org/licenses/by-sa/3.0
ARCH_0494,2,2026-09-26T13:46:08.411Z,c5084289a241c4ec26212e353d31f64b343a5a3faf5e06faee5a0327f85ec6d5,Makino Museum of Plants and People,Hiroshi Naito,1999,Japan,Japan,1990-2009,museum,Contemporary timber,widely published timber museum,https://commons.wikimedia.org/wiki/File:200104_Kochi_Prefectural_Makino_Botanical_Garden01s5.jpg,663highland,CC BY-SA-4.0,https://creativecommons.org/licenses/by-sa/4.0
ARCH_0495,2,2026-09-26T13:46:08.443Z,9428fa99c4d7eb72786075bb40bb3028dd5ed0df18afd0e4ce0910398a2df138,Kunstmuseum Liechtenstein,Morger Degelo Kerez,2000,Liechtenstein,Europe,1990-2009,museum,Minimalism,national museum of modern art of Liechtenstein,https://commons.wikimedia.org/wiki/File:Kunstmuseum_Liechtenstein_4.JPG,böhringer friedrich,CC BY-SA-2.5,https://creativecommons.org/licenses/by-sa/2.5
ARCH_0496,2,2026-09-26T13:46:08.542Z,656858a8fee9f1fa33a4125b33421ebba3f079442966390b0c8f5893af7e4980,Peckham Library,Alsop & Störmer,2000,United Kingdom,Europe,1990-2009,library,Contemporary,RIBA Stirling Prize 2000,https://commons.wikimedia.org/wiki/File:Peckham_Library_4887362411.jpg,CGP Grey,CC BY-2.0,https://creativecommons.org/licenses/by/2.0
ARCH_0497,2,2026-09-26T13:46:08.698Z,af497ae973ceedba605a57c992a2bc46f7340f4b97ccd647e514143365ecb697,Rose Center for Earth and Space,James Stewart Polshek,2000,United States,North America,1990-2009,museum / planetarium,Late modernism / glass,AIA award; widely documented,https://commons.wikimedia.org/wiki/File:Rose_Center_for_Earth_and_Space_(48269592776).jpg,"Ajay Suresh from New York, NY, USA",CC BY-2.0,https://creativecommons.org/licenses/by/2.0
ARCH_0498,2,2026-09-26T13:46:08.774Z,d3bfb56577658086c1ea6c51b8eed5fddfcca75fbf8a1672f0d2636da9131cb6,Sibelius Hall,"Hannu Tikka, Kimmo Lintula",2000,Finland,Europe,1990-2009,concert hall,Contemporary timber,large timber public building,https://commons.wikimedia.org/wiki/File:Sibelius_hall_Lahti.jpg,kallerna,CC BY-SA-4.0,https://creativecommons.org/licenses/by-sa/4.0
ARCH_0499,2,2026-09-26T13:46:08.916Z,b5d1801b1033edcccf78436bb5e249645409937f9eb9d07e14e49f6e734d738f,Sony Center,Helmut Jahn,2000,Germany,Europe,1990-2009,mixed-use complex,High-tech,landmark of Potsdamer Platz,https://commons.wikimedia.org/wiki/File:Sony_center_berlin.JPG,Tanweer Morshed,CC BY-SA-3.0,https://creativecommons.org/licenses/by-sa/3.0
ARCH_0500,2,2026-09-26T13:46:09.034Z,51811c57658747959a1547a4147ceee574287bef338190c6eae2dff5855d823c,The Lowry,Michael Wilford,2000,United Kingdom,Europe,1990-2009,theatre / arts centre,Contemporary,landmark of Salford Quays,"https://commons.wikimedia.org/wiki/File:The_Lowry,_July_2016_(01).JPG",Ardfern,CC BY-SA-4.0,https://creativecommons.org/licenses/by-sa/4.0
ARCH_0501,2,2026-09-26T13:46:09.110Z,5e9fd83fa35b0db48a25e8a3b532a24e9d2c11f61f1f05307faec0e07c1f0897,Øresund Bridge,"Georg Rotne (architect), ISC Consulting Engineers",2000,Denmark,Europe,1990-2009,bridge / infrastructure,Structural engineering,longest combined road and rail bridge in Europe,"https://commons.wikimedia.org/wiki/File:%C3%98resund_Bridge,_%C3%96resundsbron.jpg",Lars A,CC BY-SA-4.0,https://creativecommons.org/licenses/by-sa/4.0
ARCH_0502,2,2026-09-26T13:46:09.149Z,7bf4fecdf9a8fde21114834925d8bfd00bfbfb3d3150a62176e5a84f9a9cee78,Apartheid Museum,Mashabane Rose Associates and others,2001,South Africa,Africa,1990-2009,museum,Contemporary,major South African museum,https://commons.wikimedia.org/wiki/File:Apartheidmuseumpool.JPG,User:Katangais,CC BY-SA-3.0,https://creativecommons.org/licenses/by-sa/3.0
ARCH_0503,2,2026-09-26T13:46:09.202Z,3dc888ae96d916768b5345a609f738a7a69a5428c0bc19055a76a358eafbf111,Gateshead Millennium Bridge,WilkinsonEyre,2001,United Kingdom,Europe,1990-2009,bridge / infrastructure,High-tech structural,RIBA Stirling Prize 2002,"https://commons.wikimedia.org/wiki/File:Gateshead_Millennium_Bridge,_5_January_2012_(1).jpg","Neil Turner from Sowerby Bridge, United Kingdom",CC BY-SA-2.0,https://creativecommons.org/licenses/by-sa/2.0
ARCH_0504,2,2026-09-26T13:46:09.228Z,40fb97ea4d2417040d1f845af2329a2d9b11a7b0860a3dec0126006f8a484407,Maishima Incineration Plant,Friedensreich Hundertwasser,2001,Japan,Japan,1990-2009,waste incineration plant,Expressionist / decorative,landmark industrial building in Osaka Bay,https://commons.wikimedia.org/wiki/File:Maishima_waste_treatment_center_Osaka_JPN_001.jpg,ignis,CC BY-SA-3.0,http://creativecommons.org/licenses/by-sa/3.0/
ARCH_0505,2,2026-09-26T13:46:09.379Z,0685bfc62e66aa76083472e1eda902243682d3510832344683b6f85566e66782,Mumok,Ortner & Ortner,2001,Austria,Europe,1990-2009,museum,Contemporary,part of the MuseumsQuartier,https://commons.wikimedia.org/wiki/File:Wien_Museumsplatz_1_mumok.jpg,Isiwal,CC BY-SA-3.0,https://creativecommons.org/licenses/by-sa/3.0
ARCH_0506,2,2026-09-26T13:46:10.350Z,782e5ddd35da1e87147512cd5f303f95ebd0719e03c655b9a40bcdc393094ad4,Paul-Löbe-Haus,Stephan Braunfels,2001,Germany,Europe,1990-2009,parliamentary offices,Contemporary,Bundestag building in the Band des Bundes,"https://commons.wikimedia.org/wiki/File:Paul-L%C3%B6be-Haus,_Berlin-Mitte,_151024,_ako.jpg",Ansgar Koreng,CC BY-SA-3.0-DE,https://creativecommons.org/licenses/by-sa/3.0/de/deed.en
ARCH_0507,2,2026-09-26T13:46:10.502Z,d4b8bbd14d8e0dd49c056f27b8f4576ab2657e0309b534c3d47af7f58b6794d2,Sultan Qaboos Grand Mosque,Mohammed Saleh Makiya (Quad Design),2001,Oman,Middle East,1990-2009,mosque,Contemporary Islamic,main mosque of Oman,"https://commons.wikimedia.org/wiki/File:Muscat,_moschea_del_sultano_qaboos,_esterno_01.jpg",Francesco Bini,CC BY-SA-4.0,https://creativecommons.org/licenses/by-sa/4.0
ARCH_0508,2,2026-09-26T13:46:10.533Z,ba9dcb4160ae332e873c013ded0ffed22151699d8864a3c64d10aa5977b2345a,Auditorium Parco della Musica,Renzo Piano,2002,Italy,Europe,1990-2009,concert hall complex,Contemporary,Pritzker Prize architect,https://commons.wikimedia.org/wiki/File:WTTC_-_Auditorium_Parco_della_Musica_-_GS_Rome_(54819520486).jpg,World Travel &amp; Tourism Council,CC BY-4.0,https://creativecommons.org/licenses/by/4.0
ARCH_0509,2,2026-09-26T13:46:10.867Z,91735b7dedbbae8df1acf7468eae311b3f4acfa3a225791f6df78d12d27425d4,Cathedral of Our Lady of the Angels,Rafael Moneo,2002,United States,North America,1990-2009,church,Contemporary,Pritzker Prize architect,https://commons.wikimedia.org/wiki/File:Exterior_of_Cathedral_of_Our_Lady_of_the_Angels_dllu.jpg,Daniel L. Lu (user:dllu),CC BY-SA-4.0,https://creativecommons.org/licenses/by-sa/4.0
ARCH_0510,2,2026-09-26T13:46:10.903Z,da5cf9a80586a80e39530c31e4685c90aee3de10c23d886d8196350452065b5b,Imperial War Museum North,Daniel Libeskind,2002,United Kingdom,Europe,1990-2009,museum,Deconstructivism,RIBA award; widely documented,https://commons.wikimedia.org/wiki/File:IWMNorth.JPG,Bernard Randall,CC BY-SA-3.0,https://creativecommons.org/licenses/by-sa/3.0
ARCH_0511,2,2026-09-26T13:46:10.911Z,303ccf9c500273e1f04a829a21adb37fee13f770ee1e83ce4d5b981735f27b3f,Kingdom Centre,"Ellerbe Becket, Omrania",2002,Saudi Arabia,Middle East,1990-2009,office tower,Contemporary,Emporis Skyscraper Award 2002,https://commons.wikimedia.org/wiki/File:Kingdomcentreinriyadhsaudiarabia.JPG,King Eliot,CC BY-SA-3.0,https://creativecommons.org/licenses/by-sa/3.0
ARCH_0512,2,2026-09-26T13:46:11.022Z,a7e11c0e37a25b748f541b46b5f3fc09edfd1cd34fffbdf5324a7b2a9f1bf9ec,Oasis 21,Obayashi Corporation,2002,Japan,Japan,1990-2009,bus terminal / public space,Contemporary,"glass ""water spaceship"" roof",https://commons.wikimedia.org/wiki/File:Oasis_21_and_Nagoya_TV_Tower.JPG,Alpsdake,CC BY-SA-4.0,https://creativecommons.org/licenses/by-sa/4.0
ARCH_0513,2,2026-09-26T13:46:11.104Z,1abe6f35fe44acfbd1a98a8c5dccf0dc00913ae4e13f101ff0b5406e35fbe305,Simmons Hall MIT,Steven Holl,2002,United States,North America,1990-2009,university dormitory,Phenomenological modernism,AIA Honor Award,https://commons.wikimedia.org/wiki/File:MIT_Simmons_Hall_(8223261272).jpg,Aleksandr Zykov from Russia,CC BY-SA-2.0,https://creativecommons.org/licenses/by-sa/2.0
ARCH_0514,2,2026-09-26T13:46:11.184Z,cccd3daa933e314af30b346e958f1aa28e7c710ebc5bfce2f602c4f628127b69,Torre Antel,Carlos Ott,2002,Uruguay,Latin America,1990-2009,telecommunications headquarters tower,Contemporary,tallest building in Uruguay,"https://commons.wikimedia.org/wiki/File:Buildings_in_Montevideo,Uruguay.jpg",Sally,CC BY-2.0,https://creativecommons.org/licenses/by/2.0
ARCH_0515,2,2026-09-26T13:46:11.366Z,1c425d825b3f5183f56d0813955e6e89c68cb642652ab76e2cabdcbd12f041ce,Selfridges Birmingham,Future Systems,2003,United Kingdom,Europe,1990-2009,department store,Blob architecture / digital,RIBA award; canonical,"https://commons.wikimedia.org/wiki/File:Selfridges_building,_Birmingham_2024-07-19_4.jpg",The wub,CC BY-SA-4.0,https://creativecommons.org/licenses/by-sa/4.0
ARCH_0516,2,2026-09-26T13:46:11.384Z,9ac6e93629386f261702fcbb8727f8c66513c54480c57681a9250ae0be5aada9,Naka Incineration Plant,Yoshio Taniguchi,2004,Japan,Japan,1990-2009,waste incineration plant,Minimalism,industrial building by Yoshio Taniguchi,https://commons.wikimedia.org/wiki/File:Naka_Waste_Incineration_Plant_01.jpg,Taisyo,CC BY-SA-3.0,http://creativecommons.org/licenses/by-sa/3.0/
ARCH_0517,2,2026-09-26T13:46:11.429Z,6e40615690c67e6084ea7a735d239f33af4e4f9859954559daf69743828e15c8,Shenzhen Civic Center,"John M. Y. Lee, Michael Timchula",2004,China,Asia,1990-2009,civic centre,Contemporary,landmark of Futian,https://commons.wikimedia.org/wiki/File:Shenzhen_Civic_Center-20110101-RM-125157.jpg,Ermell,CC BY-SA-4.0,https://creativecommons.org/licenses/by-sa/4.0
ARCH_0518,2,2026-09-26T13:46:11.474Z,591262ea7431fcf89c6c1f83a89b8a1f0897079c9874905c2636f7bdf73ae4be,Taipei 101,C.Y. Lee & Partners,2004,Taiwan,Asia,1990-2009,office tower,Postmodern with Chinese forms,tallest building in the world 2004-2009,"https://commons.wikimedia.org/wiki/File:Taipei,_November_25,_2024_-_008.jpg",Another Believer,CC BY-SA-4.0,https://creativecommons.org/licenses/by-sa/4.0
ARCH_0519,2,2026-09-26T13:46:11.593Z,16f51c69b53d30a446a3c5860eccd42095786cfd836bc84e772876b05c174887,Kunstmuseum Stuttgart,Hascher Jehle Architektur,2005,Germany,Europe,1990-2009,museum,Minimalism,glass cube on Schlossplatz,https://commons.wikimedia.org/wiki/File:Stuttgart_Kunstmuseum.jpg,Schlaier,CC BY-SA-3.0,https://creativecommons.org/licenses/by-sa/3.0
ARCH_0520,2,2026-09-26T13:46:11.645Z,b11b41d66ccba215394cb37f22f90bacd2cfd2e619de53759faf6f2728a845cd,Nagasaki Prefectural Art Museum,"Kengo Kuma, Nihon Sekkei",2005,Japan,Japan,1990-2009,museum,Contemporary,museum spanning a canal,https://commons.wikimedia.org/wiki/File:Nagasaki_Prefectural_Art_Museum_ac_(1).jpg,Asturio Cantabrio,CC BY-SA-4.0,https://creativecommons.org/licenses/by-sa/4.0
ARCH_0521,2,2026-09-26T13:46:11.774Z,9501677f02d4703c377880627a06d4bd955aa94e2989c101f9eafb14bf169529,National Library Singapore,T. R. Hamzah & Yeang,2005,Singapore,Asia,1990-2009,library,Bioclimatic contemporary,Green Mark Platinum library,"https://commons.wikimedia.org/wiki/File:Librer%C3%ADa_nacional,_Singapur,_2023-08-17,_DD_15.jpg",Diego Delso,CC BY-SA-4.0,https://creativecommons.org/licenses/by-sa/4.0
ARCH_0522,2,2026-09-26T13:46:11.840Z,30895e687aa892a961334d45bdc3cf387b3e8acbddd77ccc5a360b4b0cb0b76f,Palau de les Arts Reina Sofía,Santiago Calatrava,2005,Spain,Europe,1990-2009,opera house,Structural expressionism,centrepiece of the City of Arts and Sciences,"https://commons.wikimedia.org/wiki/File:Palacio_de_las_Artes_Reina_Sof%C3%ADa,_Ciudad_de_las_Artes_y_las_Ciencias,_Valencia,_Espa%C3%B1a,_2014-06-29,_DD_34.JPG",Diego Delso,CC BY-SA-3.0,https://creativecommons.org/licenses/by-sa/3.0
ARCH_0523,2,2026-09-26T13:46:11.859Z,433bccc47bed5a3a7c14162ac75d8851f00c3b2342b90bf5a11daf58de545f4a,Santa Caterina Market,"Enric Miralles, Benedetta Tagliabue",2005,Spain,Europe,1990-2009,market hall,Contemporary,widely published market renovation,https://commons.wikimedia.org/wiki/File:Santa_Caterina_Market_(31711037104).jpg,Los Paseos from Earth,CC BY-SA-2.0,https://creativecommons.org/licenses/by-sa/2.0
ARCH_0524,2,2026-09-26T13:46:11.888Z,cb600024e6e1fdcb9492d6b2f7c3cecc81f1f5f665bccd9cf9512d031960524b,VM Houses,"BIG, JDS Architects",2005,Denmark,Europe,1990-2009,collective housing,Contemporary,Forum AID award 2006,https://commons.wikimedia.org/wiki/File:VM_Houses.jpg,cjreddaway,CC BY-2.0,https://creativecommons.org/licenses/by/2.0
ARCH_0525,2,2026-09-26T13:46:12.044Z,0f4c50d5ac94be16472db1716963228b5c7d336525da0108ef788dff0b6b46bf,Aomori Museum of Art,Jun Aoki,2006,Japan,Japan,1990-2009,museum,Contemporary,widely published museum next to the Sannai-Maruyama site,https://commons.wikimedia.org/wiki/File:140913_Aomori_Museum_of_Art_Japan02bs3.jpg,663highland,CC BY-2.5,https://creativecommons.org/licenses/by/2.5
ARCH_0526,2,2026-09-26T13:46:12.088Z,1ddc98892784bc7e5c275e12a28470a60be81dd37374c6e45a58fd1760de838d,Gallery of Modern Art Brisbane,Architectus,2006,Australia,Oceania,1990-2009,museum,Contemporary,Queensland Gallery of Modern Art,https://commons.wikimedia.org/wiki/File:Queensland_Gallery_of_Modern_Art_east_and_north_facade.jpg,Kgbo,CC BY-SA-4.0,https://creativecommons.org/licenses/by-sa/4.0
ARCH_0527,2,2026-09-26T13:46:12.103Z,8797e5587683073022759382cd5af90336eb634f96925b4a5d7443a5f99be96c,Orquideorama,"Plan:B Arquitectos, JPRCR Arquitectos",2006,Colombia,Latin America,1990-2009,pavilion / botanical garden,Contemporary timber,Iberoamerican Architecture Biennial award,https://commons.wikimedia.org/wiki/File:Orquideorama_Jardin_Botanico_4.jpg,User: (WT-shared) CONOCER at  wts wikivoyage,CC BY-SA-4.0,https://creativecommons.org/licenses/by-sa/4.0
ARCH_0528,2,2026-09-26T13:46:12.158Z,b4443cb4bd43a8694533d9227a7b4e03950b106be9d8a3b072e0e6d50a99e06d,Senedd,Richard Rogers,2006,United Kingdom,Europe,1990-2009,parliament,High-tech / sustainable,Pritzker Prize architect; RIBA award,https://commons.wikimedia.org/wiki/File:Senedd_Cymru_(51539131452).jpg,"Daniel from Glasgow, United Kingdom",CC BY-2.0,https://creativecommons.org/licenses/by/2.0
ARCH_0529,2,2026-09-26T13:46:12.235Z,d398ca243c4154a0115506d430087318b5568d9d48cbcb8dadafc7eb1aa9e133,BMW Welt,Coop Himmelb(l)au,2007,Germany,Europe,1990-2009,showroom / event building,Deconstructivism,widely documented,"https://commons.wikimedia.org/wiki/File:BMW_Welt,_M%C3%BAnich,_Alemania,_2013-04-22,_DD_02.jpg",Diego Delso,CC BY-SA-3.0,https://creativecommons.org/licenses/by-sa/3.0
ARCH_0530,2,2026-09-26T13:46:12.284Z,d867d1c1effda11956970a536e92b1c484b2d996aeb36dbf41c6a10dad328512,Bruder Klaus Field Chapel,Peter Zumthor,2007,Germany,Europe,1990-2009,chapel,Minimalism,Pritzker Prize architect; widely documented,https://commons.wikimedia.org/wiki/File:Chapel_in_the_fields.jpg,Hausleiten,CC BY-SA-4.0,https://creativecommons.org/licenses/by-sa/4.0
ARCH_0531,2,2026-09-26T13:46:12.416Z,f200d5960d98d341a16da56d6e7ab9c2ed5890f0520bb92fd3cfce4526b7a88c,Parque Explora,Alejandro Echeverri,2007,Colombia,Latin America,1990-2009,museum,Contemporary,science museum of Medellín,"https://commons.wikimedia.org/wiki/File:Parque_Explora_(Medell%C3%ADn,_Colombia).JPG",Averpues,CC BY-SA-4.0,https://creativecommons.org/licenses/by-sa/4.0
ARCH_0532,2,2026-09-26T13:46:12.525Z,ea480c1e25f9d0395f3378bfb2b0914f04cd29a1823b316eb0b05ecc9eaf611f,Beijing National Aquatics Center,"PTW Architects, CSCEC, Arup",2008,China,Asia,1990-2009,sports venue,Contemporary,Water Cube of the 2008 Olympics,https://commons.wikimedia.org/wiki/File:Beijing_National_Aquatics_Centre_(20211124112125).jpg,N509FZ,CC BY-SA-4.0,https://creativecommons.org/licenses/by-sa/4.0
ARCH_0533,2,2026-09-26T13:46:12.639Z,dc3de89470b7f7bde31fd524d396a54a2146dbd347bb13f99e220e125d59ee4f,Grand Lisboa,Dennis Lau & Ng Chun Man Architects,2008,China,Asia,1990-2009,hotel / casino tower,Contemporary,landmark of Macau,https://commons.wikimedia.org/wiki/File:Grand_Lisboa_19-01-2023.jpg,LN9267,CC BY-SA-4.0,https://creativecommons.org/licenses/by-sa/4.0
ARCH_0534,2,2026-09-26T13:46:12.692Z,7476459a5cba01fd25dc530a42d2a9549485fe71cb2f6022ae9e0938bc4c1c43,KAIT Workshop,Junya Ishigami,2008,Japan,Japan,1990-2009,university workshop,Contemporary,Architectural Institute of Japan Prize 2009,https://commons.wikimedia.org/wiki/File:KAIT_Workshop_Junya_Ishigami_external_view.JPG,Epiq,CC BY-SA-3.0,https://creativecommons.org/licenses/by-sa/3.0
ARCH_0535,2,2026-09-26T13:46:12.834Z,0b65b6912931c1ec28d492f0620c4a07eabdb08e4e5c529ab2953575582ce5bf,Kalmar Museum of Art,Tham & Videgård,2008,Sweden,Europe,1990-2009,museum,Contemporary timber,widely published Swedish museum,https://commons.wikimedia.org/wiki/File:Kalmar._Kalmar_konstmuseum_0.JPG,"Bernt Fransson,Lindås",CC BY-SA-4.0,https://creativecommons.org/licenses/by-sa/4.0
ARCH_0536,2,2026-09-26T13:46:12.944Z,9c50f9cccefb71fbc26c3ba68ba5e919ee8c241d9214cb9f57786b87517d72c6,Mode Gakuen Cocoon Tower,Tange Associates,2008,Japan,Japan,1990-2009,school tower,Contemporary,Emporis Skyscraper Award 2008,"https://commons.wikimedia.org/wiki/File:Cocoon_Building,_Shinjuku_(53416679451).jpg","Stephen Kelly from San Francisco, CA, USA",CC BY-2.0,https://creativecommons.org/licenses/by/2.0
ARCH_0537,2,2026-09-26T13:46:12.970Z,3d924c7e06072a4216e9ab7e6a9c0d8caa20114614531de5c2549d1f4054bcad,Octávio Frias de Oliveira Bridge,João Valente Filho (engineering),2008,Brazil,Latin America,1990-2009,cable-stayed bridge / infrastructure,Structural engineering,landmark of São Paulo,"https://commons.wikimedia.org/wiki/File:Ponte_Oct%C3%A1vio_Frias_de_Oliveira,_S%C3%A3o_Paulo,_Brasil.jpg",ikedaleo,CC0,http://creativecommons.org/publicdomain/zero/1.0/deed.en
ARCH_0538,2,2026-09-26T13:46:13.030Z,31023ded0b1f751961f33af39c8b18f36bc4c7c45f0a1960098ac563ecea7407,Shanghai World Financial Center,Kohn Pedersen Fox,2008,China,Asia,1990-2009,office tower,Contemporary,Emporis Skyscraper Award 2008,https://commons.wikimedia.org/wiki/File:20090426_5223_Shanghai_JinMao_SWFC.jpg,Architect (Jin Mao Tower): Adrian SmithArchitect(SWFC): Kohn Pedersen FoxPhotographer:Jakub Hałun,CC BY-SA-3.0,https://creativecommons.org/licenses/by-sa/3.0
ARCH_0539,2,2026-09-26T13:46:13.107Z,c97d9ade7e10019a9c284ab30adc06c77a0e604a2890ffa384b19e56fca881be,Casa das Histórias Paula Rego,Eduardo Souto de Moura,2009,Portugal,Europe,1990-2009,museum,Minimalism,Pritzker Prize architect,https://commons.wikimedia.org/wiki/File:Casa_das_Hist%C3%B3rias_IMG_0298_(6100981277).jpg,"準建築人手札網站 Forgemind ArchiMedia from Taichung, Taiwan, Taiwan",CC BY-2.0,https://creativecommons.org/licenses/by/2.0
ARCH_0540,2,2026-09-26T13:46:13.137Z,f4910bf6dd5a47dbf773055ea70a0501927c1d7aec5ac139e351725c923c0678,Moses Mabhida Stadium,gmp Architekten,2009,South Africa,Africa,1990-2009,stadium,Contemporary,2010 FIFA World Cup stadium,https://commons.wikimedia.org/wiki/File:Moses_Stadium.jpeg,Ainsleykg,PD,
ARCH_0541,2,2026-09-26T13:46:13.286Z,9e44de4b623d212b5783ad8d85d516d690530bde5550c79993c6c7cb1b1aa923,Pinnacle@Duxton,"ARC Studio Architecture + Urbanism, RSP Architects",2009,Singapore,Asia,1990-2009,public housing,Contemporary,tallest public housing in Singapore; linked sky gardens,https://commons.wikimedia.org/wiki/File:The_Pinnacle@Duxton_(I).jpg,"This Photo was taken by Supanut Arunoprayote.

Feel free to use any of my images, but please mention me as the author and may send me a message.  (สามารถใช้ภาพได้อิสระ แต่กรุณาใส่เครดิตผู้ถ่ายและอาจส่งข้อความบอกกล่าวด้วย) 



Please do not upload an updated image here without consultation with the Author. The author would like to make corrections only at his own source. This ensures that the changes are preserved.Please if you think that any changes should be required, please inform the author.Otherwise you can upload a new image with a new name. Please use one of the templates derivative or extract.",CC BY-4.0,https://creativecommons.org/licenses/by/4.0
ARCH_0542,2,2026-09-26T13:46:13.348Z,95da6aea0025b01402dba4cd919904aa4a6f8782eb25e28af2934327e31b78ad,Unilever House Hamburg,Behnisch Architekten,2009,Germany,Europe,1990-2009,office building,Contemporary,World Architecture Festival office award 2009,https://commons.wikimedia.org/wiki/File:Unilever_House_Marco_Polo_Tower_Hamburg_Germany.jpg,ChristianSchd,CC BY-SA-3.0,https://creativecommons.org/licenses/by-sa/3.0
ARCH_0543,2,2026-09-26T13:46:13.405Z,ebdba2fd0d29e6cc45a1fd7c26e49731a61b2aed8c4b962ee36c3ef014833de0,Vodafone Headquarters Porto,Barbosa & Guimarães,2009,Portugal,Europe,1990-2009,office building,Deconstructivism,widely documented; multiple awards,https://commons.wikimedia.org/wiki/File:Edificio_Vodafone_(Porto).jpg,Rititaneves,CC BY-SA-3.0,https://creativecommons.org/licenses/by-sa/3.0
ARCH_0544,2,2026-09-26T13:46:13.455Z,c857175ea2aba84e77140533cc9d9595db23834a567c23d22ca3c6dc4ca0ede1,Bridge of Peace,Michele De Lucchi,2010,Georgia,Middle East,2010-today,pedestrian bridge / infrastructure,Contemporary,glass pedestrian bridge over the Kura,https://commons.wikimedia.org/wiki/File:Tbilisi_Peace_Bridge_and_Kura_River_by_Falco.jpg,falco,CC0,http://creativecommons.org/publicdomain/zero/1.0/deed.en
ARCH_0545,2,2026-09-26T13:46:13.484Z,716971bd52909f6809586110a0c33c01cea9ad6aa5644b34c32aaa3ebeb53342,Canton Tower,"Information Based Architecture (Mark Hemel, Barbara Kuit)",2010,China,Asia,2010-today,TV tower / infrastructure,Contemporary structural,one of the tallest towers in the world,https://commons.wikimedia.org/wiki/File:View_of_Canton_Tower_from_Huacheng_Square.jpg,そらみみ,CC BY-SA-4.0,https://creativecommons.org/licenses/by-sa/4.0
ARCH_0546,2,2026-09-26T13:46:13.538Z,84cd12c78bdfcc753f43a16a11da217f8a8efef4fa3949ed20d668668cdbeabc,Convention Centre Dublin,Kevin Roche,2010,Ireland,Europe,2010-today,congress centre,Contemporary,last major work of Pritzker laureate Kevin Roche in Europe,https://commons.wikimedia.org/wiki/File:Dublin_The_Convention_Centre_01.JPG,J.-H. Janßen,CC BY-SA-3.0,https://creativecommons.org/licenses/by-sa/3.0
ARCH_0547,2,2026-09-26T13:46:13.611Z,a74582db13e71761249b545a7698d612517cb6c882d1d9f49d069586ea044080,Gabriela Mistral Cultural Centre,Cristián Fernández Arquitectos,2010,Chile,Latin America,2010-today,cultural centre,Contemporary,renovation of the UNCTAD III building,"https://commons.wikimedia.org/wiki/File:Centro_Cultural_Gabriela_Mistral,_Santiago_20230422.jpg",Carlos yo,CC BY-SA-4.0,https://creativecommons.org/licenses/by-sa/4.0
ARCH_0548,2,2026-09-26T13:46:13.662Z,95e904cdf7833430051c1162f5172aec421c01229b4eaffe877f79eaba63bf0e,School of the Arts Singapore,WOHA,2010,Singapore,Asia,2010-today,school,Tropical contemporary,World Architecture Festival award 2010,"https://commons.wikimedia.org/wiki/File:Bras_Basah_Road,_School_of_the_Arts_and_Rendezvous_Hotel,_Singapore_-_20100316.jpg","Andy Mitchell from Glasgow, UK.",CC BY-SA-2.0,https://creativecommons.org/licenses/by-sa/2.0
ARCH_0549,2,2026-09-26T13:46:13.698Z,1ca9fd73f790e9ac5487b8b8b493281d0d5d2ac41255c6d1c61f059dec1c104a,VitraHaus,Herzog & de Meuron,2010,Germany,Europe,2010-today,showroom,Contemporary,Pritzker Prize architects,https://commons.wikimedia.org/wiki/File:Weil_am_Rhein_-_Vitra_Haus2.jpg,Taxiarchos228,CC BY-3.0,https://creativecommons.org/licenses/by/3.0
ARCH_0550,2,2026-09-26T13:46:13.754Z,90cee6af4ce14e7664e86daa3978fee5d7c739473beaebf506535e2e63404d16,Busan Cinema Center,Coop Himmelb(l)au,2011,South Korea,Asia,2010-today,cinema centre,Deconstructivism,home of the Busan International Film Festival,https://commons.wikimedia.org/wiki/File:Busan_Cinema_Center_BIFF_2023.jpg,399scout,CC BY-SA-4.0,https://creativecommons.org/licenses/by-sa/4.0
ARCH_0551,2,2026-09-26T13:46:13.795Z,69ddd37a24047e17868c0e7c5e157fd2a11f55873600929bd4ffd8e2b9dc4f6c,Butaro District Hospital,MASS Design Group,2011,Rwanda,Africa,2010-today,hospital,Contemporary,widely published public hospital,https://commons.wikimedia.org/wiki/File:Butaro_Hospital.jpg,François Terrier,CC BY-2.0,https://creativecommons.org/licenses/by/2.0
ARCH_0552,2,2026-09-26T13:46:13.836Z,cae0041f2e0a5881c111cab9e4d5a0a403948ce77a7a36581b0a1a44bff648c5,Kanazawa Umimirai Library,"Coelacanth K&H (Kazumi Kudo, Hiroshi Horiba)",2011,Japan,Japan,2010-today,library,Contemporary,widely published perforated-box library,https://commons.wikimedia.org/wiki/File:Kanazawa_Umimirai_Library_exterior_ac_(4).jpg,Asturio Cantabrio,CC BY-SA-4.0,https://creativecommons.org/licenses/by-sa/4.0
ARCH_0553,2,2026-09-26T13:46:13.899Z,ea072299f3b5a7ca6fc6c15feb3ca1a140465c944a07f15263bbdced409ccfd9,Museum aan de Stroom,Neutelings Riedijk,2011,Belgium,Europe,2010-today,museum,Contemporary,landmark of the Antwerp docks,"https://commons.wikimedia.org/wiki/File:Museum_aan_de_stroom_2013-05-20,_1.JPG",Jürgen Heimann,CC BY-3.0,https://creativecommons.org/licenses/by/3.0
ARCH_0554,2,2026-09-26T13:46:14.028Z,2561adc0bce2fb2359733e48472e6faca5954feb8c4d669449212dfc9a131baa,EYE Filmmuseum,Delugan Meissl,2012,Netherlands,Europe,2010-today,museum / cinema,Contemporary sculptural,national film museum,https://commons.wikimedia.org/wiki/File:Amsterdam_Eye_filmmuseum_at_the_IJ_-_panoramio.jpg,Henk Monster,CC BY-3.0,https://creativecommons.org/licenses/by/3.0
ARCH_0555,2,2026-09-26T13:46:14.215Z,c50e4c6932e26445359b2dd216a37f81995c81db1f263d5105ee92c473dc182a,Flame Towers,HOK,2012,Azerbaijan,Middle East,2010-today,mixed-use towers,Contemporary,landmark of Baku,https://commons.wikimedia.org/wiki/File:Flame_Towers_von_der_Uferpromenade.jpg,KeuleKeulmann,CC BY-SA-4.0,https://creativecommons.org/licenses/by-sa/4.0
ARCH_0556,2,2026-09-26T13:46:14.371Z,a257ca86e226314a2ce1f50b5baa41a709c9101bfe1678c40552be98eeedebd5,Gran Torre Santiago,César Pelli,2012,Chile,Latin America,2010-today,office tower,Contemporary,tallest building in South America,https://commons.wikimedia.org/wiki/File:Vista_Costanera_Center_I.jpg,Rjcastillo,CC BY-SA-4.0,https://creativecommons.org/licenses/by-sa/4.0
ARCH_0557,2,2026-09-26T13:46:14.416Z,15c8b4bd2dfab7612c3db96959f9b47d863bf8e4b05d442516600b34ad21f7c4,Kilden Performing Arts Centre,ALA Architects,2012,Norway,Europe,2010-today,theatre / concert hall,Contemporary / timber,widely documented; multiple awards,https://commons.wikimedia.org/wiki/File:Kilden_konsert-_og_teaterhus.jpg,Knut Arne Gjertsen,CC BY-SA-4.0,https://creativecommons.org/licenses/by-sa/4.0
ARCH_0558,2,2026-09-26T13:46:14.577Z,7a230f12d7d3b6f50d52ef15bc38fd3d0db5cf1d51e5740c32202e4c6fd3372b,Louvre-Lens,"Kazuyo Sejima, Ryue Nishizawa",2012,France,Europe,2010-today,museum,Minimalism,Pritzker Prize architects; EU Mies Award shortlist,https://commons.wikimedia.org/wiki/File:Louvre-Lens.jpg,JackyM59,CC BY-SA-3.0,https://creativecommons.org/licenses/by-sa/3.0
ARCH_0559,2,2026-09-26T13:46:14.607Z,ce47ebb8d632d679f36143f93f28fe9efb806bb58872289b3dca6019971a55fd,Perth Arena,ARM Architecture,2012,Australia,Oceania,2010-today,sports arena,Contemporary,widely published arena,"https://commons.wikimedia.org/wiki/File:RAC_Arena,_October_2018.jpg",Samuel Wiki,CC0,http://creativecommons.org/publicdomain/zero/1.0/deed.en
ARCH_0560,2,2026-09-26T13:46:14.737Z,55dc57a1d7e042821c4811fd115ae57ad7cfe7b6ce4492d1480b80cfbfd3c55f,Seoul City Hall,iArc (Yoo Kerl),2012,South Korea,Asia,2010-today,city hall,Contemporary,new Seoul City Hall,https://commons.wikimedia.org/wiki/File:Seoul_City_Office_from_Subway_Station.jpg,Umaku,CC BY-SA-4.0,https://creativecommons.org/licenses/by-sa/4.0
ARCH_0561,2,2026-09-26T13:46:14.845Z,3572ae4912b28b2c40071d8c5f77df7b2be12827e7f29ad241faa5d108a4a5fe,Cardboard Cathedral,Shigeru Ban,2013,New Zealand,Oceania,2010-today,cathedral,Contemporary / emergency architecture,transitional cathedral after the 2011 earthquake,https://commons.wikimedia.org/wiki/File:Cardboard_Cathedral_03.JPG,Schwede66,CC BY-SA-3.0,https://creativecommons.org/licenses/by-sa/3.0
ARCH_0562,2,2026-09-26T13:46:14.865Z,e83764f4850074289687c529bae5cc28cfb4b77b2483f8911810141d0c799190,Cidade das Artes,Christian de Portzamparc,2013,Brazil,Latin America,2010-today,concert hall,Contemporary,major concert hall of Rio,https://commons.wikimedia.org/wiki/File:Cidade_das_Artes.jpg,Tomaz Silva/Agência Brasil,CC BY-3.0-BR,https://creativecommons.org/licenses/by/3.0/br/deed.en
ARCH_0563,2,2026-09-26T13:46:14.931Z,c822c2fc389b1ef23696f99cf110e699e6111e9a12499a73202c2e24f3bd0dfe,POLIN Museum of the History of Polish Jews,"Rainer Mahlamäki, Ilmari Lahdelma",2013,Poland,Europe,2010-today,museum,Contemporary,European Museum of the Year 2016,https://commons.wikimedia.org/wiki/File:Museum_of_the_History_of_Polish_Jews_in_Warsaw_building_0011.jpg,Wojciech Kryński,CC BY-SA-3.0-PL,https://creativecommons.org/licenses/by-sa/3.0/pl/deed.en
ARCH_0564,2,2026-09-26T13:46:14.944Z,e7524065a21903fff345ca714604c8d51a06adc083234a32b1d3f85734c4c2b9,Tamedia Office Building,Shigeru Ban,2013,Switzerland,Europe,2010-today,office building,Contemporary timber,timber office by Pritzker laureate Shigeru Ban,https://commons.wikimedia.org/wiki/File:Tamedia_Verlagshaus.JPG,Gustav Broennimann,CC BY-3.0-CH,https://creativecommons.org/licenses/by/3.0/ch/deed.en
ARCH_0565,2,2026-09-26T13:46:15.072Z,d56fb4f30119d5d81e3bdf5e80995dba3f93a9ea9b9b27fbb797f733cf85d230,Biomuseo,Frank Gehry,2014,Panama,Latin America,2010-today,museum,Deconstructivism,only Gehry building in Latin America,https://commons.wikimedia.org/wiki/File:Biomuseo_rear_stereo_pair_R.agr_(cropped).jpg,user:ArnoldReinhold,CC BY-SA-4.0,https://creativecommons.org/licenses/by-sa/4.0
ARCH_0566,2,2026-09-26T13:46:15.188Z,3920bb2a5d6ce4460cbb13050f263b87bf8f09864771092fba5d9cb6a38b7579,Kyoto National Museum Heisei Chishinkan,Yoshio Taniguchi,2014,Japan,Japan,2010-today,museum wing,Minimalism,new wing of the Kyoto National Museum,https://commons.wikimedia.org/wiki/File:Kyoto_National_Museum_(Higashiyama-Ku)_Museum_hdsr_S5_104.jpg,Hyppolyte de Saint-Rambert,CC BY-4.0,https://creativecommons.org/licenses/by/4.0
ARCH_0567,2,2026-09-26T13:46:15.298Z,9f6f89a65fd47b846c49976935b6eaa061484caea7163bcf1cce5f13666e13a9,Markthal Rotterdam,MVRDV,2014,Netherlands,Europe,2010-today,market hall and housing,Contemporary,widely documented; multiple awards,"https://commons.wikimedia.org/wiki/File:Markthal,_Rotterdam,_the_Netherlands_(2017).jpg",Calips,CC BY-SA-3.0,https://creativecommons.org/licenses/by-sa/3.0
ARCH_0568,2,2026-09-26T13:46:15.390Z,40176d2310e3b9304ce8333d3c220ad180742e82c58bc5adb6a65b25ad6d4b91,Moesgaard Museum,Henning Larsen,2014,Denmark,Europe,2010-today,museum,Contemporary,landscape roof museum,"https://commons.wikimedia.org/wiki/File:Moesgaard,_Aarhus_Denemarken_(45511131525).jpg","Nanda Sluijsmans from Den Haag, Nederland",CC BY-SA-2.0,https://creativecommons.org/licenses/by-sa/2.0
ARCH_0569,2,2026-09-26T13:46:15.537Z,7751dbfba71ed741ccf69f8323c72682e62211ef84b5c4605c912eb11929ce5c,Musée des Confluences,Coop Himmelb(l)au,2014,France,Europe,2010-today,museum,Deconstructivism,widely documented,https://commons.wikimedia.org/wiki/File:Lyon_-_Mus%C3%A9e_des_Confluences_(49525806051).jpg,"Fred Romero from Paris, France",CC BY-2.0,https://creativecommons.org/licenses/by/2.0
ARCH_0570,2,2026-09-26T13:46:15.592Z,f17e50d05bce15518ffc991dd62882d752eb14390880cff0309f1dadffa24e55,National Library of Latvia,Gunnar Birkerts,2014,Latvia,Europe,2010-today,library,Contemporary,Castle of Light; national library,https://commons.wikimedia.org/wiki/File:National_Library_(30026353626).jpg,Rob Oo from NL,CC BY-2.0,https://creativecommons.org/licenses/by/2.0
ARCH_0571,2,2026-09-26T13:46:15.675Z,3f46a6694d87aad2b41663a72ec00aa6cc66eed3be196588125bc8b0fb668dd1,Rotterdam Centraal station,"Team CS (Benthem Crouwel, MVRDV, West 8)",2014,Netherlands,Europe,2010-today,railway station,Contemporary,main station of Rotterdam,https://commons.wikimedia.org/wiki/File:Centraal_Station_Rotterdam_(50497384676).jpg,"Nanda Sluijsmans from Den Haag, Nederland",CC BY-SA-2.0,https://creativecommons.org/licenses/by-sa/2.0
ARCH_0572,2,2026-09-26T13:46:15.809Z,474a3c6ad248439ebab00b3839b7ba1633f534ebc99b1a06e7d63058f2c3d1ff,Messner Mountain Museum Corones,Zaha Hadid,2015,Italy,Europe,2010-today,museum,Parametricism,Pritzker Prize architect,https://commons.wikimedia.org/wiki/File:Kronplatzgipfel_mit_dem_Eingang_des_MMM_Corones_(03).jpg,Ordercrazy,CC0,http://creativecommons.org/publicdomain/zero/1.0/deed.en
ARCH_0573,2,2026-09-26T13:46:15.891Z,b97b3dd509f1883d08c30ae74d0426e843a45bb478928e8d6ee0ffcc72f41023,Philharmonie de Paris,Jean Nouvel,2015,France,Europe,2010-today,concert hall,Contemporary,Pritzker Prize architect,https://commons.wikimedia.org/wiki/File:Philharmonie_de_Paris_@_La_Villette_@_Paris_(33892630246).jpg,"Guilhem Vellut from Annecy, France",CC BY-2.0,https://creativecommons.org/licenses/by/2.0
ARCH_0574,2,2026-09-26T13:46:16.073Z,47aba060ff8eba28fc43a3413f8061ac91eeb2bccdbcbc322a9aa090fa98acb6,The Broad,Diller Scofidio + Renfro,2015,United States,North America,2010-today,museum,Contemporary / parametric veil,widely documented,"https://commons.wikimedia.org/wiki/File:Los_Angeles,_United_States_(Unsplash_j5K6ambkGNk).jpg",Tu Tram Pham tutrampham,CC0,http://creativecommons.org/publicdomain/zero/1.0/deed.en
ARCH_0575,2,2026-09-26T13:46:16.117Z,0bcc7f48e837c07233fe451be8cc7b8d686a8fb40f67b30a988a367d06b039d6,The Edge Amsterdam,PLP Architecture,2015,Netherlands,Europe,2010-today,office building,Sustainable architecture,highest BREEAM score at completion; widely cited,https://commons.wikimedia.org/wiki/File:Zuidas_20210512_154826.jpg,MrAronymous,CC BY-SA-4.0,https://creativecommons.org/licenses/by-sa/4.0
ARCH_0576,2,2026-09-26T13:46:16.210Z,9aa16e4b51758981839e2822ff3fd5c0578498f5a9f2b370ba8746b01a8a199e,Toyama Kirari,Kengo Kuma,2015,Japan,Japan,2010-today,library / glass art museum,Contemporary,public library and glass museum,https://commons.wikimedia.org/wiki/File:TOYAMA_KIRARI_exterior_in_the_morning_ac_(3).jpg,Asturio Cantabrio,CC BY-SA-4.0,https://creativecommons.org/licenses/by-sa/4.0
ARCH_0577,2,2026-09-26T13:46:16.257Z,ecf8f51310238121b4ed47ffe21ccb50da6a370cc82c23a636a900168d4e6b95,Whitney Museum of American Art,Renzo Piano,2015,United States,North America,2010-today,museum,Contemporary,Pritzker Prize architect,https://commons.wikimedia.org/wiki/File:Whitney_Museum_of_American_Art_(49051573133).jpg,"Ajay Suresh from New York, NY, USA",CC BY-2.0,https://creativecommons.org/licenses/by/2.0
ARCH_0578,2,2026-09-26T13:46:16.436Z,7e89992024cd1b1088fdf5b118f5a18f3f44a1eb07a6a9203b89c86a7879806e,Bahá'í Temple of South America,Hariri Pontarini Architects,2016,Chile,Latin America,2010-today,temple,Contemporary,RAIC International Prize 2019,"https://commons.wikimedia.org/wiki/File:Templo_Bah%C3%A1%27%C3%AD_de_Sudam%C3%A9rica,_Santiago_20200208_03.jpg",Carlos Figueroa,CC BY-SA-4.0,https://creativecommons.org/licenses/by-sa/4.0
ARCH_0579,2,2026-09-26T13:46:16.615Z,dcf13fe031eacc80fe860f153357debc83d2b51404e1c346631d1b085f2785b8,Ginza Place,Klein Dytham architecture,2016,Japan,Japan,2010-today,retail building,Contemporary,landmark on the Ginza crossing,https://commons.wikimedia.org/wiki/File:Ginza_Place_20241021.jpg,"This Photo was taken by Supanut Arunoprayote.

Feel free to use any of my images, but please mention me as the author and may send me a message.  (สามารถใช้ภาพได้อิสระ แต่กรุณาใส่เครดิตผู้ถ่ายและอาจส่งข้อความบอกกล่าวด้วย) 



Please do not upload an updated image here without consultation with the Author. The author would like to make corrections only at his own source. This ensures that the changes are preserved.Please if you think that any changes should be required, please inform the author.Otherwise you can upload a new image with a new name. Please use one of the templates derivative or extract.",CC BY-4.0,https://creativecommons.org/licenses/by/4.0
ARCH_0580,2,2026-09-26T13:46:16.684Z,4472b51ee03cfd9d71310a25f7a3b81f8ea5c023617156b9b7961f1c53d9c8bf,Hastings Pier,dRMM,2016,United Kingdom,Europe,2010-today,pier / public space,Contemporary,RIBA Stirling Prize 2017,https://commons.wikimedia.org/wiki/File:Hastings_Pier_in_2018.jpg,"Steve Parker from Ash Vale, UK",CC BY-2.0,https://creativecommons.org/licenses/by/2.0
ARCH_0581,2,2026-09-26T13:46:16.794Z,385a21db20fc3382b63945000c66dc6f1452fa06cad70b03b28e7ec283631542,King Abdulaziz Center for World Culture,Snøhetta,2016,Saudi Arabia,Middle East,2010-today,cultural centre,Contemporary,Ithra cultural centre,https://commons.wikimedia.org/wiki/File:King_Abdulaziz_Center_for_World_Culture_facade.jpg,AhmadElq,CC BY-SA-4.0,https://creativecommons.org/licenses/by-sa/4.0
ARCH_0582,2,2026-09-26T13:46:16.904Z,3b1e36df65ba6702f6afa8f4aad45a2fc596ac7501adbbbbeffddb4c0eb6c109,MAAT (Lisbon),Amanda Levete (AL_A),2016,Portugal,Europe,2010-today,museum,Contemporary,"Museum of Art, Architecture and Technology","https://commons.wikimedia.org/wiki/File:Building_of_the_Museum_of_Art,_Architecture_and_Technology_in_Lisbon,_20250604_2006_9600.jpg",Jakub Hałun,CC BY-4.0,https://creativecommons.org/licenses/by/4.0
ARCH_0583,2,2026-09-26T13:46:17.647Z,07cf6b00bb9cf19c8f357fddf44b6ee4413a2dc7952f43a2e75ee363a6ed81b4,Oculus (World Trade Center Transportation Hub),Santiago Calatrava,2016,United States,North America,2010-today,transit station,Structural expressionism,widely documented,"https://commons.wikimedia.org/wiki/File:National_September_11_Memorial,_World_Trade_Center,_Manhattan,_New_York.jpg",Christian David,CC BY-SA-4.0,https://creativecommons.org/licenses/by-sa/4.0
ARCH_0584,2,2026-09-26T13:46:17.663Z,d57fab9a3ccb966c80380a5bbb997f751a85f7a66ccadfe80e21f022c7da33d4,Rome Convention Center La Nuvola,"Massimiliano Fuksas, Doriana Fuksas",2016,Italy,Europe,2010-today,congress centre,Contemporary,major contemporary building in Rome,https://commons.wikimedia.org/wiki/File:Roma_Convention_Center_2018.jpg,Carlo Dani,CC BY-SA-4.0,https://creativecommons.org/licenses/by-sa/4.0
ARCH_0585,2,2026-09-26T13:46:17.702Z,df8d2c0bb8ceeaa767e0c5dfd35d7c7ba0095bbf5344a11bca6539b6b40f6523,VIA 57 West,Bjarke Ingels,2016,United States,North America,2010-today,collective housing,Contemporary,CTBUH Best Tall Building Americas 2016,https://commons.wikimedia.org/wiki/File:Midtown_Manhattan_from_Weehawken_September_2021_002.jpg,King of Hearts,CC BY-SA-4.0,https://creativecommons.org/licenses/by-sa/4.0
ARCH_0586,2,2026-09-26T13:46:17.831Z,6c2c240678d0d412f5c43db12ae18236316cf01fe1b01408f6a35a9e3ef55b67,Apple Park,Norman Foster,2017,United States,North America,2010-today,corporate headquarters,Contemporary / sustainable,widely documented corporate campus,https://commons.wikimedia.org/wiki/File:Apple_park_cupertino_2019.jpg,Arne Müseler,CC BY-SA-3.0-DE,https://creativecommons.org/licenses/by-sa/3.0/de/deed.en
ARCH_0587,2,2026-09-26T13:46:17.887Z,51fd3da6067913ea85002408c31101cc50504ba8049c5ec24832eec9e20baa5a,Bloomberg London,Norman Foster,2017,United Kingdom,Europe,2010-today,office building,Sustainable contemporary,RIBA Stirling Prize 2018,"https://commons.wikimedia.org/wiki/File:Bloomberg_London_exterior_-_Cannon_Street,_Walbrook.jpg",The wub,CC BY-SA-4.0,https://creativecommons.org/licenses/by-sa/4.0
ARCH_0588,2,2026-09-26T13:46:17.913Z,1f995a8d5813b6be07a132566c8fcccc73b19342dfdcb34403f7fc97ef059661,Centro Botín,Renzo Piano,2017,Spain,Europe,2010-today,arts centre,Contemporary,waterfront arts centre,"https://commons.wikimedia.org/wiki/File:Centro_Bot%C3%ADn,_Santander.jpg",Alonso de Mendoza,CC BY-SA-4.0,https://creativecommons.org/licenses/by-sa/4.0
ARCH_0589,2,2026-09-26T13:46:17.974Z,1bbc49babc9761d02716773cd5ce6bd5468fd67bbbc7349e5bf207d1dd05b13e,LEGO House,Bjarke Ingels,2017,Denmark,Europe,2010-today,cultural centre / experience house,Contemporary,widely documented; corporate cultural building,https://commons.wikimedia.org/wiki/File:Billund_Lego_House_01.jpg,Andrzej Otrębski,CC BY-SA-4.0,https://creativecommons.org/licenses/by-sa/4.0
ARCH_0590,2,2026-09-26T13:46:18.132Z,c22a319f41856e5672b9934216951208761ba1a5ef77cfcb60e27ec64f4e4d9a,Amazon Spheres,NBBJ,2018,United States,North America,2010-today,corporate workplace / conservatory,Contemporary / parametric,widely documented corporate building,"https://commons.wikimedia.org/wiki/File:Seattle_Spheres_on_May_10,_2018.jpg",Biodin,CC BY-SA-4.0,https://creativecommons.org/licenses/by-sa/4.0
ARCH_0591,2,2026-09-26T13:46:18.186Z,43df4748e8c75ad9c22f0e8a932e62f01dfec5aa42a126a049c9cff7db645c4a,Amos Rex,JKMM Architects,2018,Finland,Europe,2010-today,museum,Contemporary,underground museum with domed skylights,https://commons.wikimedia.org/wiki/File:Amos_Rex_aukio.jpg,Kulttuurinavigaattori,CC BY-SA-4.0,https://creativecommons.org/licenses/by-sa/4.0
ARCH_0592,2,2026-09-26T13:46:18.259Z,06de7d804ace4fecb3fcd074334aec2900879be5323885a020455be891a5010a,Coal Drops Yard,Heatherwick Studio,2018,United Kingdom,Europe,2010-today,retail (coal store conversion),Adaptive reuse,conversion of Victorian coal drops at King's Cross,https://commons.wikimedia.org/wiki/File:Coal_Drops_Yard_0550.jpg,ClemRutter,CC BY-SA-4.0,https://creativecommons.org/licenses/by-sa/4.0
ARCH_0593,2,2026-09-26T13:46:18.284Z,d412ef1b9db7101e292a6e523543b1cfe41665c0ad736c96fc0c5297f7123bc7,National Kaohsiung Center for the Arts,Mecanoo,2018,Taiwan,Asia,2010-today,performing arts centre,Contemporary,Weiwuying; largest single-roof performing arts centre,https://commons.wikimedia.org/wiki/File:National_Kaohsiung_Center_for_the_Arts.JPG,Jimmy3357569,CC BY-SA-4.0,https://creativecommons.org/licenses/by-sa/4.0
ARCH_0594,2,2026-09-26T13:46:18.425Z,b9d1e6cad75d07e26de2c3dc1699469b0d776103c7e0c05fd509e3b5372e277c,V&A Dundee,Kengo Kuma,2018,United Kingdom,Europe,2010-today,museum,Contemporary,RIAS award; widely documented,https://commons.wikimedia.org/wiki/File:Dundee_110419_094.jpg,Richard Szwejkowski,CC BY-SA-2.0,https://creativecommons.org/licenses/by-sa/2.0
ARCH_0595,2,2026-09-26T13:46:18.495Z,62a2fc54f069bd801bd3dffa4b0cfbd62e0c533838b268436c23e7f248a4b64d,Djamaa el Djazaïr,KSP Jürgen Engel Architekten,2019,Algeria,Africa,2010-today,mosque,Contemporary,tallest minaret in the world,https://commons.wikimedia.org/wiki/File:Djama%C3%A2_El_Djaza%C3%AFr_%E2%80%93_The_Great_Mosque_of_Algiers_1.jpg,Rachid Hamatou,CC BY-SA-4.0,https://creativecommons.org/licenses/by-sa/4.0
ARCH_0596,2,2026-09-26T13:46:18.580Z,ab4a6ebc7b752407a070fa593ab745c24187c2aa54aa75f009180f7515eb3982,Futurium,Richter Musikowski,2019,Germany,Europe,2010-today,museum,Contemporary,science and future museum,https://commons.wikimedia.org/wiki/File:Mitte_Kapelle-Ufer_Futurium-001.jpg,Fridolin freudenfett,CC BY-SA-4.0,https://creativecommons.org/licenses/by-sa/4.0
ARCH_0597,2,2026-09-26T13:46:18.607Z,4a7da79ec8c43ec24036eac0e82d243057f910fe88c0f0255f69047528ac6d35,Deichman Bjørvika,"Atelier Oslo, Lundhagem",2020,Norway,Europe,2010-today,library,Contemporary,Public Library of the Year 2021,https://commons.wikimedia.org/wiki/File:Deichman_Bj%C3%B8rvika_sett_fra_Operahuset_i_Oslo.jpg,Ssu,CC BY-SA-4.0,https://creativecommons.org/licenses/by-sa/4.0
ARCH_0598,2,2026-09-26T13:46:18.658Z,eb556bdb02efbe5ccad77da2d1a2a811b005cd5464f82e215ccb361b3e8a44e3,Kunsthaus Zürich Extension,David Chipperfield,2020,Switzerland,Europe,2010-today,museum,Contemporary,Pritzker Prize architect,https://commons.wikimedia.org/wiki/File:Kunsthaus_Z%C3%BCrich_2011-08-06_17-34-28_ShiftN2.jpg,Roland zh,CC BY-SA-3.0,https://creativecommons.org/licenses/by-sa/3.0
ARCH_0599,2,2026-09-26T13:46:18.773Z,09544190e938043a9efc00759c601a88917fd84addf5288fa4fd0b459a7490de,Munch Museum,Estudio Herreros,2021,Norway,Europe,2010-today,museum,Contemporary,new Munch museum in Bjørvika,https://commons.wikimedia.org/wiki/File:MUNCH_Museum_front_(2020)_4.jpg,Premeditated,CC BY-SA-4.0,https://creativecommons.org/licenses/by-sa/4.0
ARCH_0600,2,2026-09-26T13:46:18.820Z,5bded1d37e5f0d0e4e2752153b727de79b4a0a4d8c658ba296fb7f09c4d0c842,National Museum of Norway,Kleihues + Schuwerk,2022,Norway,Europe,2010-today,museum,Contemporary,largest art museum in the Nordic countries,https://commons.wikimedia.org/wiki/File:2025-09-27-Nationalmuseum-Oslo.jpg,Gunnar Klack,CC BY-SA-4.0,https://creativecommons.org/licenses/by-sa/4.0
