replica,n_selected,n_original_recovered,recovery,jaccard,cutoff,convention
1,93,68,0.7640449438202247,0.5964912280701754,4.512383643617022,eligible
2,126,75,0.8426966292134831,0.5357142857142857,4.68760775862069,eligible
3,105,74,0.8314606741573034,0.6166666666666667,4.571779859484777,eligible
4,91,68,0.7640449438202247,0.6071428571428571,4.533518518518519,eligible
5,91,66,0.7415730337078652,0.5789473684210527,4.5702380952380945,eligible
6,88,66,0.7415730337078652,0.5945945945945946,4.561622807017544,eligible
7,106,74,0.8314606741573034,0.6115702479338843,4.6923076923076925,eligible
8,91,66,0.7415730337078652,0.5789473684210527,4.556921675774134,eligible
9,107,69,0.7752808988764045,0.5433070866141733,4.6,eligible
10,90,68,0.7640449438202247,0.6126126126126126,4.541969330104924,eligible
11,99,73,0.8202247191011236,0.6347826086956522,4.617647058823529,eligible
12,93,71,0.797752808988764,0.6396396396396397,4.562335526315789,eligible
13,115,73,0.8202247191011236,0.5572519083969466,4.698207547169812,eligible
14,102,70,0.7865168539325843,0.5785123966942148,4.612806933076553,eligible
15,115,67,0.7528089887640449,0.48905109489051096,4.666666666666667,eligible
16,106,70,0.7865168539325843,0.56,4.614999999999999,eligible
17,93,69,0.7752808988764045,0.6106194690265486,4.5835784313725485,eligible
18,99,72,0.8089887640449438,0.6206896551724138,4.527099567099567,eligible
19,114,79,0.8876404494382022,0.6370967741935484,4.6058189655172415,eligible
20,101,72,0.8089887640449438,0.6101694915254238,4.56875,eligible
21,112,77,0.8651685393258427,0.6209677419354839,4.577956989247312,eligible
22,75,60,0.6741573033707865,0.5769230769230769,4.526470588235294,eligible
23,106,69,0.7752808988764045,0.5476190476190477,4.666666666666667,eligible
24,106,71,0.797752808988764,0.5725806451612904,4.592686754551162,eligible
25,111,83,0.9325842696629213,0.7094017094017094,4.617730496453901,eligible
26,91,68,0.7640449438202247,0.6071428571428571,4.58175057208238,eligible
27,95,72,0.8089887640449438,0.6428571428571429,4.583333333333333,eligible
28,140,78,0.8764044943820225,0.5165562913907285,4.7368421052631575,eligible
29,69,57,0.6404494382022472,0.5643564356435643,4.5,eligible
30,79,62,0.6966292134831461,0.5849056603773585,4.49364406779661,eligible
31,92,69,0.7752808988764045,0.6160714285714286,4.559634255129349,eligible
32,98,73,0.8202247191011236,0.6403508771929824,4.605026291370244,eligible
33,99,71,0.797752808988764,0.6068376068376068,4.626620370370371,eligible
34,101,72,0.8089887640449438,0.6101694915254238,4.6177631578947365,eligible
35,104,70,0.7865168539325843,0.5691056910569106,4.59203995157385,eligible
36,84,66,0.7415730337078652,0.616822429906542,4.524676445211389,eligible
37,111,70,0.7865168539325843,0.5384615384615384,4.693548387096774,eligible
38,120,80,0.898876404494382,0.6201550387596899,4.655022354694486,eligible
39,88,63,0.7078651685393258,0.5526315789473685,4.563700234192037,eligible
40,124,73,0.8202247191011236,0.5214285714285715,4.678456221198157,eligible
41,115,80,0.898876404494382,0.6451612903225806,4.720906432748538,eligible
42,90,66,0.7415730337078652,0.584070796460177,4.639346590909091,eligible
43,113,78,0.8764044943820225,0.6290322580645161,4.620664869721473,eligible
44,82,62,0.6966292134831461,0.5688073394495413,4.547954545454545,eligible
45,97,71,0.797752808988764,0.6173913043478261,4.578947368421052,eligible
46,93,70,0.7865168539325843,0.625,4.525401069518717,eligible
47,113,72,0.8089887640449438,0.5538461538461539,4.653421240199573,eligible
48,84,62,0.6966292134831461,0.5585585585585585,4.549516129032258,eligible
49,114,76,0.8539325842696629,0.5984251968503937,4.612606837606838,eligible
50,83,62,0.6966292134831461,0.5636363636363636,4.564538043478261,eligible
51,100,66,0.7415730337078652,0.5365853658536586,4.571428571428571,eligible
52,119,80,0.898876404494382,0.625,4.666666666666667,eligible
53,117,68,0.7640449438202247,0.4927536231884058,4.7052941176470595,eligible
54,57,50,0.5617977528089888,0.5208333333333334,4.457312348668281,eligible
55,92,66,0.7415730337078652,0.5739130434782609,4.5625,eligible
56,91,67,0.7528089887640449,0.5929203539823009,4.590775401069519,eligible
57,121,82,0.9213483146067416,0.640625,4.6875,eligible
58,129,72,0.8089887640449438,0.4931506849315068,4.669125683060109,eligible
59,96,74,0.8314606741573034,0.6666666666666666,4.562897727272727,eligible
60,96,74,0.8314606741573034,0.6666666666666666,4.595185185185185,eligible
61,93,67,0.7528089887640449,0.5826086956521739,4.5,eligible
62,122,74,0.8314606741573034,0.5401459854014599,4.725032938076416,eligible
63,115,80,0.898876404494382,0.6451612903225806,4.635839160839161,eligible
64,80,63,0.7078651685393258,0.5943396226415094,4.559352941176471,eligible
65,116,77,0.8651685393258427,0.6015625,4.6517307692307694,eligible
66,89,68,0.7640449438202247,0.6181818181818182,4.545454545454546,eligible
67,87,70,0.7865168539325843,0.660377358490566,4.4841981132075475,eligible
68,117,74,0.8314606741573034,0.5606060606060606,4.701175378905042,eligible
69,101,75,0.8426966292134831,0.6521739130434783,4.631578947368421,eligible
70,112,71,0.797752808988764,0.5461538461538461,4.666666666666667,eligible
71,107,75,0.8426966292134831,0.6198347107438017,4.61062951496388,eligible
72,106,71,0.797752808988764,0.5725806451612904,4.579797570850202,eligible
73,118,75,0.8426966292134831,0.5681818181818182,4.643317972350231,eligible
74,92,63,0.7078651685393258,0.5338983050847458,4.619047619047619,eligible
75,99,73,0.8202247191011236,0.6347826086956522,4.553399668325041,eligible
76,95,75,0.8426966292134831,0.6880733944954128,4.57926267281106,eligible
77,130,79,0.8876404494382022,0.5642857142857143,4.719146303742654,eligible
78,138,78,0.8764044943820225,0.5234899328859061,4.721111111111111,eligible
79,93,67,0.7528089887640449,0.5826086956521739,4.592941176470588,eligible
80,123,76,0.8539325842696629,0.5588235294117647,4.707210626185958,eligible
81,77,63,0.7078651685393258,0.6116504854368932,4.482468443197756,eligible
82,121,79,0.8876404494382022,0.6030534351145038,4.691048951048951,eligible
83,124,77,0.8651685393258427,0.5661764705882353,4.691346153846154,eligible
84,105,77,0.8651685393258427,0.6581196581196581,4.618506131549609,eligible
85,100,78,0.8764044943820225,0.7027027027027027,4.588484546360917,eligible
86,98,64,0.7191011235955056,0.5203252032520326,4.543834841628959,eligible
87,73,60,0.6741573033707865,0.5882352941176471,4.4446360153256705,eligible
88,122,73,0.8202247191011236,0.5289855072463768,4.6926421404682275,eligible
89,102,72,0.8089887640449438,0.6050420168067226,4.642857142857143,eligible
90,131,82,0.9213483146067416,0.5942028985507246,4.696536796536797,eligible
91,120,77,0.8651685393258427,0.5833333333333334,4.622413793103449,eligible
92,97,75,0.8426966292134831,0.6756756756756757,4.5290788013318535,eligible
93,123,76,0.8539325842696629,0.5588235294117647,4.692438070404172,eligible
94,117,79,0.8876404494382022,0.6220472440944882,4.6,eligible
95,105,73,0.8202247191011236,0.6033057851239669,4.632539682539683,eligible
96,96,72,0.8089887640449438,0.6371681415929203,4.5793718166383695,eligible
97,82,68,0.7640449438202247,0.6601941747572816,4.582258064516129,eligible
98,104,74,0.8314606741573034,0.6218487394957983,4.597164179104477,eligible
99,80,66,0.7415730337078652,0.6407766990291263,4.5,eligible
100,95,72,0.8089887640449438,0.6428571428571429,4.588235294117647,eligible
101,105,76,0.8539325842696629,0.6440677966101694,4.571428571428571,eligible
102,96,72,0.8089887640449438,0.6371681415929203,4.562771739130435,eligible
103,83,66,0.7415730337078652,0.6226415094339622,4.522916666666667,eligible
104,106,65,0.7303370786516854,0.5,4.602222222222221,eligible
105,122,70,0.7865168539325843,0.49645390070921985,4.707983193277311,eligible
106,102,75,0.8426966292134831,0.646551724137931,4.625,eligible
107,93,68,0.7640449438202247,0.5964912280701754,4.589900468384075,eligible
108,107,75,0.8426966292134831,0.6198347107438017,4.578947368421052,eligible
109,99,75,0.8426966292134831,0.6637168141592921,4.612539545585275,eligible
110,98,66,0.7415730337078652,0.5454545454545454,4.622916666666667,eligible
111,81,61,0.6853932584269663,0.5596330275229358,4.537321937321938,eligible
112,129,76,0.8539325842696629,0.5352112676056338,4.688789778206365,eligible
113,109,76,0.8539325842696629,0.6229508196721312,4.615567765567765,eligible
114,74,59,0.6629213483146067,0.5673076923076923,4.555555555555555,eligible
115,96,71,0.797752808988764,0.6228070175438597,4.5625,eligible
116,81,64,0.7191011235955056,0.6037735849056604,4.465770791075051,eligible
117,80,64,0.7191011235955056,0.6095238095238096,4.440677966101695,eligible
118,118,76,0.8539325842696629,0.5801526717557252,4.562067307692308,eligible
119,92,66,0.7415730337078652,0.5739130434782609,4.535875331564987,eligible
120,116,75,0.8426966292134831,0.5769230769230769,4.666666666666667,eligible
121,93,68,0.7640449438202247,0.5964912280701754,4.508629755644912,eligible
122,117,76,0.8539325842696629,0.5846153846153846,4.679125874125874,eligible
123,105,69,0.7752808988764045,0.552,4.631578947368421,eligible
124,118,77,0.8651685393258427,0.5923076923076923,4.642537313432836,eligible
125,104,75,0.8426966292134831,0.635593220338983,4.600555555555555,eligible
126,112,76,0.8539325842696629,0.608,4.665860215053764,eligible
127,116,81,0.9101123595505618,0.6532258064516129,4.623214285714286,eligible
128,99,73,0.8202247191011236,0.6347826086956522,4.5702380952380945,eligible
129,104,77,0.8651685393258427,0.6637931034482759,4.585238623751387,eligible
130,107,69,0.7752808988764045,0.5433070866141733,4.693461538461539,eligible
131,108,75,0.8426966292134831,0.6147540983606558,4.666666666666667,eligible
132,128,78,0.8764044943820225,0.5611510791366906,4.703313577586207,eligible
133,110,77,0.8651685393258427,0.6311475409836066,4.570935960591132,eligible
134,108,79,0.8876404494382022,0.6694915254237288,4.584699453551912,eligible
135,106,70,0.7865168539325843,0.56,4.6,eligible
136,82,62,0.6966292134831461,0.5688073394495413,4.5305451127819545,eligible
137,142,80,0.898876404494382,0.5298013245033113,4.7550675675675675,eligible
138,113,78,0.8764044943820225,0.6290322580645161,4.677474029524331,eligible
139,74,61,0.6853932584269663,0.5980392156862745,4.465086206896552,eligible
140,76,67,0.7528089887640449,0.6836734693877551,4.492489931295902,eligible
141,98,69,0.7752808988764045,0.5847457627118644,4.6,eligible
142,111,73,0.8202247191011236,0.5748031496062992,4.640384615384615,eligible
143,130,73,0.8202247191011236,0.5,4.723275862068966,eligible
144,85,67,0.7528089887640449,0.6261682242990654,4.472450657894737,eligible
145,87,65,0.7303370786516854,0.5855855855855856,4.5,eligible
146,93,70,0.7865168539325843,0.625,4.538461538461538,eligible
147,94,70,0.7865168539325843,0.6194690265486725,4.560466845078799,eligible
148,93,68,0.7640449438202247,0.5964912280701754,4.578405572755417,eligible
149,127,80,0.898876404494382,0.5882352941176471,4.623511904761905,eligible
150,112,78,0.8764044943820225,0.6341463414634146,4.621120689655172,eligible
151,86,70,0.7865168539325843,0.6666666666666666,4.5660560344827585,eligible
152,78,63,0.7078651685393258,0.6057692307692307,4.548125,eligible
153,111,77,0.8651685393258427,0.6260162601626016,4.7,eligible
154,91,66,0.7415730337078652,0.5789473684210527,4.588235294117647,eligible
155,114,70,0.7865168539325843,0.5263157894736842,4.666666666666667,eligible
156,99,75,0.8426966292134831,0.6637168141592921,4.570089285714285,eligible
157,80,62,0.6966292134831461,0.5794392523364486,4.475409836065574,eligible
158,92,69,0.7752808988764045,0.6160714285714286,4.538461538461538,eligible
159,116,78,0.8764044943820225,0.6141732283464567,4.666666666666667,eligible
160,98,73,0.8202247191011236,0.6403508771929824,4.583333333333333,eligible
161,76,62,0.6966292134831461,0.6019417475728155,4.421311475409836,eligible
162,80,61,0.6853932584269663,0.5648148148148148,4.468612818261633,eligible
163,94,72,0.8089887640449438,0.6486486486486487,4.611111111111111,eligible
164,99,70,0.7865168539325843,0.5932203389830508,4.526470588235294,eligible
165,84,71,0.797752808988764,0.696078431372549,4.5364971751412435,eligible
166,87,60,0.6741573033707865,0.5172413793103449,4.510053790983607,eligible
167,117,75,0.8426966292134831,0.5725190839694656,4.684941520467836,eligible
168,102,74,0.8314606741573034,0.6324786324786325,4.5796264855687605,eligible
169,128,81,0.9101123595505618,0.5955882352941176,4.733333333333333,eligible
170,118,73,0.8202247191011236,0.5447761194029851,4.690688259109312,eligible
171,76,62,0.6966292134831461,0.6019417475728155,4.473684210526316,eligible
172,96,73,0.8202247191011236,0.6517857142857143,4.545454545454546,eligible
173,136,82,0.9213483146067416,0.5734265734265734,4.694263363754889,eligible
174,103,67,0.7528089887640449,0.536,4.573556644880174,eligible
175,118,74,0.8314606741573034,0.556390977443609,4.576224750406316,eligible
176,104,72,0.8089887640449438,0.5950413223140496,4.615384615384615,eligible
177,105,71,0.797752808988764,0.5772357723577236,4.63871635610766,eligible
178,115,77,0.8651685393258427,0.6062992125984252,4.678509615384616,eligible
179,123,74,0.8314606741573034,0.5362318840579711,4.688577586206897,eligible
180,87,70,0.7865168539325843,0.660377358490566,4.5,eligible
181,87,67,0.7528089887640449,0.6146788990825688,4.505434782608695,eligible
182,80,62,0.6966292134831461,0.5794392523364486,4.482564016172507,eligible
183,79,67,0.7528089887640449,0.6633663366336634,4.515593306288032,eligible
184,119,78,0.8764044943820225,0.6,4.678861528621682,eligible
185,117,76,0.8539325842696629,0.5846153846153846,4.6,eligible
186,89,72,0.8089887640449438,0.6792452830188679,4.532280701754386,eligible
187,87,67,0.7528089887640449,0.6146788990825688,4.526048171275646,eligible
188,112,77,0.8651685393258427,0.6209677419354839,4.654016393442623,eligible
189,94,61,0.6853932584269663,0.5,4.613151364764268,eligible
190,88,63,0.7078651685393258,0.5526315789473685,4.54633431085044,eligible
191,94,69,0.7752808988764045,0.6052631578947368,4.603464541314249,eligible
192,101,74,0.8314606741573034,0.6379310344827587,4.583333333333333,eligible
193,123,81,0.9101123595505618,0.6183206106870229,4.646161515453639,eligible
194,91,74,0.8314606741573034,0.6981132075471698,4.533333333333333,eligible
195,97,76,0.8539325842696629,0.6909090909090909,4.541108019225905,eligible
196,80,61,0.6853932584269663,0.5648148148148148,4.552499999999999,eligible
197,106,75,0.8426966292134831,0.625,4.636363636363637,eligible
198,90,64,0.7191011235955056,0.5565217391304348,4.560782608695652,eligible
199,67,55,0.6179775280898876,0.5445544554455446,4.48459430979979,eligible
200,97,72,0.8089887640449438,0.631578947368421,4.561458333333333,eligible
201,95,69,0.7752808988764045,0.6,4.558333333333334,eligible
202,105,76,0.8539325842696629,0.6440677966101694,4.661606334841629,eligible
203,87,69,0.7752808988764045,0.6448598130841121,4.618789407313997,eligible
204,101,72,0.8089887640449438,0.6101694915254238,4.559007352941176,eligible
205,114,69,0.7752808988764045,0.5149253731343284,4.642857142857143,eligible
206,105,80,0.898876404494382,0.7017543859649122,4.663030303030303,eligible
207,108,66,0.7415730337078652,0.5038167938931297,4.632894736842106,eligible
208,112,71,0.797752808988764,0.5461538461538461,4.632280701754386,eligible
209,90,71,0.797752808988764,0.6574074074074074,4.5,eligible
210,115,74,0.8314606741573034,0.5692307692307692,4.666666666666667,eligible
211,84,66,0.7415730337078652,0.616822429906542,4.526625386996904,eligible
212,93,67,0.7528089887640449,0.5826086956521739,4.568920780711825,eligible
213,108,75,0.8426966292134831,0.6147540983606558,4.577603583426652,eligible
214,92,72,0.8089887640449438,0.6605504587155964,4.558666666666666,eligible
215,110,77,0.8651685393258427,0.6311475409836066,4.656969309462916,eligible
216,75,56,0.6292134831460674,0.5185185185185185,4.518518518518518,eligible
217,101,69,0.7752808988764045,0.5702479338842975,4.596666666666667,eligible
218,102,69,0.7752808988764045,0.5655737704918032,4.619628647214854,eligible
219,107,74,0.8314606741573034,0.6065573770491803,4.629533317854655,eligible
220,91,66,0.7415730337078652,0.5789473684210527,4.588707983193277,eligible
221,135,80,0.898876404494382,0.5555555555555556,4.716770833333333,eligible
222,110,75,0.8426966292134831,0.6048387096774194,4.644516450648056,eligible
223,114,80,0.898876404494382,0.6504065040650406,4.6,eligible
224,99,76,0.8539325842696629,0.6785714285714286,4.5787006578947365,eligible
225,124,76,0.8539325842696629,0.5547445255474452,4.666666666666667,eligible
226,76,61,0.6853932584269663,0.5865384615384616,4.555555555555555,eligible
227,91,70,0.7865168539325843,0.6363636363636364,4.599193548387096,eligible
228,97,66,0.7415730337078652,0.55,4.536189516129032,eligible
229,106,78,0.8764044943820225,0.6666666666666666,4.587330316742081,eligible
230,91,71,0.797752808988764,0.6513761467889908,4.527965284474445,eligible
231,120,78,0.8764044943820225,0.5954198473282443,4.642857142857143,eligible
232,94,70,0.7865168539325843,0.6194690265486725,4.5628803245436105,eligible
233,131,84,0.9438202247191011,0.6176470588235294,4.718925373134328,eligible
234,120,77,0.8651685393258427,0.5833333333333334,4.651291866028708,eligible
235,107,78,0.8764044943820225,0.6610169491525424,4.603512880562061,eligible
236,86,69,0.7752808988764045,0.6509433962264151,4.462456946039036,eligible
237,77,55,0.6179775280898876,0.4954954954954955,4.53030303030303,eligible
238,83,65,0.7303370786516854,0.6074766355140186,4.5,eligible
239,77,65,0.7303370786516854,0.6435643564356436,4.439109848484849,eligible
240,125,68,0.7640449438202247,0.4657534246575342,4.76710875331565,eligible
241,75,64,0.7191011235955056,0.64,4.529411764705882,eligible
242,80,60,0.6741573033707865,0.5504587155963303,4.431536388140162,eligible
243,124,78,0.8764044943820225,0.5777777777777777,4.637392795883362,eligible
244,114,79,0.8876404494382022,0.6370967741935484,4.584016393442623,eligible
245,104,69,0.7752808988764045,0.5564516129032258,4.573109243697479,eligible
246,112,68,0.7640449438202247,0.5112781954887218,4.587931034482758,eligible
247,95,67,0.7528089887640449,0.5726495726495726,4.60327868852459,eligible
248,107,74,0.8314606741573034,0.6065573770491803,4.614507422402159,eligible
249,149,76,0.8539325842696629,0.4691358024691358,4.791917038185694,eligible
250,92,73,0.8202247191011236,0.6759259259259259,4.615897435897436,eligible
251,96,69,0.7752808988764045,0.5948275862068966,4.59955223880597,eligible
252,101,72,0.8089887640449438,0.6101694915254238,4.563465909090909,eligible
253,128,81,0.9101123595505618,0.5955882352941176,4.73689404934688,eligible
254,77,62,0.6966292134831461,0.5961538461538461,4.5124275362318835,eligible
255,99,74,0.8314606741573034,0.6491228070175439,4.563586206896551,eligible
256,106,76,0.8539325842696629,0.6386554621848739,4.630240856378234,eligible
257,106,72,0.8089887640449438,0.5853658536585366,4.622844827586206,eligible
258,106,71,0.797752808988764,0.5725806451612904,4.625416666666667,eligible
259,91,73,0.8202247191011236,0.6822429906542056,4.547852960312297,eligible
260,107,75,0.8426966292134831,0.6198347107438017,4.597777777777777,eligible
261,126,74,0.8314606741573034,0.524822695035461,4.687980769230769,eligible
262,112,76,0.8539325842696629,0.608,4.666666666666667,eligible
263,70,55,0.6179775280898876,0.5288461538461539,4.509963985594238,eligible
264,109,75,0.8426966292134831,0.6097560975609756,4.609541062801933,eligible
265,112,78,0.8764044943820225,0.6341463414634146,4.626315789473685,eligible
266,85,54,0.6067415730337079,0.45,4.586065573770492,eligible
267,111,71,0.797752808988764,0.5503875968992248,4.665714285714286,eligible
268,74,59,0.6629213483146067,0.5673076923076923,4.465,eligible
269,64,56,0.6292134831460674,0.5773195876288659,4.466103286384977,eligible
270,94,69,0.7752808988764045,0.6052631578947368,4.571428571428571,eligible
271,92,72,0.8089887640449438,0.6605504587155964,4.573770491803279,eligible
272,120,70,0.7865168539325843,0.5035971223021583,4.671666666666667,eligible
273,132,77,0.8651685393258427,0.5347222222222222,4.75,eligible
274,96,66,0.7415730337078652,0.5546218487394958,4.60848252344416,eligible
275,88,67,0.7528089887640449,0.6090909090909091,4.534610472541507,eligible
276,112,71,0.797752808988764,0.5461538461538461,4.6923076923076925,eligible
277,94,75,0.8426966292134831,0.6944444444444444,4.551206896551724,eligible
278,113,75,0.8426966292134831,0.5905511811023622,4.666666666666667,eligible
279,115,72,0.8089887640449438,0.5454545454545454,4.647058823529412,eligible
280,135,83,0.9325842696629213,0.5886524822695035,4.729166666666666,eligible
281,105,73,0.8202247191011236,0.6033057851239669,4.588235294117647,eligible
282,89,63,0.7078651685393258,0.5478260869565217,4.583986928104575,eligible
283,91,69,0.7752808988764045,0.6216216216216216,4.612373615792008,eligible
284,92,62,0.6966292134831461,0.5210084033613446,4.566666666666666,eligible
285,86,67,0.7528089887640449,0.6203703703703703,4.4755659640905545,eligible
286,95,74,0.8314606741573034,0.6727272727272727,4.533333333333333,eligible
287,106,79,0.8876404494382022,0.6810344827586207,4.571645021645021,eligible
288,123,76,0.8539325842696629,0.5588235294117647,4.666666666666667,eligible
289,117,83,0.9325842696629213,0.6747967479674797,4.644010989010989,eligible
290,105,73,0.8202247191011236,0.6033057851239669,4.6,eligible
291,106,67,0.7528089887640449,0.5234375,4.583084577114428,eligible
292,73,62,0.6966292134831461,0.62,4.44853448275862,eligible
293,111,75,0.8426966292134831,0.6,4.666666666666667,eligible
294,83,65,0.7303370786516854,0.6074766355140186,4.5537774725274724,eligible
295,100,70,0.7865168539325843,0.5882352941176471,4.623872950819672,eligible
296,107,72,0.8089887640449438,0.5806451612903226,4.650227272727273,eligible
297,110,74,0.8314606741573034,0.592,4.625,eligible
298,104,72,0.8089887640449438,0.5950413223140496,4.614035087719298,eligible
299,116,77,0.8651685393258427,0.6015625,4.625,eligible
300,99,74,0.8314606741573034,0.6491228070175439,4.613582089552239,eligible
301,109,81,0.9101123595505618,0.6923076923076923,4.606586651053863,eligible
302,96,76,0.8539325842696629,0.6972477064220184,4.612401883830455,eligible
303,79,63,0.7078651685393258,0.6,4.469545454545455,eligible
304,96,74,0.8314606741573034,0.6666666666666666,4.5403769841269845,eligible
305,87,64,0.7191011235955056,0.5714285714285714,4.5,eligible
306,96,76,0.8539325842696629,0.6972477064220184,4.527272727272727,eligible
307,87,61,0.6853932584269663,0.5304347826086957,4.533333333333333,eligible
308,83,70,0.7865168539325843,0.6862745098039216,4.526315789473684,eligible
309,121,70,0.7865168539325843,0.5,4.6923076923076925,eligible
310,108,74,0.8314606741573034,0.6016260162601627,4.607377049180328,eligible
311,95,69,0.7752808988764045,0.6,4.568095238095238,eligible
312,102,74,0.8314606741573034,0.6324786324786325,4.581048387096774,eligible
313,92,69,0.7752808988764045,0.6160714285714286,4.627835820895522,eligible
314,112,71,0.797752808988764,0.5461538461538461,4.6461538461538465,eligible
315,105,69,0.7752808988764045,0.552,4.642207792207793,eligible
316,77,63,0.7078651685393258,0.6116504854368932,4.5,eligible
317,94,74,0.8314606741573034,0.6788990825688074,4.54609375,eligible
318,130,74,0.8314606741573034,0.5103448275862069,4.683870967741935,eligible
319,88,66,0.7415730337078652,0.5945945945945946,4.5080099502487565,eligible
320,109,67,0.7528089887640449,0.5114503816793893,4.666666666666667,eligible
321,106,74,0.8314606741573034,0.6115702479338843,4.589285714285714,eligible
322,90,74,0.8314606741573034,0.7047619047619048,4.533333333333333,eligible
323,120,69,0.7752808988764045,0.4928571428571429,4.683851674641148,eligible
324,90,65,0.7303370786516854,0.5701754385964912,4.55,eligible
325,111,76,0.8539325842696629,0.6129032258064516,4.653846153846154,eligible
326,91,69,0.7752808988764045,0.6216216216216216,4.55750315258512,eligible
327,119,73,0.8202247191011236,0.5407407407407407,4.652989130434783,eligible
328,101,74,0.8314606741573034,0.6379310344827587,4.6236680327868855,eligible
329,114,76,0.8539325842696629,0.5984251968503937,4.6300509337860785,eligible
330,116,76,0.8539325842696629,0.5891472868217055,4.642857142857143,eligible
331,86,55,0.6179775280898876,0.4583333333333333,4.460458839406208,eligible
332,95,67,0.7528089887640449,0.5726495726495726,4.572767857142857,eligible
333,101,71,0.797752808988764,0.5966386554621849,4.611707695289785,eligible
334,94,67,0.7528089887640449,0.5775862068965517,4.625,eligible
335,110,80,0.898876404494382,0.6722689075630253,4.6357527916827115,eligible
336,58,54,0.6067415730337079,0.5806451612903226,4.4184210526315795,eligible
337,83,72,0.8089887640449438,0.72,4.544417862838916,eligible
338,121,76,0.8539325842696629,0.5671641791044776,4.6923076923076925,eligible
339,117,77,0.8651685393258427,0.5968992248062015,4.661395056556347,eligible
340,101,67,0.7528089887640449,0.5447154471544715,4.58266129032258,eligible
341,110,76,0.8539325842696629,0.6178861788617886,4.601458333333333,eligible
342,78,58,0.651685393258427,0.5321100917431193,4.561029411764705,eligible
343,129,77,0.8651685393258427,0.5460992907801419,4.733333333333333,eligible
344,115,69,0.7752808988764045,0.5111111111111111,4.633380018674137,eligible
345,97,73,0.8202247191011236,0.6460176991150443,4.510084745762712,eligible
346,82,67,0.7528089887640449,0.6442307692307693,4.54796875,eligible
347,102,76,0.8539325842696629,0.6608695652173913,4.618837535014006,eligible
348,85,64,0.7191011235955056,0.5818181818181818,4.54765672550213,eligible
349,86,60,0.6741573033707865,0.5217391304347826,4.5,eligible
350,91,67,0.7528089887640449,0.5929203539823009,4.556349206349206,eligible
351,132,73,0.8202247191011236,0.49324324324324326,4.7270793036750485,eligible
352,103,69,0.7752808988764045,0.5609756097560976,4.603311439518336,eligible
353,108,69,0.7752808988764045,0.5390625,4.5677322404371585,eligible
354,76,59,0.6629213483146067,0.5566037735849056,4.6,eligible
355,121,77,0.8651685393258427,0.5789473684210527,4.625,eligible
356,105,76,0.8539325842696629,0.6440677966101694,4.607905138339921,eligible
357,95,69,0.7752808988764045,0.6,4.6445852534562215,eligible
358,86,66,0.7415730337078652,0.6055045871559633,4.583411949685535,eligible
359,130,81,0.9101123595505618,0.5869565217391305,4.743034055727554,eligible
360,105,70,0.7865168539325843,0.5645161290322581,4.631954887218045,eligible
361,72,62,0.6966292134831461,0.6262626262626263,4.484375,eligible
362,92,67,0.7528089887640449,0.5877192982456141,4.545454545454546,eligible
363,115,73,0.8202247191011236,0.5572519083969466,4.631690140845071,eligible
364,116,80,0.898876404494382,0.64,4.588235294117647,eligible
365,101,71,0.797752808988764,0.5966386554621849,4.556284153005464,eligible
366,111,70,0.7865168539325843,0.5384615384615384,4.589814814814814,eligible
367,122,73,0.8202247191011236,0.5289855072463768,4.666666666666667,eligible
368,110,79,0.8876404494382022,0.6583333333333333,4.565317324185249,eligible
369,113,79,0.8876404494382022,0.6422764227642277,4.611111111111111,eligible
370,92,68,0.7640449438202247,0.6017699115044248,4.47311004784689,eligible
371,82,64,0.7191011235955056,0.5981308411214953,4.492669129531286,eligible
372,99,71,0.797752808988764,0.6068376068376068,4.592741935483871,eligible
373,113,80,0.898876404494382,0.6557377049180327,4.593094789704959,eligible
374,90,66,0.7415730337078652,0.584070796460177,4.571428571428571,eligible
375,75,55,0.6179775280898876,0.5045871559633027,4.490142796248935,eligible
376,100,68,0.7640449438202247,0.5619834710743802,4.578947368421052,eligible
377,85,71,0.797752808988764,0.6893203883495146,4.5,eligible
378,108,75,0.8426966292134831,0.6147540983606558,4.611111111111111,eligible
379,73,63,0.7078651685393258,0.6363636363636364,4.497641509433962,eligible
380,108,73,0.8202247191011236,0.5887096774193549,4.611111111111111,eligible
381,93,73,0.8202247191011236,0.6697247706422018,4.563994565217391,eligible
382,99,75,0.8426966292134831,0.6637168141592921,4.57938596491228,eligible
383,96,68,0.7640449438202247,0.5811965811965812,4.607719298245613,eligible
384,127,82,0.9213483146067416,0.6119402985074627,4.726785714285715,eligible
385,124,77,0.8651685393258427,0.5661764705882353,4.720634920634921,eligible
386,93,63,0.7078651685393258,0.5294117647058824,4.516206896551725,eligible
387,97,76,0.8539325842696629,0.6909090909090909,4.588235294117647,eligible
388,101,79,0.8876404494382022,0.7117117117117117,4.60722049689441,eligible
389,99,78,0.8764044943820225,0.7090909090909091,4.593076923076922,eligible
390,88,64,0.7191011235955056,0.5663716814159292,4.6,eligible
391,120,73,0.8202247191011236,0.5367647058823529,4.680289855072464,eligible
392,140,70,0.7865168539325843,0.44025157232704404,4.800983606557377,eligible
393,104,74,0.8314606741573034,0.6218487394957983,4.580931174089068,eligible
394,107,73,0.8202247191011236,0.5934959349593496,4.65197628458498,eligible
395,82,57,0.6404494382022472,0.5,4.544178628389155,eligible
396,87,70,0.7865168539325843,0.660377358490566,4.532056737588653,eligible
397,109,71,0.797752808988764,0.5590551181102362,4.614267990074442,eligible
398,103,64,0.7191011235955056,0.5,4.642857142857143,eligible
399,80,63,0.7078651685393258,0.5943396226415094,4.423337679269883,eligible
400,117,75,0.8426966292134831,0.5725190839694656,4.6810477657935285,eligible
401,75,57,0.6404494382022472,0.5327102803738317,4.5,eligible
402,117,82,0.9213483146067416,0.6612903225806451,4.611111111111111,eligible
403,109,82,0.9213483146067416,0.7068965517241379,4.632330827067669,eligible
404,100,76,0.8539325842696629,0.672566371681416,4.592378487201611,eligible
405,73,66,0.7415730337078652,0.6875,4.473684210526316,eligible
406,106,73,0.8202247191011236,0.5983606557377049,4.625,eligible
407,77,60,0.6741573033707865,0.5660377358490566,4.569211822660098,eligible
408,90,69,0.7752808988764045,0.6272727272727273,4.571428571428571,eligible
409,98,70,0.7865168539325843,0.5982905982905983,4.571693121693121,eligible
410,99,65,0.7303370786516854,0.5284552845528455,4.597540983606557,eligible
411,112,74,0.8314606741573034,0.5826771653543307,4.666666666666667,eligible
412,111,73,0.8202247191011236,0.5748031496062992,4.672131147540983,eligible
413,94,68,0.7640449438202247,0.591304347826087,4.529411764705882,eligible
414,93,71,0.797752808988764,0.6396396396396397,4.5625,eligible
415,87,72,0.8089887640449438,0.6923076923076923,4.5,eligible
416,111,68,0.7640449438202247,0.5151515151515151,4.6748717948717955,eligible
417,104,70,0.7865168539325843,0.5691056910569106,4.566904761904762,eligible
418,92,64,0.7191011235955056,0.5470085470085471,4.513582887700535,eligible
419,109,74,0.8314606741573034,0.5967741935483871,4.636363636363637,eligible
420,88,72,0.8089887640449438,0.6857142857142857,4.4981481481481485,eligible
421,94,74,0.8314606741573034,0.6788990825688074,4.520217391304348,eligible
422,129,75,0.8426966292134831,0.5244755244755245,4.709152542372881,eligible
423,102,73,0.8202247191011236,0.6186440677966102,4.588717454194793,eligible
424,105,74,0.8314606741573034,0.6166666666666667,4.587936507936508,eligible
425,99,72,0.8089887640449438,0.6206896551724138,4.5854489164086685,eligible
426,94,71,0.797752808988764,0.6339285714285714,4.584670329670329,eligible
427,65,50,0.5617977528089888,0.4807692307692308,4.360138960370561,eligible
428,95,65,0.7303370786516854,0.5462184873949579,4.598125,eligible
429,109,79,0.8876404494382022,0.6638655462184874,4.645210918114144,eligible
430,121,79,0.8876404494382022,0.6030534351145038,4.647205882352941,eligible
431,111,73,0.8202247191011236,0.5748031496062992,4.666666666666667,eligible
432,126,76,0.8539325842696629,0.5467625899280576,4.645445920303605,eligible
433,75,63,0.7078651685393258,0.6237623762376238,4.571428571428571,eligible
434,118,72,0.8089887640449438,0.5333333333333333,4.666666666666667,eligible
435,100,77,0.8651685393258427,0.6875,4.564538043478261,eligible
436,83,67,0.7528089887640449,0.638095238095238,4.50792188651437,eligible
437,86,69,0.7752808988764045,0.6509433962264151,4.521739130434782,eligible
438,101,62,0.6966292134831461,0.484375,4.673276474769013,eligible
439,132,77,0.8651685393258427,0.5347222222222222,4.714285714285714,eligible
440,103,68,0.7640449438202247,0.5483870967741935,4.6275,eligible
441,97,73,0.8202247191011236,0.6460176991150443,4.47325,eligible
442,115,74,0.8314606741573034,0.5692307692307692,4.613808715336729,eligible
443,118,79,0.8876404494382022,0.6171875,4.6571428571428575,eligible
444,106,58,0.651685393258427,0.4233576642335766,4.655968237704918,eligible
445,92,69,0.7752808988764045,0.6160714285714286,4.553448275862069,eligible
446,125,75,0.8426966292134831,0.539568345323741,4.691105769230769,eligible
447,114,75,0.8426966292134831,0.5859375,4.64578173374613,eligible
448,64,56,0.6292134831460674,0.5773195876288659,4.384615384615385,eligible
449,107,75,0.8426966292134831,0.6198347107438017,4.633144796380091,eligible
450,95,73,0.8202247191011236,0.6576576576576577,4.576271186440678,eligible
451,117,77,0.8651685393258427,0.5968992248062015,4.661339950372208,eligible
452,125,79,0.8876404494382022,0.5851851851851851,4.693645484949833,eligible
453,111,73,0.8202247191011236,0.5748031496062992,4.645445920303605,eligible
454,140,81,0.9101123595505618,0.5472972972972973,4.720668549905838,eligible
455,160,83,0.9325842696629213,0.5,4.8283313679245285,eligible
456,125,74,0.8314606741573034,0.5285714285714286,4.681818181818182,eligible
457,115,76,0.8539325842696629,0.59375,4.625,eligible
458,110,67,0.7528089887640449,0.5075757575757576,4.620689655172414,eligible
459,111,73,0.8202247191011236,0.5748031496062992,4.642857142857143,eligible
460,106,70,0.7865168539325843,0.56,4.588648090815274,eligible
461,120,78,0.8764044943820225,0.5954198473282443,4.7,eligible
462,88,73,0.8202247191011236,0.7019230769230769,4.4977611940298505,eligible
463,102,70,0.7865168539325843,0.5785123966942148,4.609273097826087,eligible
464,124,80,0.898876404494382,0.6015037593984962,4.698207547169812,eligible
465,100,67,0.7528089887640449,0.5491803278688525,4.571428571428571,eligible
466,125,83,0.9325842696629213,0.6335877862595419,4.666666666666667,eligible
467,121,79,0.8876404494382022,0.6030534351145038,4.692998055015282,eligible
468,103,74,0.8314606741573034,0.6271186440677966,4.615384615384615,eligible
469,121,75,0.8426966292134831,0.5555555555555556,4.700087719298246,eligible
470,79,68,0.7640449438202247,0.68,4.505970149253732,eligible
471,97,67,0.7528089887640449,0.5630252100840336,4.580701754385965,eligible
472,108,73,0.8202247191011236,0.5887096774193549,4.6340536512667665,eligible
473,82,66,0.7415730337078652,0.6285714285714286,4.529411764705882,eligible
474,138,80,0.898876404494382,0.54421768707483,4.705351976856316,eligible
475,115,71,0.797752808988764,0.5338345864661654,4.620844564240791,eligible
476,135,78,0.8764044943820225,0.5342465753424658,4.746830985915493,eligible
477,117,77,0.8651685393258427,0.5968992248062015,4.650681818181819,eligible
478,90,68,0.7640449438202247,0.6126126126126126,4.589529220779221,eligible
479,111,79,0.8876404494382022,0.6528925619834711,4.543201754385965,eligible
480,101,62,0.6966292134831461,0.484375,4.637852664576803,eligible
481,103,77,0.8651685393258427,0.6695652173913044,4.635775862068966,eligible
482,78,66,0.7415730337078652,0.6534653465346535,4.5,eligible
483,77,64,0.7191011235955056,0.6274509803921569,4.464408866995074,eligible
484,102,67,0.7528089887640449,0.5403225806451613,4.543759398496241,eligible
485,122,74,0.8314606741573034,0.5401459854014599,4.722222222222222,eligible
486,99,75,0.8426966292134831,0.6637168141592921,4.5557438794726925,eligible
487,110,76,0.8539325842696629,0.6178861788617886,4.555555555555555,eligible
488,103,71,0.797752808988764,0.5867768595041323,4.666666666666667,eligible
489,105,69,0.7752808988764045,0.552,4.646470588235294,eligible
490,116,73,0.8202247191011236,0.553030303030303,4.6748138957816385,eligible
491,130,72,0.8089887640449438,0.4897959183673469,4.735833333333334,eligible
492,105,71,0.797752808988764,0.5772357723577236,4.666666666666667,eligible
493,92,66,0.7415730337078652,0.5739130434782609,4.582456140350877,eligible
494,96,68,0.7640449438202247,0.5811965811965812,4.65520067834935,eligible
495,113,80,0.898876404494382,0.6557377049180327,4.609307065217392,eligible
496,99,75,0.8426966292134831,0.6637168141592921,4.578947368421052,eligible
497,85,67,0.7528089887640449,0.6261682242990654,4.537108262108262,eligible
498,89,62,0.6966292134831461,0.5344827586206896,4.572014051522248,eligible
499,101,72,0.8089887640449438,0.6101694915254238,4.5831060606060605,eligible
500,109,70,0.7865168539325843,0.546875,4.595625,eligible
501,84,62,0.6966292134831461,0.5585585585585585,4.5625,eligible
502,109,68,0.7640449438202247,0.5230769230769231,4.647058823529412,eligible
503,108,72,0.8089887640449438,0.576,4.615384615384615,eligible
504,105,71,0.797752808988764,0.5772357723577236,4.5795312500000005,eligible
505,106,74,0.8314606741573034,0.6115702479338843,4.666666666666667,eligible
506,116,71,0.797752808988764,0.5298507462686567,4.587745098039216,eligible
507,127,81,0.9101123595505618,0.6,4.709229583975347,eligible
508,86,69,0.7752808988764045,0.6509433962264151,4.569211822660098,eligible
509,104,72,0.8089887640449438,0.5950413223140496,4.6,eligible
510,111,66,0.7415730337078652,0.4925373134328358,4.6516139657444,eligible
511,97,68,0.7640449438202247,0.576271186440678,4.600983606557377,eligible
512,134,77,0.8651685393258427,0.5273972602739726,4.6875,eligible
513,83,66,0.7415730337078652,0.6226415094339622,4.5,eligible
514,127,79,0.8876404494382022,0.5766423357664233,4.75,eligible
515,106,76,0.8539325842696629,0.6386554621848739,4.6,eligible
516,89,64,0.7191011235955056,0.5614035087719298,4.500943396226416,eligible
517,96,67,0.7528089887640449,0.5677966101694916,4.61125730994152,eligible
518,136,81,0.9101123595505618,0.5625,4.722264957264957,eligible
519,92,65,0.7303370786516854,0.5603448275862069,4.5320833333333335,eligible
520,103,71,0.797752808988764,0.5867768595041323,4.619047619047619,eligible
521,140,74,0.8314606741573034,0.4774193548387097,4.762271062271062,eligible
522,109,78,0.8764044943820225,0.65,4.6019718309859154,eligible
523,93,73,0.8202247191011236,0.6697247706422018,4.583333333333333,eligible
524,86,61,0.6853932584269663,0.5350877192982456,4.510179799048123,eligible
525,124,76,0.8539325842696629,0.5547445255474452,4.720149602618045,eligible
526,102,75,0.8426966292134831,0.646551724137931,4.601206896551724,eligible
527,80,58,0.651685393258427,0.5225225225225225,4.461325724319579,eligible
528,112,73,0.8202247191011236,0.5703125,4.618484848484848,eligible
529,92,67,0.7528089887640449,0.5877192982456141,4.595,eligible
530,120,71,0.797752808988764,0.5144927536231884,4.642857142857143,eligible
531,92,68,0.7640449438202247,0.6017699115044248,4.516733870967743,eligible
532,124,82,0.9213483146067416,0.6259541984732825,4.677501366867141,eligible
533,103,73,0.8202247191011236,0.6134453781512605,4.588589643507676,eligible
534,100,68,0.7640449438202247,0.5619834710743802,4.6,eligible
535,149,81,0.9101123595505618,0.5159235668789809,4.784920634920635,eligible
536,117,76,0.8539325842696629,0.5846153846153846,4.6445852534562215,eligible
537,98,73,0.8202247191011236,0.6403508771929824,4.585251989389921,eligible
538,111,75,0.8426966292134831,0.6,4.656716417910448,eligible
539,131,84,0.9438202247191011,0.6176470588235294,4.751923076923077,eligible
540,126,77,0.8651685393258427,0.5579710144927537,4.714285714285714,eligible
541,109,76,0.8539325842696629,0.6229508196721312,4.55236074270557,eligible
542,98,64,0.7191011235955056,0.5203252032520326,4.596689303904924,eligible
543,122,77,0.8651685393258427,0.5746268656716418,4.699433962264151,eligible
544,104,70,0.7865168539325843,0.5691056910569106,4.645256166982922,eligible
545,114,69,0.7752808988764045,0.5149253731343284,4.625186567164179,eligible
546,106,71,0.797752808988764,0.5725806451612904,4.624202898550725,eligible
547,105,64,0.7191011235955056,0.49230769230769234,4.60051724137931,eligible
548,108,67,0.7528089887640449,0.5153846153846153,4.623484848484848,eligible
549,114,78,0.8764044943820225,0.624,4.6788072776280325,eligible
550,128,76,0.8539325842696629,0.5390070921985816,4.720555555555555,eligible
551,96,63,0.7078651685393258,0.5163934426229508,4.545454545454546,eligible
552,94,68,0.7640449438202247,0.591304347826087,4.555555555555555,eligible
553,105,78,0.8764044943820225,0.6724137931034483,4.584677419354839,eligible
554,89,63,0.7078651685393258,0.5478260869565217,4.562061403508772,eligible
555,89,62,0.6966292134831461,0.5344827586206896,4.549723279142166,eligible
556,105,76,0.8539325842696629,0.6440677966101694,4.625231481481482,eligible
557,92,63,0.7078651685393258,0.5338983050847458,4.533846153846154,eligible
558,111,71,0.797752808988764,0.5503875968992248,4.610951760104303,eligible
559,82,65,0.7303370786516854,0.6132075471698113,4.533861185983827,eligible
560,114,70,0.7865168539325843,0.5263157894736842,4.706194295900178,eligible
561,109,69,0.7752808988764045,0.5348837209302325,4.65,eligible
562,105,71,0.797752808988764,0.5772357723577236,4.636075036075036,eligible
563,136,83,0.9325842696629213,0.5845070422535211,4.714285714285714,eligible
564,76,62,0.6966292134831461,0.6019417475728155,4.5,eligible
565,89,74,0.8314606741573034,0.7115384615384616,4.569827586206896,eligible
566,111,80,0.898876404494382,0.6666666666666666,4.5660215053763435,eligible
567,102,77,0.8651685393258427,0.6754385964912281,4.558295081967213,eligible
568,78,55,0.6179775280898876,0.49107142857142855,4.4713651498335185,eligible
569,100,71,0.797752808988764,0.6016949152542372,4.620827285921625,eligible
570,90,66,0.7415730337078652,0.584070796460177,4.539583333333334,eligible
571,79,66,0.7415730337078652,0.6470588235294118,4.4922073424151465,eligible
572,116,79,0.8876404494382022,0.626984126984127,4.639060092449923,eligible
573,95,73,0.8202247191011236,0.6576576576576577,4.497692307692308,eligible
574,92,68,0.7640449438202247,0.6017699115044248,4.554464285714285,eligible
575,114,69,0.7752808988764045,0.5149253731343284,4.649605263157895,eligible
576,106,70,0.7865168539325843,0.56,4.632352941176471,eligible
577,105,71,0.797752808988764,0.5772357723577236,4.578947368421052,eligible
578,106,74,0.8314606741573034,0.6115702479338843,4.641803278688525,eligible
579,110,74,0.8314606741573034,0.592,4.666666666666667,eligible
580,116,80,0.898876404494382,0.64,4.6227497680173215,eligible
581,91,68,0.7640449438202247,0.6071428571428571,4.5495422535211265,eligible
582,93,71,0.797752808988764,0.6396396396396397,4.555555555555555,eligible
583,107,70,0.7865168539325843,0.5555555555555556,4.647570332480819,eligible
584,113,74,0.8314606741573034,0.578125,4.642217484008529,eligible
585,118,76,0.8539325842696629,0.5801526717557252,4.644231820667032,eligible
586,105,71,0.797752808988764,0.5772357723577236,4.679593220338983,eligible
587,90,65,0.7303370786516854,0.5701754385964912,4.466153846153847,eligible
588,107,75,0.8426966292134831,0.6198347107438017,4.720459016393442,eligible
589,72,59,0.6629213483146067,0.5784313725490197,4.5,eligible
590,109,75,0.8426966292134831,0.6097560975609756,4.630491990846681,eligible
591,117,81,0.9101123595505618,0.648,4.652222222222222,eligible
592,119,75,0.8426966292134831,0.5639097744360902,4.721311475409836,eligible
593,86,61,0.6853932584269663,0.5350877192982456,4.5,eligible
594,106,63,0.7078651685393258,0.4772727272727273,4.599838709677419,eligible
595,112,76,0.8539325842696629,0.608,4.580458624127617,eligible
596,103,68,0.7640449438202247,0.5483870967741935,4.543070787637089,eligible
597,105,72,0.8089887640449438,0.5901639344262295,4.59656432748538,eligible
598,90,66,0.7415730337078652,0.584070796460177,4.619372294372294,eligible
599,118,79,0.8876404494382022,0.6171875,4.631091617933723,eligible
600,117,67,0.7528089887640449,0.48201438848920863,4.660953079178886,eligible
601,68,52,0.5842696629213483,0.49523809523809526,4.448309178743962,eligible
602,104,68,0.7640449438202247,0.544,4.571428571428571,eligible
603,90,65,0.7303370786516854,0.5701754385964912,4.5835784313725485,eligible
604,124,78,0.8764044943820225,0.5777777777777777,4.6703125,eligible
605,77,60,0.6741573033707865,0.5660377358490566,4.475067385444744,eligible
606,99,73,0.8202247191011236,0.6347826086956522,4.530252100840336,eligible
607,133,83,0.9325842696629213,0.5971223021582733,4.714285714285714,eligible
608,80,58,0.651685393258427,0.5225225225225225,4.523376623376623,eligible
609,103,71,0.797752808988764,0.5867768595041323,4.621481062747315,eligible
610,91,67,0.7528089887640449,0.5929203539823009,4.55530303030303,eligible
611,108,79,0.8876404494382022,0.6694915254237288,4.666666666666667,eligible
612,104,76,0.8539325842696629,0.6495726495726496,4.6,eligible
613,95,74,0.8314606741573034,0.6727272727272727,4.573067915690866,eligible
614,131,79,0.8876404494382022,0.5602836879432624,4.765,eligible
615,96,78,0.8764044943820225,0.7289719626168224,4.517466266866567,eligible
616,115,80,0.898876404494382,0.6451612903225806,4.62510593220339,eligible
617,98,73,0.8202247191011236,0.6403508771929824,4.609661835748792,eligible
618,99,67,0.7528089887640449,0.5537190082644629,4.566071428571429,eligible
619,95,72,0.8089887640449438,0.6428571428571429,4.5625,eligible
620,109,74,0.8314606741573034,0.5967741935483871,4.6809389292440144,eligible
621,107,78,0.8764044943820225,0.6610169491525424,4.607591442374051,eligible
622,95,70,0.7865168539325843,0.6140350877192983,4.593718052192629,eligible
623,130,87,0.9775280898876404,0.6590909090909091,4.691740226986129,eligible
624,122,78,0.8764044943820225,0.5864661654135338,4.666666666666667,eligible
625,87,63,0.7078651685393258,0.5575221238938053,4.6,eligible
626,98,66,0.7415730337078652,0.5454545454545454,4.572932330827068,eligible
627,93,74,0.8314606741573034,0.6851851851851852,4.5315102639296185,eligible
628,109,73,0.8202247191011236,0.584,4.620413739266199,eligible
629,92,69,0.7752808988764045,0.6160714285714286,4.5874789915966385,eligible
630,93,71,0.797752808988764,0.6396396396396397,4.502966101694915,eligible
631,107,67,0.7528089887640449,0.5193798449612403,4.642857142857143,eligible
632,89,71,0.797752808988764,0.6635514018691588,4.583883647798742,eligible
633,103,72,0.8089887640449438,0.6,4.596610169491525,eligible
634,114,81,0.9101123595505618,0.6639344262295082,4.68098311817279,eligible
635,120,78,0.8764044943820225,0.5954198473282443,4.692431761786601,eligible
636,88,70,0.7865168539325843,0.6542056074766355,4.5,eligible
637,96,69,0.7752808988764045,0.5948275862068966,4.59830985915493,eligible
638,105,65,0.7303370786516854,0.5038759689922481,4.607692307692307,eligible
639,114,80,0.898876404494382,0.6504065040650406,4.661016949152542,eligible
640,121,80,0.898876404494382,0.6153846153846154,4.597882637628555,eligible
641,96,69,0.7752808988764045,0.5948275862068966,4.585919540229885,eligible
642,104,73,0.8202247191011236,0.6083333333333333,4.622629310344827,eligible
643,105,70,0.7865168539325843,0.5645161290322581,4.672428977272728,eligible
644,101,73,0.8202247191011236,0.6239316239316239,4.596745897000566,eligible
645,85,66,0.7415730337078652,0.6111111111111112,4.5910714285714285,eligible
646,95,67,0.7528089887640449,0.5726495726495726,4.584523809523809,eligible
647,87,67,0.7528089887640449,0.6146788990825688,4.479945205479453,eligible
648,98,69,0.7752808988764045,0.5847457627118644,4.552499999999999,eligible
649,150,80,0.898876404494382,0.5031446540880503,4.7688461538461535,eligible
650,58,50,0.5617977528089888,0.5154639175257731,4.3559322033898304,eligible
651,84,64,0.7191011235955056,0.5871559633027523,4.5,eligible
652,87,66,0.7415730337078652,0.6,4.51763925729443,eligible
653,101,70,0.7865168539325843,0.5833333333333334,4.63768115942029,eligible
654,116,78,0.8764044943820225,0.6141732283464567,4.60078431372549,eligible
655,104,75,0.8426966292134831,0.635593220338983,4.5760964912280695,eligible
656,111,73,0.8202247191011236,0.5748031496062992,4.6750432376340365,eligible
657,78,62,0.6966292134831461,0.5904761904761905,4.491266766020865,eligible
658,108,73,0.8202247191011236,0.5887096774193549,4.629480286738351,eligible
659,108,72,0.8089887640449438,0.576,4.697826086956522,eligible
660,115,76,0.8539325842696629,0.59375,4.626588983050848,eligible
661,111,68,0.7640449438202247,0.5151515151515151,4.647058823529412,eligible
662,100,66,0.7415730337078652,0.5365853658536586,4.574812030075187,eligible
663,108,76,0.8539325842696629,0.628099173553719,4.58734827264239,eligible
664,87,66,0.7415730337078652,0.6,4.539072039072039,eligible
665,91,70,0.7865168539325843,0.6363636363636364,4.559285714285714,eligible
666,104,71,0.797752808988764,0.5819672131147541,4.607957342083675,eligible
667,81,60,0.6741573033707865,0.5454545454545454,4.531770833333333,eligible
668,129,77,0.8651685393258427,0.5460992907801419,4.731743070362473,eligible
669,111,76,0.8539325842696629,0.6129032258064516,4.6692307692307695,eligible
670,101,71,0.797752808988764,0.5966386554621849,4.654016393442623,eligible
671,99,70,0.7865168539325843,0.5932203389830508,4.562840909090909,eligible
672,106,77,0.8651685393258427,0.652542372881356,4.579952153110048,eligible
673,90,66,0.7415730337078652,0.584070796460177,4.533589743589744,eligible
674,110,76,0.8539325842696629,0.6178861788617886,4.630931174089069,eligible
675,92,69,0.7752808988764045,0.6160714285714286,4.607315389924086,eligible
676,104,74,0.8314606741573034,0.6218487394957983,4.552705223880597,eligible
677,100,67,0.7528089887640449,0.5491803278688525,4.622619047619048,eligible
678,111,78,0.8764044943820225,0.639344262295082,4.625,eligible
679,131,79,0.8876404494382022,0.5602836879432624,4.672972972972973,eligible
680,77,59,0.6629213483146067,0.5514018691588785,4.473949579831933,eligible
681,115,72,0.8089887640449438,0.5454545454545454,4.630994152046783,eligible
682,101,81,0.9101123595505618,0.7431192660550459,4.544417862838916,eligible
683,100,71,0.797752808988764,0.6016949152542372,4.588235294117647,eligible
684,119,78,0.8764044943820225,0.6,4.706431372549019,eligible
685,131,76,0.8539325842696629,0.5277777777777778,4.75,eligible
686,107,72,0.8089887640449438,0.5806451612903226,4.614102564102564,eligible
687,103,69,0.7752808988764045,0.5609756097560976,4.568809523809524,eligible
688,88,65,0.7303370786516854,0.5803571428571429,4.5,eligible
689,110,75,0.8426966292134831,0.6048387096774194,4.625,eligible
690,125,80,0.898876404494382,0.5970149253731343,4.69079939668175,eligible
691,119,76,0.8539325842696629,0.5757575757575758,4.637460815047022,eligible
692,100,73,0.8202247191011236,0.6293103448275862,4.554960317460317,eligible
693,154,77,0.8651685393258427,0.463855421686747,4.818628912071535,eligible
694,100,72,0.8089887640449438,0.6153846153846154,4.561904761904763,eligible
695,104,68,0.7640449438202247,0.544,4.633014354066986,eligible
696,89,69,0.7752808988764045,0.6330275229357798,4.535641025641025,eligible
697,152,79,0.8876404494382022,0.4876543209876543,4.8169696969696965,eligible
698,90,67,0.7528089887640449,0.5982142857142857,4.590909090909091,eligible
699,92,66,0.7415730337078652,0.5739130434782609,4.5092731829573935,eligible
700,113,78,0.8764044943820225,0.6290322580645161,4.632296650717704,eligible
701,92,67,0.7528089887640449,0.5877192982456141,4.563173076923077,eligible
702,89,68,0.7640449438202247,0.6181818181818182,4.5,eligible
703,79,59,0.6629213483146067,0.5412844036697247,4.533333333333333,eligible
704,127,78,0.8764044943820225,0.5652173913043478,4.700294117647059,eligible
705,102,70,0.7865168539325843,0.5785123966942148,4.6,eligible
706,119,68,0.7640449438202247,0.4857142857142857,4.718509615384615,eligible
707,89,66,0.7415730337078652,0.5892857142857143,4.5274936061381075,eligible
708,98,70,0.7865168539325843,0.5982905982905983,4.548790322580645,eligible
709,80,59,0.6629213483146067,0.5363636363636364,4.5,eligible
710,107,74,0.8314606741573034,0.6065573770491803,4.647518382352942,eligible
711,71,64,0.7191011235955056,0.6666666666666666,4.430418719211823,eligible
712,88,68,0.7640449438202247,0.6238532110091743,4.543605546995378,eligible
713,99,70,0.7865168539325843,0.5932203389830508,4.5969354838709675,eligible
714,110,76,0.8539325842696629,0.6178861788617886,4.612096774193549,eligible
715,105,73,0.8202247191011236,0.6033057851239669,4.65,eligible
716,91,64,0.7191011235955056,0.5517241379310345,4.529411764705882,eligible
717,94,78,0.8764044943820225,0.7428571428571429,4.522672352523099,eligible
718,93,62,0.6966292134831461,0.5166666666666667,4.536651583710407,eligible
719,117,72,0.8089887640449438,0.5373134328358209,4.683055555555556,eligible
720,120,72,0.8089887640449438,0.5255474452554745,4.733333333333333,eligible
721,84,63,0.7078651685393258,0.5727272727272728,4.50866645346978,eligible
722,113,78,0.8764044943820225,0.6290322580645161,4.652985507246377,eligible
723,92,69,0.7752808988764045,0.6160714285714286,4.5376811594202895,eligible
724,137,82,0.9213483146067416,0.5694444444444444,4.714285714285714,eligible
725,93,64,0.7191011235955056,0.5423728813559322,4.560328767123288,eligible
726,113,74,0.8314606741573034,0.578125,4.610027472527472,eligible
727,121,75,0.8426966292134831,0.5555555555555556,4.650476190476191,eligible
728,82,65,0.7303370786516854,0.6132075471698113,4.538461538461538,eligible
729,107,70,0.7865168539325843,0.5555555555555556,4.613888888888889,eligible
730,86,71,0.797752808988764,0.6826923076923077,4.5625,eligible
731,120,79,0.8876404494382022,0.6076923076923076,4.647058823529412,eligible
732,114,77,0.8651685393258427,0.6111111111111112,4.627101335428122,eligible
733,90,61,0.6853932584269663,0.5169491525423728,4.598076923076922,eligible
734,122,79,0.8876404494382022,0.5984848484848485,4.681473684210526,eligible
735,110,74,0.8314606741573034,0.592,4.625,eligible
736,119,77,0.8651685393258427,0.5877862595419847,4.636363636363637,eligible
737,109,79,0.8876404494382022,0.6638655462184874,4.647058823529412,eligible
738,84,64,0.7191011235955056,0.5871559633027523,4.558680555555555,eligible
739,129,82,0.9213483146067416,0.6029411764705882,4.695398351648351,eligible
740,117,80,0.898876404494382,0.6349206349206349,4.661016949152542,eligible
741,96,74,0.8314606741573034,0.6666666666666666,4.5640919811320755,eligible
742,79,63,0.7078651685393258,0.6,4.473684210526316,eligible
743,111,73,0.8202247191011236,0.5748031496062992,4.669270833333334,eligible
744,91,68,0.7640449438202247,0.6071428571428571,4.526199701937407,eligible
745,135,84,0.9438202247191011,0.6,4.700701754385965,eligible
746,75,65,0.7303370786516854,0.6565656565656566,4.548021911138163,eligible
747,116,77,0.8651685393258427,0.6015625,4.68453947368421,eligible
748,103,71,0.797752808988764,0.5867768595041323,4.583333333333333,eligible
749,99,70,0.7865168539325843,0.5932203389830508,4.545454545454546,eligible
750,85,57,0.6404494382022472,0.48717948717948717,4.515579044117647,eligible
751,135,79,0.8876404494382022,0.5448275862068965,4.6875,eligible
752,100,69,0.7752808988764045,0.575,4.6346459096459105,eligible
753,92,71,0.797752808988764,0.6454545454545455,4.564941824862217,eligible
754,125,76,0.8539325842696629,0.5507246376811594,4.684210526315789,eligible
755,117,73,0.8202247191011236,0.5488721804511278,4.7,eligible
756,100,72,0.8089887640449438,0.6153846153846154,4.536923076923077,eligible
757,98,69,0.7752808988764045,0.5847457627118644,4.5301470588235295,eligible
758,89,72,0.8089887640449438,0.6792452830188679,4.5626768867924525,eligible
759,124,69,0.7752808988764045,0.4791666666666667,4.663120567375887,eligible
760,96,66,0.7415730337078652,0.5546218487394958,4.643487394957984,eligible
761,113,80,0.898876404494382,0.6557377049180327,4.666666666666667,eligible
762,73,63,0.7078651685393258,0.6363636363636364,4.492213114754098,eligible
763,98,74,0.8314606741573034,0.6548672566371682,4.6152496626180834,eligible
764,86,61,0.6853932584269663,0.5350877192982456,4.553571428571429,eligible
765,87,66,0.7415730337078652,0.6,4.53263440860215,eligible
766,128,80,0.898876404494382,0.583941605839416,4.7272727272727275,eligible
767,93,72,0.8089887640449438,0.6545454545454545,4.581166666666666,eligible
768,90,68,0.7640449438202247,0.6126126126126126,4.5,eligible
769,89,71,0.797752808988764,0.6635514018691588,4.509245647969052,eligible
770,110,76,0.8539325842696629,0.6178861788617886,4.626411290322581,eligible
771,101,69,0.7752808988764045,0.5702479338842975,4.602058823529411,eligible
772,99,75,0.8426966292134831,0.6637168141592921,4.584905660377358,eligible
773,97,68,0.7640449438202247,0.576271186440678,4.586916835699797,eligible
774,70,56,0.6292134831460674,0.5436893203883495,4.427602905569008,eligible
775,96,69,0.7752808988764045,0.5948275862068966,4.5565508021390375,eligible
776,113,76,0.8539325842696629,0.6031746031746031,4.66448087431694,eligible
777,68,56,0.6292134831460674,0.5544554455445545,4.423253676470589,eligible
778,85,64,0.7191011235955056,0.5818181818181818,4.5356388329979875,eligible
779,105,71,0.797752808988764,0.5772357723577236,4.6923076923076925,eligible
780,112,77,0.8651685393258427,0.6209677419354839,4.607924107142857,eligible
781,90,65,0.7303370786516854,0.5701754385964912,4.588502673796791,eligible
782,122,81,0.9101123595505618,0.6230769230769231,4.638224504768892,eligible
783,85,56,0.6292134831460674,0.4745762711864407,4.5,eligible
784,95,74,0.8314606741573034,0.6727272727272727,4.518051242236025,eligible
785,77,61,0.6853932584269663,0.580952380952381,4.529607843137255,eligible
786,93,68,0.7640449438202247,0.5964912280701754,4.608797554347826,eligible
787,105,69,0.7752808988764045,0.552,4.596774193548387,eligible
788,74,49,0.550561797752809,0.4298245614035088,4.463030303030303,eligible
789,98,71,0.797752808988764,0.6120689655172413,4.583333333333333,eligible
790,75,59,0.6629213483146067,0.5619047619047619,4.386695906432749,eligible
791,123,80,0.898876404494382,0.6060606060606061,4.583133971291866,eligible
792,113,75,0.8426966292134831,0.5905511811023622,4.666666666666667,eligible
793,89,70,0.7865168539325843,0.6481481481481481,4.608695652173913,eligible
794,78,60,0.6741573033707865,0.5607476635514018,4.533333333333333,eligible
795,95,67,0.7528089887640449,0.5726495726495726,4.600634920634921,eligible
796,102,73,0.8202247191011236,0.6186440677966102,4.635569985569986,eligible
797,117,81,0.9101123595505618,0.648,4.716776729559749,eligible
798,104,73,0.8202247191011236,0.6083333333333333,4.58762677484787,eligible
799,92,60,0.6741573033707865,0.49586776859504134,4.593979266347687,eligible
800,105,71,0.797752808988764,0.5772357723577236,4.607777777777777,eligible
801,120,75,0.8426966292134831,0.5597014925373134,4.654445165476963,eligible
802,118,76,0.8539325842696629,0.5801526717557252,4.660129032258065,eligible
803,90,70,0.7865168539325843,0.6422018348623854,4.5625,eligible
804,92,71,0.797752808988764,0.6454545454545455,4.555555555555555,eligible
805,101,65,0.7303370786516854,0.52,4.571428571428571,eligible
806,99,75,0.8426966292134831,0.6637168141592921,4.554406130268199,eligible
807,104,82,0.9213483146067416,0.7387387387387387,4.5377777777777775,eligible
808,83,69,0.7752808988764045,0.6699029126213593,4.4562403697996915,eligible
809,98,69,0.7752808988764045,0.5847457627118644,4.562896126760563,eligible
810,82,64,0.7191011235955056,0.5981308411214953,4.582587064676616,eligible
811,94,67,0.7528089887640449,0.5775862068965517,4.5829802259887,eligible
812,79,57,0.6404494382022472,0.5135135135135135,4.524935289042277,eligible
813,104,72,0.8089887640449438,0.5950413223140496,4.692369727047146,eligible
814,123,76,0.8539325842696629,0.5588235294117647,4.650833333333334,eligible
815,84,70,0.7865168539325843,0.6796116504854369,4.52243328100471,eligible
816,107,77,0.8651685393258427,0.6470588235294118,4.625,eligible
817,69,60,0.6741573033707865,0.6122448979591837,4.434444444444445,eligible
818,96,68,0.7640449438202247,0.5811965811965812,4.5640919811320755,eligible
819,86,66,0.7415730337078652,0.6055045871559633,4.470588235294118,eligible
820,89,63,0.7078651685393258,0.5478260869565217,4.533333333333333,eligible
821,120,79,0.8876404494382022,0.6076923076923076,4.666666666666667,eligible
822,98,71,0.797752808988764,0.6120689655172413,4.571428571428571,eligible
823,123,75,0.8426966292134831,0.5474452554744526,4.67545766590389,eligible
824,68,54,0.6067415730337079,0.5242718446601942,4.5,eligible
825,113,79,0.8876404494382022,0.6422764227642277,4.619047619047619,eligible
826,86,68,0.7640449438202247,0.6355140186915887,4.52414974308784,eligible
827,110,74,0.8314606741573034,0.592,4.630897435897436,eligible
828,94,65,0.7303370786516854,0.5508474576271186,4.583333333333333,eligible
829,95,72,0.8089887640449438,0.6428571428571429,4.574812030075187,eligible
830,71,55,0.6179775280898876,0.5238095238095238,4.4494444444444445,eligible
831,101,68,0.7640449438202247,0.5573770491803278,4.637460815047022,eligible
832,93,65,0.7303370786516854,0.5555555555555556,4.57593984962406,eligible
833,83,64,0.7191011235955056,0.5925925925925926,4.568432510885341,eligible
834,59,52,0.5842696629213483,0.5416666666666666,4.421052631578948,eligible
835,98,73,0.8202247191011236,0.6403508771929824,4.586310160427807,eligible
836,123,74,0.8314606741573034,0.5362318840579711,4.6875,eligible
837,116,76,0.8539325842696629,0.5891472868217055,4.643663594470047,eligible
838,102,72,0.8089887640449438,0.6050420168067226,4.6,eligible
839,89,70,0.7865168539325843,0.6481481481481481,4.562061403508772,eligible
840,105,79,0.8876404494382022,0.6869565217391305,4.590441006695913,eligible
841,125,84,0.9438202247191011,0.6461538461538462,4.700294117647059,eligible
842,113,74,0.8314606741573034,0.578125,4.666666666666667,eligible
843,82,63,0.7078651685393258,0.5833333333333334,4.548664383561644,eligible
844,112,67,0.7528089887640449,0.5,4.684210526315789,eligible
845,118,70,0.7865168539325843,0.5109489051094891,4.700737704918033,eligible
846,73,56,0.6292134831460674,0.5283018867924528,4.514904143475572,eligible
847,106,72,0.8089887640449438,0.5853658536585366,4.645329670329671,eligible
848,111,76,0.8539325842696629,0.6129032258064516,4.655985379226317,eligible
849,81,59,0.6629213483146067,0.5315315315315315,4.4463293650793645,eligible
850,86,62,0.6966292134831461,0.5486725663716814,4.491687552213868,eligible
851,101,76,0.8539325842696629,0.6666666666666666,4.610677083333333,eligible
852,97,69,0.7752808988764045,0.5897435897435898,4.6,eligible
853,89,68,0.7640449438202247,0.6181818181818182,4.540218579234973,eligible
854,107,77,0.8651685393258427,0.6470588235294118,4.615897435897436,eligible
855,114,78,0.8764044943820225,0.624,4.586409736308316,eligible
856,81,67,0.7528089887640449,0.6504854368932039,4.519088319088319,eligible
857,95,70,0.7865168539325843,0.6140350877192983,4.5625,eligible
858,96,76,0.8539325842696629,0.6972477064220184,4.571428571428571,eligible
859,101,67,0.7528089887640449,0.5447154471544715,4.5113263785394935,eligible
860,85,69,0.7752808988764045,0.6571428571428571,4.521739130434782,eligible
861,131,77,0.8651685393258427,0.5384615384615384,4.714285714285714,eligible
862,79,55,0.6179775280898876,0.48672566371681414,4.5398305084745765,eligible
863,78,63,0.7078651685393258,0.6057692307692307,4.533333333333333,eligible
864,117,73,0.8202247191011236,0.5488721804511278,4.625,eligible
865,84,67,0.7528089887640449,0.6320754716981132,4.548467741935484,eligible
866,118,80,0.898876404494382,0.6299212598425197,4.643214285714286,eligible
867,85,68,0.7640449438202247,0.6415094339622641,4.470864661654136,eligible
868,94,61,0.6853932584269663,0.5,4.592873651771957,eligible
869,97,66,0.7415730337078652,0.55,4.561647727272727,eligible
870,97,73,0.8202247191011236,0.6460176991150443,4.609782608695652,eligible
871,101,69,0.7752808988764045,0.5702479338842975,4.583730158730159,eligible
872,107,69,0.7752808988764045,0.5433070866141733,4.632296650717704,eligible
873,89,70,0.7865168539325843,0.6481481481481481,4.5,eligible
874,63,50,0.5617977528089888,0.49019607843137253,4.483324353448276,eligible
875,124,77,0.8651685393258427,0.5661764705882353,4.710145888594164,eligible
876,98,75,0.8426966292134831,0.6696428571428571,4.529411764705882,eligible
877,80,63,0.7078651685393258,0.5943396226415094,4.5,eligible
878,99,70,0.7865168539325843,0.5932203389830508,4.625,eligible
879,111,77,0.8651685393258427,0.6260162601626016,4.639551192145863,eligible
880,140,81,0.9101123595505618,0.5472972972972973,4.72488038277512,eligible
881,127,81,0.9101123595505618,0.6,4.709341397849462,eligible
882,105,75,0.8426966292134831,0.6302521008403361,4.597727272727273,eligible
883,98,78,0.8764044943820225,0.7155963302752294,4.57073732718894,eligible
884,101,70,0.7865168539325843,0.5833333333333334,4.59360165118679,eligible
885,83,63,0.7078651685393258,0.5779816513761468,4.4722677595628415,eligible
886,106,74,0.8314606741573034,0.6115702479338843,4.663978494623656,eligible
887,96,71,0.797752808988764,0.6228070175438597,4.580147058823529,eligible
888,104,71,0.797752808988764,0.5819672131147541,4.596346153846153,eligible
889,75,69,0.7752808988764045,0.7263157894736842,4.426229508196721,eligible
890,116,75,0.8426966292134831,0.5769230769230769,4.663030303030303,eligible
891,85,69,0.7752808988764045,0.6571428571428571,4.525735950044603,eligible
892,84,71,0.797752808988764,0.696078431372549,4.5,eligible
893,111,74,0.8314606741573034,0.5873015873015873,4.652351375332742,eligible
894,97,69,0.7752808988764045,0.5897435897435898,4.571428571428571,eligible
895,109,77,0.8651685393258427,0.6363636363636364,4.583764367816092,eligible
896,84,68,0.7640449438202247,0.6476190476190476,4.5,eligible
897,103,71,0.797752808988764,0.5867768595041323,4.615384615384615,eligible
898,90,72,0.8089887640449438,0.6728971962616822,4.5,eligible
899,109,72,0.8089887640449438,0.5714285714285714,4.647570332480819,eligible
900,99,77,0.8651685393258427,0.6936936936936937,4.612606837606838,eligible
901,75,60,0.6741573033707865,0.5769230769230769,4.555555555555555,eligible
902,108,76,0.8539325842696629,0.628099173553719,4.577443609022556,eligible
903,65,53,0.5955056179775281,0.5247524752475248,4.432142857142858,eligible
904,88,66,0.7415730337078652,0.5945945945945946,4.529411764705882,eligible
905,81,64,0.7191011235955056,0.6037735849056604,4.533333333333333,eligible
906,88,64,0.7191011235955056,0.5663716814159292,4.540666666666667,eligible
907,112,74,0.8314606741573034,0.5826771653543307,4.612493165664298,eligible
908,105,73,0.8202247191011236,0.6033057851239669,4.666666666666667,eligible
909,108,73,0.8202247191011236,0.5887096774193549,4.66698717948718,eligible
910,85,65,0.7303370786516854,0.5963302752293578,4.615384615384615,eligible
911,87,66,0.7415730337078652,0.6,4.467169811320755,eligible
912,107,74,0.8314606741573034,0.6065573770491803,4.6521739130434785,eligible
913,105,75,0.8426966292134831,0.6302521008403361,4.582236842105263,eligible
914,109,74,0.8314606741573034,0.5967741935483871,4.7,eligible
915,94,67,0.7528089887640449,0.5775862068965517,4.614574898785425,eligible
916,96,64,0.7191011235955056,0.5289256198347108,4.573319327731093,eligible
917,104,75,0.8426966292134831,0.635593220338983,4.629609306409131,eligible
918,123,74,0.8314606741573034,0.5362318840579711,4.714285714285714,eligible
919,105,68,0.7640449438202247,0.5396825396825397,4.642857142857143,eligible
920,88,72,0.8089887640449438,0.6857142857142857,4.5169653524492235,eligible
921,54,48,0.5393258426966292,0.5052631578947369,4.3149671052631575,eligible
922,111,73,0.8202247191011236,0.5748031496062992,4.608695652173913,eligible
923,101,73,0.8202247191011236,0.6239316239316239,4.555555555555555,eligible
924,110,69,0.7752808988764045,0.5307692307692308,4.6218202374222725,eligible
925,116,78,0.8764044943820225,0.6141732283464567,4.606923076923076,eligible
926,116,72,0.8089887640449438,0.5413533834586466,4.6064807219032,eligible
927,107,73,0.8202247191011236,0.5934959349593496,4.5930614158462255,eligible
928,96,73,0.8202247191011236,0.6517857142857143,4.592592592592593,eligible
929,108,73,0.8202247191011236,0.5887096774193549,4.584361471861472,eligible
930,92,72,0.8089887640449438,0.6605504587155964,4.535707146426787,eligible
931,109,71,0.797752808988764,0.5590551181102362,4.583823529411765,eligible
932,101,75,0.8426966292134831,0.6521739130434783,4.593773165307636,eligible
933,89,65,0.7303370786516854,0.5752212389380531,4.556666666666667,eligible
934,88,57,0.6404494382022472,0.475,4.6,eligible
935,116,74,0.8314606741573034,0.5648854961832062,4.6406403940886705,eligible
936,97,71,0.797752808988764,0.6173913043478261,4.62889576883385,eligible
937,122,74,0.8314606741573034,0.5401459854014599,4.645320197044335,eligible
938,105,72,0.8089887640449438,0.5901639344262295,4.644744455159113,eligible
939,100,75,0.8426966292134831,0.6578947368421053,4.6409090909090915,eligible
940,103,73,0.8202247191011236,0.6134453781512605,4.572180451127819,eligible
941,91,66,0.7415730337078652,0.5789473684210527,4.583411949685535,eligible
942,150,83,0.9325842696629213,0.532051282051282,4.733145539906103,eligible
943,87,65,0.7303370786516854,0.5855855855855856,4.595564516129032,eligible
944,98,73,0.8202247191011236,0.6403508771929824,4.636275314723591,eligible
945,92,65,0.7303370786516854,0.5603448275862069,4.538289322617681,eligible
946,103,67,0.7528089887640449,0.536,4.61956241956242,eligible
947,98,69,0.7752808988764045,0.5847457627118644,4.549545454545455,eligible
948,90,65,0.7303370786516854,0.5701754385964912,4.523196881091618,eligible
949,111,80,0.898876404494382,0.6666666666666666,4.69012987012987,eligible
950,86,70,0.7865168539325843,0.6666666666666666,4.517619047619048,eligible
951,96,73,0.8202247191011236,0.6517857142857143,4.560885167464114,eligible
952,97,67,0.7528089887640449,0.5630252100840336,4.598305084745762,eligible
953,79,58,0.651685393258427,0.5272727272727272,4.529134295227525,eligible
954,114,74,0.8314606741573034,0.5736434108527132,4.681689536878216,eligible
955,107,74,0.8314606741573034,0.6065573770491803,4.573710221793635,eligible
956,99,67,0.7528089887640449,0.5537190082644629,4.594195156695156,eligible
957,99,69,0.7752808988764045,0.5798319327731093,4.559941520467836,eligible
958,106,72,0.8089887640449438,0.5853658536585366,4.555882352941176,eligible
959,107,74,0.8314606741573034,0.6065573770491803,4.619098143236074,eligible
960,101,73,0.8202247191011236,0.6239316239316239,4.619182389937107,eligible
961,103,72,0.8089887640449438,0.6,4.625839552238806,eligible
962,103,72,0.8089887640449438,0.6,4.593458686440678,eligible
963,109,75,0.8426966292134831,0.6097560975609756,4.647058823529412,eligible
964,84,61,0.6853932584269663,0.5446428571428571,4.5664150943396224,eligible
965,117,78,0.8764044943820225,0.609375,4.705882352941177,eligible
966,79,62,0.6966292134831461,0.5849056603773585,4.454699537750384,eligible
967,117,80,0.898876404494382,0.6349206349206349,4.5625,eligible
968,101,75,0.8426966292134831,0.6521739130434783,4.602586206896552,eligible
969,95,73,0.8202247191011236,0.6576576576576577,4.5783400809716595,eligible
970,109,79,0.8876404494382022,0.6638655462184874,4.5798155467720685,eligible
971,87,70,0.7865168539325843,0.660377358490566,4.512753134040501,eligible
972,107,72,0.8089887640449438,0.5806451612903226,4.663030303030303,eligible
973,73,62,0.6966292134831461,0.62,4.5287828947368425,eligible
974,107,81,0.9101123595505618,0.7043478260869566,4.621130952380952,eligible
975,62,49,0.550561797752809,0.4803921568627451,4.487857142857143,eligible
976,103,72,0.8089887640449438,0.6,4.6,eligible
977,106,71,0.797752808988764,0.5725806451612904,4.625,eligible
978,100,65,0.7303370786516854,0.5241935483870968,4.601206896551724,eligible
979,105,71,0.797752808988764,0.5772357723577236,4.603480806766428,eligible
980,87,68,0.7640449438202247,0.6296296296296297,4.497826086956522,eligible
981,112,78,0.8764044943820225,0.6341463414634146,4.616849816849816,eligible
982,70,54,0.6067415730337079,0.5142857142857142,4.473397129186603,eligible
983,91,69,0.7752808988764045,0.6216216216216216,4.550277777777778,eligible
984,109,77,0.8651685393258427,0.6363636363636364,4.636363636363637,eligible
985,84,59,0.6629213483146067,0.5175438596491229,4.520933977455716,eligible
986,111,78,0.8764044943820225,0.639344262295082,4.625,eligible
987,109,83,0.9325842696629213,0.7217391304347827,4.6229545454545455,eligible
988,100,69,0.7752808988764045,0.575,4.593421052631579,eligible
989,109,76,0.8539325842696629,0.6229508196721312,4.626483050847457,eligible
990,123,78,0.8764044943820225,0.582089552238806,4.687840909090909,eligible
991,92,64,0.7191011235955056,0.5470085470085471,4.571428571428571,eligible
992,114,76,0.8539325842696629,0.5984251968503937,4.650634920634921,eligible
993,112,75,0.8426966292134831,0.5952380952380952,4.66176983435048,eligible
994,109,74,0.8314606741573034,0.5967741935483871,4.640435914118413,eligible
995,108,70,0.7865168539325843,0.5511811023622047,4.634162895927602,eligible
996,88,68,0.7640449438202247,0.6238532110091743,4.526415094339622,eligible
997,90,63,0.7078651685393258,0.5431034482758621,4.635687960687961,eligible
998,111,82,0.9213483146067416,0.6949152542372882,4.6299235993208825,eligible
999,116,75,0.8426966292134831,0.5769230769230769,4.688362068965517,eligible
1000,93,72,0.8089887640449438,0.6545454545454545,4.5,eligible
1001,82,64,0.7191011235955056,0.5981308411214953,4.5,eligible
1002,82,47,0.5280898876404494,0.3790322580645161,4.612634408602151,eligible
1003,71,61,0.6853932584269663,0.6161616161616161,4.529411764705882,eligible
1004,134,79,0.8876404494382022,0.5486111111111112,4.722222222222222,eligible
1005,123,78,0.8764044943820225,0.582089552238806,4.666666666666667,eligible
1006,92,73,0.8202247191011236,0.6759259259259259,4.5,eligible
1007,94,62,0.6966292134831461,0.512396694214876,4.568075639599555,eligible
1008,121,77,0.8651685393258427,0.5789473684210527,4.6609866828087165,eligible
1009,89,68,0.7640449438202247,0.6181818181818182,4.535714285714286,eligible
1010,73,59,0.6629213483146067,0.5728155339805825,4.459026687598117,eligible
1011,81,61,0.6853932584269663,0.5596330275229358,4.533333333333333,eligible
1012,147,87,0.9775280898876404,0.5838926174496645,4.733854166666667,eligible
1013,121,74,0.8314606741573034,0.5441176470588235,4.691888111888112,eligible
1014,106,72,0.8089887640449438,0.5853658536585366,4.581818181818182,eligible
1015,90,65,0.7303370786516854,0.5701754385964912,4.553471575023299,eligible
1016,129,75,0.8426966292134831,0.5244755244755245,4.6875,eligible
1017,99,72,0.8089887640449438,0.6206896551724138,4.644163602941177,eligible
1018,148,84,0.9438202247191011,0.5490196078431373,4.755533498759306,eligible
1019,78,60,0.6741573033707865,0.5607476635514018,4.489707602339181,eligible
1020,94,75,0.8426966292134831,0.6944444444444444,4.5327030033370415,eligible
1021,110,75,0.8426966292134831,0.6048387096774194,4.678636363636364,eligible
1022,106,79,0.8876404494382022,0.6810344827586207,4.674224137931034,eligible
1023,98,70,0.7865168539325843,0.5982905982905983,4.583333333333333,eligible
1024,88,68,0.7640449438202247,0.6238532110091743,4.583883647798742,eligible
1025,108,77,0.8651685393258427,0.6416666666666667,4.616849816849816,eligible
1026,99,79,0.8876404494382022,0.7247706422018348,4.545970394736842,eligible
1027,102,65,0.7303370786516854,0.5158730158730159,4.6,eligible
1028,109,69,0.7752808988764045,0.5348837209302325,4.63439393939394,eligible
1029,100,77,0.8651685393258427,0.6875,4.566781609195402,eligible
1030,110,76,0.8539325842696629,0.6178861788617886,4.626851851851852,eligible
1031,107,77,0.8651685393258427,0.6470588235294118,4.64021875,eligible
1032,102,73,0.8202247191011236,0.6186440677966102,4.6,eligible
1033,134,81,0.9101123595505618,0.5704225352112676,4.745762711864407,eligible
1034,97,72,0.8089887640449438,0.631578947368421,4.533503836317135,eligible
1035,114,75,0.8426966292134831,0.5859375,4.603393541324576,eligible
1036,84,62,0.6966292134831461,0.5585585585585585,4.526024590163934,eligible
1037,77,59,0.6629213483146067,0.5514018691588785,4.461538461538462,eligible
1038,73,63,0.7078651685393258,0.6363636363636364,4.4815172413793105,eligible
1039,99,76,0.8539325842696629,0.6785714285714286,4.553385416666666,eligible
1040,119,83,0.9325842696629213,0.664,4.6497277676951,eligible
1041,120,78,0.8764044943820225,0.5954198473282443,4.6275,eligible
1042,98,75,0.8426966292134831,0.6696428571428571,4.5216666666666665,eligible
1043,94,75,0.8426966292134831,0.6944444444444444,4.5396825396825395,eligible
1044,68,57,0.6404494382022472,0.57,4.4309681697612735,eligible
1045,72,57,0.6404494382022472,0.5480769230769231,4.431174277726003,eligible
1046,83,64,0.7191011235955056,0.5925925925925926,4.538461538461538,eligible
1047,90,70,0.7865168539325843,0.6422018348623854,4.529831932773109,eligible
1048,123,75,0.8426966292134831,0.5474452554744526,4.641027699718989,eligible
1049,126,78,0.8764044943820225,0.5693430656934306,4.7258948298718515,eligible
1050,131,74,0.8314606741573034,0.5068493150684932,4.75,eligible
1051,83,69,0.7752808988764045,0.6699029126213593,4.5469208211143695,eligible
1052,106,76,0.8539325842696629,0.6386554621848739,4.590016233766233,eligible
1053,141,80,0.898876404494382,0.5333333333333333,4.733928571428572,eligible
1054,98,71,0.797752808988764,0.6120689655172413,4.577895293495505,eligible
1055,115,64,0.7191011235955056,0.45714285714285713,4.693076923076924,eligible
1056,105,68,0.7640449438202247,0.5396825396825397,4.65187969924812,eligible
1057,106,70,0.7865168539325843,0.56,4.643220338983051,eligible
1058,87,65,0.7303370786516854,0.5855855855855856,4.444821428571428,eligible
1059,98,64,0.7191011235955056,0.5203252032520326,4.595185185185185,eligible
1060,126,78,0.8764044943820225,0.5693430656934306,4.7,eligible
1061,105,71,0.797752808988764,0.5772357723577236,4.630740740740741,eligible
1062,101,76,0.8539325842696629,0.6666666666666666,4.544583333333334,eligible
1063,79,60,0.6741573033707865,0.5555555555555556,4.533515981735159,eligible
1064,136,77,0.8651685393258427,0.5202702702702703,4.733333333333333,eligible
1065,95,73,0.8202247191011236,0.6576576576576577,4.533333333333333,eligible
1066,121,81,0.9101123595505618,0.627906976744186,4.657218001168907,eligible
1067,103,66,0.7415730337078652,0.5238095238095238,4.6915492957746485,eligible
1068,79,62,0.6966292134831461,0.5849056603773585,4.538538461538462,eligible
1069,100,70,0.7865168539325843,0.5882352941176471,4.625,eligible
1070,107,80,0.898876404494382,0.6896551724137931,4.6108286252354045,eligible
1071,125,81,0.9101123595505618,0.6090225563909775,4.7197894736842105,eligible
1072,91,64,0.7191011235955056,0.5517241379310345,4.500438596491228,eligible
1073,89,70,0.7865168539325843,0.6481481481481481,4.571428571428571,eligible
1074,100,73,0.8202247191011236,0.6293103448275862,4.58502545672357,eligible
1075,80,62,0.6966292134831461,0.5794392523364486,4.572833723653396,eligible
1076,101,69,0.7752808988764045,0.5702479338842975,4.578521286231884,eligible
1077,117,73,0.8202247191011236,0.5488721804511278,4.629326923076923,eligible
1078,128,79,0.8876404494382022,0.572463768115942,4.720588235294118,eligible
1079,100,66,0.7415730337078652,0.5365853658536586,4.573698167791707,eligible
1080,109,73,0.8202247191011236,0.584,4.636363636363637,eligible
1081,77,63,0.7078651685393258,0.6116504854368932,4.473062200956938,eligible
1082,103,70,0.7865168539325843,0.5737704918032787,4.616282051282051,eligible
1083,90,68,0.7640449438202247,0.6126126126126126,4.555555555555555,eligible
1084,93,63,0.7078651685393258,0.5294117647058824,4.613011695906432,eligible
1085,76,61,0.6853932584269663,0.5865384615384616,4.538621794871795,eligible
1086,114,67,0.7528089887640449,0.49264705882352944,4.713419913419913,eligible
1087,136,82,0.9213483146067416,0.5734265734265734,4.771688311688312,eligible
1088,96,65,0.7303370786516854,0.5416666666666666,4.579098557692308,eligible
1089,91,64,0.7191011235955056,0.5517241379310345,4.520056100981767,eligible
1090,115,71,0.797752808988764,0.5338345864661654,4.679699248120301,eligible
1091,117,82,0.9213483146067416,0.6612903225806451,4.609931144067796,eligible
1092,107,73,0.8202247191011236,0.5934959349593496,4.666666666666667,eligible
1093,106,79,0.8876404494382022,0.6810344827586207,4.63219298245614,eligible
1094,88,73,0.8202247191011236,0.7019230769230769,4.571428571428571,eligible
1095,110,79,0.8876404494382022,0.6583333333333333,4.571428571428571,eligible
1096,89,72,0.8089887640449438,0.6792452830188679,4.5,eligible
1097,108,71,0.797752808988764,0.5634920634920635,4.573785670916818,eligible
1098,95,75,0.8426966292134831,0.6880733944954128,4.550603448275862,eligible
1099,130,81,0.9101123595505618,0.5869565217391305,4.733333333333333,eligible
1100,103,65,0.7303370786516854,0.5118110236220472,4.636363636363637,eligible
1101,83,62,0.6966292134831461,0.5636363636363636,4.585488505747127,eligible
1102,87,70,0.7865168539325843,0.660377358490566,4.480518518518519,eligible
1103,126,82,0.9213483146067416,0.6165413533834586,4.649736842105264,eligible
1104,116,77,0.8651685393258427,0.6015625,4.623872950819672,eligible
1105,114,78,0.8764044943820225,0.624,4.647058823529412,eligible
1106,83,63,0.7078651685393258,0.5779816513761468,4.55,eligible
1107,112,74,0.8314606741573034,0.5826771653543307,4.6923076923076925,eligible
1108,99,72,0.8089887640449438,0.6206896551724138,4.568850454227813,eligible
1109,109,68,0.7640449438202247,0.5230769230769231,4.6495798319327735,eligible
1110,71,59,0.6629213483146067,0.5841584158415841,4.4655747126436784,eligible
1111,105,80,0.898876404494382,0.7017543859649122,4.611111111111111,eligible
1112,99,71,0.797752808988764,0.6068376068376068,4.613256658595642,eligible
1113,109,81,0.9101123595505618,0.6923076923076923,4.644992743105951,eligible
1114,97,62,0.6966292134831461,0.5,4.5412587412587415,eligible
1115,117,81,0.9101123595505618,0.648,4.6783801020408164,eligible
1116,97,74,0.8314606741573034,0.6607142857142857,4.562916666666667,eligible
1117,100,71,0.797752808988764,0.6016949152542372,4.643112980769231,eligible
1118,119,78,0.8764044943820225,0.6,4.642581211589113,eligible
1119,93,64,0.7191011235955056,0.5423728813559322,4.569444444444445,eligible
1120,90,71,0.797752808988764,0.6574074074074074,4.588502673796791,eligible
1121,87,66,0.7415730337078652,0.6,4.46316631130064,eligible
1122,77,61,0.6853932584269663,0.580952380952381,4.474561403508772,eligible
1123,88,71,0.797752808988764,0.6698113207547169,4.527706057596822,eligible
1124,72,57,0.6404494382022472,0.5480769230769231,4.508608385370206,eligible
1125,72,57,0.6404494382022472,0.5480769230769231,4.434817671809257,eligible
1126,112,76,0.8539325842696629,0.608,4.592526964560863,eligible
1127,82,65,0.7303370786516854,0.6132075471698113,4.4892480577136515,eligible
1128,95,68,0.7640449438202247,0.5862068965517241,4.578947368421052,eligible
1129,107,72,0.8089887640449438,0.5806451612903226,4.609920634920634,eligible
1130,90,65,0.7303370786516854,0.5701754385964912,4.543859649122807,eligible
1131,109,71,0.797752808988764,0.5590551181102362,4.647331154684096,eligible
1132,82,59,0.6629213483146067,0.5267857142857143,4.4375,eligible
1133,89,65,0.7303370786516854,0.5752212389380531,4.510102201257862,eligible
1134,89,63,0.7078651685393258,0.5478260869565217,4.548515769944341,eligible
1135,85,67,0.7528089887640449,0.6261682242990654,4.551915708812261,eligible
1136,84,67,0.7528089887640449,0.6320754716981132,4.4874138844727085,eligible
1137,133,77,0.8651685393258427,0.5310344827586206,4.7368421052631575,eligible
1138,103,65,0.7303370786516854,0.5118110236220472,4.645806451612904,eligible
1139,84,61,0.6853932584269663,0.5446428571428571,4.533333333333333,eligible
1140,85,62,0.6966292134831461,0.5535714285714286,4.490720411663808,eligible
1141,98,67,0.7528089887640449,0.5583333333333333,4.6173076923076914,eligible
1142,124,78,0.8764044943820225,0.5777777777777777,4.672595920349685,eligible
1143,110,72,0.8089887640449438,0.5669291338582677,4.6,eligible
1144,98,65,0.7303370786516854,0.5327868852459017,4.598064516129032,eligible
1145,92,67,0.7528089887640449,0.5877192982456141,4.59053651266766,eligible
1146,92,67,0.7528089887640449,0.5877192982456141,4.54188524590164,eligible
1147,139,77,0.8651685393258427,0.5099337748344371,4.75,eligible
1148,132,75,0.8426966292134831,0.5136986301369864,4.731730769230769,eligible
1149,111,72,0.8089887640449438,0.5625,4.655194805194805,eligible
1150,101,75,0.8426966292134831,0.6521739130434783,4.588235294117647,eligible
1151,116,78,0.8764044943820225,0.6141732283464567,4.655823863636364,eligible
1152,139,83,0.9325842696629213,0.5724137931034483,4.7528985507246375,eligible
1153,93,60,0.6741573033707865,0.4918032786885246,4.63409090909091,eligible
1154,90,67,0.7528089887640449,0.5982142857142857,4.585426154847105,eligible
1155,104,74,0.8314606741573034,0.6218487394957983,4.602380952380952,eligible
1156,119,83,0.9325842696629213,0.664,4.629241338112306,eligible
1157,90,66,0.7415730337078652,0.584070796460177,4.525602140945584,eligible
1158,98,68,0.7640449438202247,0.5714285714285714,4.584615384615384,eligible
1159,115,75,0.8426966292134831,0.5813953488372093,4.666666666666667,eligible
1160,109,72,0.8089887640449438,0.5714285714285714,4.675584415584416,eligible
1161,115,80,0.898876404494382,0.6451612903225806,4.655917008196721,eligible
1162,111,73,0.8202247191011236,0.5748031496062992,4.622950819672131,eligible
1163,109,69,0.7752808988764045,0.5348837209302325,4.643548387096774,eligible
1164,106,77,0.8651685393258427,0.652542372881356,4.586848739495798,eligible
1165,121,75,0.8426966292134831,0.5555555555555556,4.675,eligible
1166,102,67,0.7528089887640449,0.5403225806451613,4.597894736842106,eligible
1167,98,71,0.797752808988764,0.6120689655172413,4.632008592910848,eligible
1168,130,81,0.9101123595505618,0.5869565217391305,4.690156739811912,eligible
1169,102,69,0.7752808988764045,0.5655737704918032,4.6,eligible
1170,90,63,0.7078651685393258,0.5431034482758621,4.581720430107527,eligible
1171,111,71,0.797752808988764,0.5503875968992248,4.609057971014493,eligible
1172,103,73,0.8202247191011236,0.6134453781512605,4.569642857142857,eligible
1173,133,78,0.8764044943820225,0.5416666666666666,4.664779874213837,eligible
1174,103,75,0.8426966292134831,0.6410256410256411,4.590834575260804,eligible
1175,105,71,0.797752808988764,0.5772357723577236,4.631578947368421,eligible
1176,110,82,0.9213483146067416,0.7008547008547008,4.6115079365079366,eligible
1177,110,64,0.7191011235955056,0.4740740740740741,4.62181944123759,eligible
1178,108,74,0.8314606741573034,0.6016260162601627,4.619047619047619,eligible
1179,114,76,0.8539325842696629,0.5984251968503937,4.622537878787878,eligible
1180,92,72,0.8089887640449438,0.6605504587155964,4.533390804597701,eligible
1181,129,79,0.8876404494382022,0.5683453237410072,4.714285714285714,eligible
1182,82,67,0.7528089887640449,0.6442307692307693,4.475383373688459,eligible
1183,116,79,0.8876404494382022,0.626984126984127,4.659778225806451,eligible
1184,95,66,0.7415730337078652,0.559322033898305,4.612179487179487,eligible
1185,136,84,0.9438202247191011,0.5957446808510638,4.722222222222222,eligible
1186,88,63,0.7078651685393258,0.5526315789473685,4.538181818181819,eligible
1187,108,78,0.8764044943820225,0.6554621848739496,4.609903381642512,eligible
1188,84,64,0.7191011235955056,0.5871559633027523,4.5831983805668015,eligible
1189,99,69,0.7752808988764045,0.5798319327731093,4.622115384615384,eligible
1190,105,67,0.7528089887640449,0.5275590551181102,4.587745098039216,eligible
1191,113,71,0.797752808988764,0.5419847328244275,4.666666666666667,eligible
1192,106,73,0.8202247191011236,0.5983606557377049,4.582400497512437,eligible
1193,120,80,0.898876404494382,0.6201550387596899,4.714285714285714,eligible
1194,114,75,0.8426966292134831,0.5859375,4.694498669032831,eligible
1195,64,51,0.5730337078651685,0.5,4.526092774308653,eligible
1196,116,74,0.8314606741573034,0.5648854961832062,4.681926406926407,eligible
1197,114,79,0.8876404494382022,0.6370967741935484,4.682706766917294,eligible
1198,101,75,0.8426966292134831,0.6521739130434783,4.62076802507837,eligible
1199,125,72,0.8089887640449438,0.5070422535211268,4.666666666666667,eligible
1200,76,66,0.7415730337078652,0.6666666666666666,4.5,eligible
1201,78,63,0.7078651685393258,0.6057692307692307,4.5,eligible
1202,118,79,0.8876404494382022,0.6171875,4.702058823529412,eligible
1203,95,63,0.7078651685393258,0.5206611570247934,4.625328947368421,eligible
1204,80,65,0.7303370786516854,0.625,4.5,eligible
1205,110,74,0.8314606741573034,0.592,4.6112769485903815,eligible
1206,109,71,0.797752808988764,0.5590551181102362,4.640304815573771,eligible
1207,92,71,0.797752808988764,0.6454545454545455,4.533333333333333,eligible
1208,75,58,0.651685393258427,0.5471698113207547,4.5053846153846155,eligible
1209,121,67,0.7528089887640449,0.46853146853146854,4.670572916666667,eligible
1210,119,74,0.8314606741573034,0.5522388059701493,4.703046218487395,eligible
1211,110,76,0.8539325842696629,0.6178861788617886,4.65472263868066,eligible
1212,85,65,0.7303370786516854,0.5963302752293578,4.513461538461538,eligible
1213,97,67,0.7528089887640449,0.5630252100840336,4.564476843910806,eligible
1214,111,74,0.8314606741573034,0.5873015873015873,4.623584905660377,eligible
1215,90,63,0.7078651685393258,0.5431034482758621,4.491719922200611,eligible
1216,121,72,0.8089887640449438,0.5217391304347826,4.676755218216319,eligible
1217,80,63,0.7078651685393258,0.5943396226415094,4.508787878787879,eligible
1218,106,72,0.8089887640449438,0.5853658536585366,4.586787330316742,eligible
1219,105,74,0.8314606741573034,0.6166666666666667,4.625403225806452,eligible
1220,75,59,0.6629213483146067,0.5619047619047619,4.460277427490542,eligible
1221,89,63,0.7078651685393258,0.5478260869565217,4.571428571428571,eligible
1222,69,57,0.6404494382022472,0.5643564356435643,4.390555555555556,eligible
1223,126,74,0.8314606741573034,0.524822695035461,4.672118226600985,eligible
1224,110,78,0.8764044943820225,0.6446280991735537,4.655268975681651,eligible
1225,104,77,0.8651685393258427,0.6637931034482759,4.612280701754385,eligible
1226,106,73,0.8202247191011236,0.5983606557377049,4.625,eligible
1227,105,77,0.8651685393258427,0.6581196581196581,4.647058823529412,eligible
1228,96,70,0.7865168539325843,0.6086956521739131,4.597719298245614,eligible
1229,114,76,0.8539325842696629,0.5984251968503937,4.666666666666667,eligible
1230,102,69,0.7752808988764045,0.5655737704918032,4.665322580645162,eligible
1231,114,79,0.8876404494382022,0.6370967741935484,4.641576819407009,eligible
1232,113,76,0.8539325842696629,0.6031746031746031,4.6457983193277315,eligible
1233,130,81,0.9101123595505618,0.5869565217391305,4.686446886446887,eligible
1234,106,71,0.797752808988764,0.5725806451612904,4.6,eligible
1235,89,65,0.7303370786516854,0.5752212389380531,4.5831983805668015,eligible
1236,110,73,0.8202247191011236,0.5793650793650794,4.641558441558442,eligible
1237,117,76,0.8539325842696629,0.5846153846153846,4.660788192331101,eligible
1238,101,72,0.8089887640449438,0.6101694915254238,4.6201068479844585,eligible
1239,97,72,0.8089887640449438,0.631578947368421,4.569230769230769,eligible
1240,88,59,0.6629213483146067,0.5,4.552857142857143,eligible
1241,88,65,0.7303370786516854,0.5803571428571429,4.571428571428571,eligible
1242,103,72,0.8089887640449438,0.6,4.573772321428572,eligible
1243,90,69,0.7752808988764045,0.6272727272727273,4.566915422885572,eligible
1244,74,57,0.6404494382022472,0.5377358490566038,4.428571428571429,eligible
1245,83,64,0.7191011235955056,0.5925925925925926,4.5545299145299145,eligible
1246,69,59,0.6629213483146067,0.5959595959595959,4.466666666666667,eligible
1247,73,60,0.6741573033707865,0.5882352941176471,4.5,eligible
1248,111,72,0.8089887640449438,0.5625,4.713445378151261,eligible
1249,78,59,0.6629213483146067,0.5462962962962963,4.495522388059702,eligible
1250,59,51,0.5730337078651685,0.5257731958762887,4.390555555555556,eligible
1251,114,70,0.7865168539325843,0.5263157894736842,4.642857142857143,eligible
1252,120,81,0.9101123595505618,0.6328125,4.630172413793104,eligible
1253,103,72,0.8089887640449438,0.6,4.666666666666667,eligible
1254,89,67,0.7528089887640449,0.6036036036036037,4.54703125,eligible
1255,89,68,0.7640449438202247,0.6181818181818182,4.5784412955465585,eligible
1256,110,72,0.8089887640449438,0.5669291338582677,4.58876050420168,eligible
1257,116,74,0.8314606741573034,0.5648854961832062,4.6455882352941185,eligible
1258,88,68,0.7640449438202247,0.6238532110091743,4.5,eligible
1259,113,79,0.8876404494382022,0.6422764227642277,4.672462168978562,eligible
1260,114,75,0.8426966292134831,0.5859375,4.6457983193277315,eligible
1261,76,61,0.6853932584269663,0.5865384615384616,4.514166666666667,eligible
1262,87,70,0.7865168539325843,0.660377358490566,4.517454706142289,eligible
1263,111,80,0.898876404494382,0.6666666666666666,4.625,eligible
1264,122,71,0.797752808988764,0.5071428571428571,4.669010416666667,eligible
1265,108,73,0.8202247191011236,0.5887096774193549,4.616474358974359,eligible
1266,112,73,0.8202247191011236,0.5703125,4.684210526315789,eligible
1267,78,58,0.651685393258427,0.5321100917431193,4.474047619047619,eligible
1268,94,67,0.7528089887640449,0.5775862068965517,4.588235294117647,eligible
1269,95,68,0.7640449438202247,0.5862068965517241,4.561458333333333,eligible
1270,110,76,0.8539325842696629,0.6178861788617886,4.60853478773585,eligible
1271,87,66,0.7415730337078652,0.6,4.578947368421052,eligible
1272,80,65,0.7303370786516854,0.625,4.445138888888889,eligible
1273,101,73,0.8202247191011236,0.6239316239316239,4.6,eligible
1274,88,62,0.6966292134831461,0.5391304347826087,4.556875,eligible
1275,88,67,0.7528089887640449,0.6090909090909091,4.527368421052632,eligible
1276,110,72,0.8089887640449438,0.5669291338582677,4.60712143928036,eligible
1277,127,78,0.8764044943820225,0.5652173913043478,4.734444444444445,eligible
1278,123,75,0.8426966292134831,0.5474452554744526,4.661069100391134,eligible
1279,109,72,0.8089887640449438,0.5714285714285714,4.615641025641025,eligible
1280,99,76,0.8539325842696629,0.6785714285714286,4.576977248104009,eligible
1281,95,75,0.8426966292134831,0.6880733944954128,4.588235294117647,eligible
1282,114,74,0.8314606741573034,0.5736434108527132,4.627336999214454,eligible
1283,107,79,0.8876404494382022,0.6752136752136753,4.642857142857143,eligible
1284,126,78,0.8764044943820225,0.5693430656934306,4.7,eligible
1285,122,82,0.9213483146067416,0.6356589147286822,4.7131336405529956,eligible
1286,110,73,0.8202247191011236,0.5793650793650794,4.6385794995964496,eligible
1287,89,65,0.7303370786516854,0.5752212389380531,4.464477611940299,eligible
1288,84,57,0.6404494382022472,0.49137931034482757,4.571428571428571,eligible
1289,80,58,0.651685393258427,0.5225225225225225,4.5,eligible
1290,106,75,0.8426966292134831,0.625,4.64468832309043,eligible
1291,96,69,0.7752808988764045,0.5948275862068966,4.538461538461538,eligible
1292,93,69,0.7752808988764045,0.6106194690265486,4.538621794871795,eligible
1293,123,78,0.8764044943820225,0.582089552238806,4.714285714285714,eligible
1294,95,65,0.7303370786516854,0.5462184873949579,4.606672047350013,eligible
1295,110,76,0.8539325842696629,0.6178861788617886,4.640285714285714,eligible
1296,135,82,0.9213483146067416,0.5774647887323944,4.719117647058823,eligible
1297,99,71,0.797752808988764,0.6068376068376068,4.545681818181818,eligible
1298,99,76,0.8539325842696629,0.6785714285714286,4.578125,eligible
1299,69,50,0.5617977528089888,0.46296296296296297,4.5,eligible
1300,102,74,0.8314606741573034,0.6324786324786325,4.570879120879121,eligible
1301,107,76,0.8539325842696629,0.6333333333333333,4.593181818181818,eligible
1302,77,55,0.6179775280898876,0.4954954954954955,4.492857142857143,eligible
1303,124,69,0.7752808988764045,0.4791666666666667,4.697308488612837,eligible
1304,91,66,0.7415730337078652,0.5789473684210527,4.570849420849421,eligible
1305,90,57,0.6404494382022472,0.4672131147540984,4.555258511979823,eligible
1306,88,68,0.7640449438202247,0.6238532110091743,4.5419780219780215,eligible
1307,100,70,0.7865168539325843,0.5882352941176471,4.634234972677596,eligible
1308,108,73,0.8202247191011236,0.5887096774193549,4.638362068965518,eligible
1309,93,62,0.6966292134831461,0.5166666666666667,4.636363636363637,eligible
1310,128,77,0.8651685393258427,0.55,4.721666666666667,eligible
1311,109,69,0.7752808988764045,0.5348837209302325,4.647205882352941,eligible
1312,103,82,0.9213483146067416,0.7454545454545455,4.608763586956522,eligible
1313,123,81,0.9101123595505618,0.6183206106870229,4.70965909090909,eligible
1314,72,59,0.6629213483146067,0.5784313725490197,4.465797101449276,eligible
1315,76,63,0.7078651685393258,0.6176470588235294,4.470868347338936,eligible
1316,84,64,0.7191011235955056,0.5871559633027523,4.5,eligible
1317,113,73,0.8202247191011236,0.5658914728682171,4.640112704918033,eligible
1318,88,64,0.7191011235955056,0.5663716814159292,4.496538461538462,eligible
1319,102,70,0.7865168539325843,0.5785123966942148,4.6192273135669355,eligible
1320,85,67,0.7528089887640449,0.6261682242990654,4.5,eligible
1321,108,74,0.8314606741573034,0.6016260162601627,4.6,eligible
1322,99,76,0.8539325842696629,0.6785714285714286,4.58734827264239,eligible
1323,80,62,0.6966292134831461,0.5794392523364486,4.5,eligible
1324,61,49,0.550561797752809,0.48514851485148514,4.4727819548872185,eligible
1325,93,73,0.8202247191011236,0.6697247706422018,4.58611111111111,eligible
1326,105,71,0.797752808988764,0.5772357723577236,4.608695652173913,eligible
1327,78,55,0.6179775280898876,0.49107142857142855,4.54272183449651,eligible
1328,102,70,0.7865168539325843,0.5785123966942148,4.597462686567164,eligible
1329,85,57,0.6404494382022472,0.48717948717948717,4.5,eligible
1330,77,61,0.6853932584269663,0.580952380952381,4.519172413793103,eligible
1331,100,66,0.7415730337078652,0.5365853658536586,4.593421052631579,eligible
1332,112,73,0.8202247191011236,0.5703125,4.665962441314554,eligible
1333,84,58,0.651685393258427,0.5043478260869565,4.478260869565218,eligible
1334,99,71,0.797752808988764,0.6068376068376068,4.544919786096257,eligible
1335,95,72,0.8089887640449438,0.6428571428571429,4.590302470561071,eligible
1336,83,63,0.7078651685393258,0.5779816513761468,4.539846153846154,eligible
1337,124,73,0.8202247191011236,0.5214285714285715,4.666666666666667,eligible
1338,135,79,0.8876404494382022,0.5448275862068965,4.771929824561403,eligible
1339,104,64,0.7191011235955056,0.49612403100775193,4.57073732718894,eligible
1340,99,68,0.7640449438202247,0.5666666666666667,4.550583164300203,eligible
1341,103,78,0.8764044943820225,0.6842105263157895,4.557986111111111,eligible
1342,89,70,0.7865168539325843,0.6481481481481481,4.5,eligible
1343,65,56,0.6292134831460674,0.5714285714285714,4.454545454545454,eligible
1344,115,71,0.797752808988764,0.5338345864661654,4.636363636363637,eligible
1345,116,76,0.8539325842696629,0.5891472868217055,4.702352941176471,eligible
1346,128,75,0.8426966292134831,0.528169014084507,4.714786967418546,eligible
1347,83,63,0.7078651685393258,0.5779816513761468,4.527511961722488,eligible
1348,107,78,0.8764044943820225,0.6610169491525424,4.552536945812808,eligible
1349,100,64,0.7191011235955056,0.512,4.683732057416268,eligible
1350,98,75,0.8426966292134831,0.6696428571428571,4.563380281690141,eligible
1351,86,67,0.7528089887640449,0.6203703703703703,4.510095953274927,eligible
1352,97,68,0.7640449438202247,0.576271186440678,4.580923248053393,eligible
1353,105,75,0.8426966292134831,0.6302521008403361,4.6,eligible
1354,90,69,0.7752808988764045,0.6272727272727273,4.5,eligible
1355,116,73,0.8202247191011236,0.553030303030303,4.5825,eligible
1356,84,64,0.7191011235955056,0.5871559633027523,4.5269856459330144,eligible
1357,110,69,0.7752808988764045,0.5307692307692308,4.693297197250132,eligible
1358,78,57,0.6404494382022472,0.5181818181818182,4.528030303030303,eligible
1359,110,76,0.8539325842696629,0.6178861788617886,4.6,eligible
1360,92,63,0.7078651685393258,0.5338983050847458,4.583333333333333,eligible
1361,103,74,0.8314606741573034,0.6271186440677966,4.551724137931035,eligible
1362,123,75,0.8426966292134831,0.5474452554744526,4.605573770491803,eligible
1363,118,77,0.8651685393258427,0.5923076923076923,4.63691222570533,eligible
1364,102,75,0.8426966292134831,0.646551724137931,4.614046822742474,eligible
1365,116,79,0.8876404494382022,0.626984126984127,4.7,eligible
1366,108,76,0.8539325842696629,0.628099173553719,4.666666666666667,eligible
1367,86,68,0.7640449438202247,0.6355140186915887,4.526315789473684,eligible
1368,122,75,0.8426966292134831,0.5514705882352942,4.6549130434782615,eligible
1369,100,62,0.6966292134831461,0.4881889763779528,4.574455535390199,eligible
1370,102,70,0.7865168539325843,0.5785123966942148,4.621975019516003,eligible
1371,99,70,0.7865168539325843,0.5932203389830508,4.56919098143236,eligible
1372,114,81,0.9101123595505618,0.6639344262295082,4.645114656031905,eligible
1373,125,83,0.9325842696629213,0.6335877862595419,4.705882352941177,eligible
1374,108,76,0.8539325842696629,0.628099173553719,4.555555555555555,eligible
1375,80,63,0.7078651685393258,0.5943396226415094,4.467545638945234,eligible
1376,107,76,0.8539325842696629,0.6333333333333333,4.634545454545455,eligible
1377,86,65,0.7303370786516854,0.5909090909090909,4.520782608695652,eligible
1378,72,58,0.651685393258427,0.5631067961165048,4.463589743589744,eligible
1379,122,75,0.8426966292134831,0.5514705882352942,4.657291666666667,eligible
1380,109,79,0.8876404494382022,0.6638655462184874,4.651810344827586,eligible
1381,91,66,0.7415730337078652,0.5789473684210527,4.606101694915254,eligible
1382,87,64,0.7191011235955056,0.5714285714285714,4.570149253731343,eligible
1383,104,71,0.797752808988764,0.5819672131147541,4.641706561531962,eligible
1384,84,61,0.6853932584269663,0.5446428571428571,4.566197183098592,eligible
1385,105,64,0.7191011235955056,0.49230769230769234,4.605352112676056,eligible
1386,116,78,0.8764044943820225,0.6141732283464567,4.625,eligible
1387,104,75,0.8426966292134831,0.635593220338983,4.616013071895424,eligible
1388,92,69,0.7752808988764045,0.6160714285714286,4.58219814241486,eligible
1389,89,68,0.7640449438202247,0.6181818181818182,4.584551282051282,eligible
1390,109,75,0.8426966292134831,0.6097560975609756,4.66505376344086,eligible
1391,106,77,0.8651685393258427,0.652542372881356,4.666666666666667,eligible
1392,114,77,0.8651685393258427,0.6111111111111112,4.625,eligible
1393,143,78,0.8764044943820225,0.5064935064935064,4.787554880108072,eligible
1394,104,77,0.8651685393258427,0.6637931034482759,4.617063492063492,eligible
1395,101,65,0.7303370786516854,0.52,4.604231974921631,eligible
1396,99,65,0.7303370786516854,0.5284552845528455,4.571428571428571,eligible
1397,151,85,0.9550561797752809,0.5483870967741935,4.817613636363637,eligible
1398,96,67,0.7528089887640449,0.5677966101694916,4.583333333333333,eligible
1399,88,66,0.7415730337078652,0.5945945945945946,4.482795698924731,eligible
1400,139,79,0.8876404494382022,0.5302013422818792,4.750192307692307,eligible
1401,77,61,0.6853932584269663,0.580952380952381,4.473540669856459,eligible
1402,91,71,0.797752808988764,0.6513761467889908,4.538461538461538,eligible
1403,119,71,0.797752808988764,0.5182481751824818,4.659454949944382,eligible
1404,100,75,0.8426966292134831,0.6578947368421053,4.6,eligible
1405,108,71,0.797752808988764,0.5634920634920635,4.637022397891963,eligible
1406,95,69,0.7752808988764045,0.6,4.614523809523809,eligible
1407,102,78,0.8764044943820225,0.6902654867256637,4.5651533018867925,eligible
1408,105,74,0.8314606741573034,0.6166666666666667,4.598064516129032,eligible
1409,82,61,0.6853932584269663,0.5545454545454546,4.578947368421052,eligible
1410,109,75,0.8426966292134831,0.6097560975609756,4.673663938372654,eligible
1411,77,56,0.6292134831460674,0.509090909090909,4.509301555776233,eligible
1412,124,74,0.8314606741573034,0.5323741007194245,4.702941176470588,eligible
1413,95,74,0.8314606741573034,0.6727272727272727,4.6379493763756425,eligible
1414,107,78,0.8764044943820225,0.6610169491525424,4.619047619047619,eligible
1415,98,73,0.8202247191011236,0.6403508771929824,4.559941520467836,eligible
1416,81,59,0.6629213483146067,0.5315315315315315,4.495,eligible
1417,107,76,0.8539325842696629,0.6333333333333333,4.621946169772257,eligible
1418,85,68,0.7640449438202247,0.6415094339622641,4.599402985074627,eligible
1419,103,73,0.8202247191011236,0.6134453781512605,4.626838235294118,eligible
1420,110,76,0.8539325842696629,0.6178861788617886,4.5930357142857146,eligible
1421,117,78,0.8764044943820225,0.609375,4.614640198511166,eligible
1422,83,66,0.7415730337078652,0.6226415094339622,4.487914329423764,eligible
1423,103,76,0.8539325842696629,0.6551724137931034,4.608151183970856,eligible
1424,92,67,0.7528089887640449,0.5877192982456141,4.582142857142857,eligible
1425,78,65,0.7303370786516854,0.6372549019607843,4.460326086956522,eligible
1426,81,60,0.6741573033707865,0.5454545454545454,4.5,eligible
1427,98,68,0.7640449438202247,0.5714285714285714,4.557645018915511,eligible
1428,113,69,0.7752808988764045,0.518796992481203,4.720760233918129,eligible
1429,100,71,0.797752808988764,0.6016949152542372,4.6101190476190474,eligible
1430,84,68,0.7640449438202247,0.6476190476190476,4.5512500000000005,eligible
1431,138,82,0.9213483146067416,0.5655172413793104,4.75,eligible
1432,97,72,0.8089887640449438,0.631578947368421,4.594294003868472,eligible
1433,84,61,0.6853932584269663,0.5446428571428571,4.5,eligible
1434,107,64,0.7191011235955056,0.48484848484848486,4.647058823529412,eligible
1435,108,77,0.8651685393258427,0.6416666666666667,4.588235294117647,eligible
1436,98,75,0.8426966292134831,0.6696428571428571,4.581426978818283,eligible
1437,86,67,0.7528089887640449,0.6203703703703703,4.539596469104666,eligible
1438,97,77,0.8651685393258427,0.7064220183486238,4.528877005347594,eligible
1439,63,59,0.6629213483146067,0.6344086021505376,4.428571428571429,eligible
1440,92,72,0.8089887640449438,0.6605504587155964,4.554464285714286,eligible
1441,115,71,0.797752808988764,0.5338345864661654,4.7146900269541785,eligible
1442,80,60,0.6741573033707865,0.5504587155963303,4.575270908585718,eligible
1443,108,72,0.8089887640449438,0.576,4.6080065359477125,eligible
1444,102,73,0.8202247191011236,0.6186440677966102,4.5815126050420165,eligible
1445,109,80,0.898876404494382,0.6779661016949152,4.666666666666667,eligible
1446,102,75,0.8426966292134831,0.646551724137931,4.564242424242424,eligible
1447,100,72,0.8089887640449438,0.6153846153846154,4.607366071428571,eligible
1448,79,63,0.7078651685393258,0.6,4.456086286594761,eligible
1449,125,75,0.8426966292134831,0.539568345323741,4.75,eligible
1450,78,60,0.6741573033707865,0.5607476635514018,4.479641791044776,eligible
1451,110,73,0.8202247191011236,0.5793650793650794,4.6341932457786115,eligible
1452,110,70,0.7865168539325843,0.5426356589147286,4.666666666666667,eligible
1453,87,63,0.7078651685393258,0.5575221238938053,4.519585020242915,eligible
1454,114,79,0.8876404494382022,0.6370967741935484,4.640445314411549,eligible
1455,96,66,0.7415730337078652,0.5546218487394958,4.5940625,eligible
1456,117,74,0.8314606741573034,0.5606060606060606,4.681893939393939,eligible
1457,89,64,0.7191011235955056,0.5614035087719298,4.5364971751412435,eligible
1458,82,65,0.7303370786516854,0.6132075471698113,4.475409836065574,eligible
1459,102,72,0.8089887640449438,0.6050420168067226,4.632057416267943,eligible
1460,119,77,0.8651685393258427,0.5877862595419847,4.617857142857142,eligible
1461,95,72,0.8089887640449438,0.6428571428571429,4.619047619047619,eligible
1462,105,75,0.8426966292134831,0.6302521008403361,4.643401937046005,eligible
1463,105,76,0.8539325842696629,0.6440677966101694,4.649286987522282,eligible
1464,111,79,0.8876404494382022,0.6528925619834711,4.600555555555555,eligible
1465,111,75,0.8426966292134831,0.6,4.675957854406131,eligible
1466,83,65,0.7303370786516854,0.6074766355140186,4.49780701754386,eligible
1467,134,79,0.8876404494382022,0.5486111111111112,4.742424242424242,eligible
1468,74,61,0.6853932584269663,0.5980392156862745,4.459913909066452,eligible
1469,110,71,0.797752808988764,0.5546875,4.666666666666667,eligible
1470,126,82,0.9213483146067416,0.6165413533834586,4.697258297258298,eligible
1471,96,71,0.797752808988764,0.6228070175438597,4.538461538461538,eligible
1472,89,69,0.7752808988764045,0.6330275229357798,4.588235294117647,eligible
1473,106,74,0.8314606741573034,0.6115702479338843,4.634928229665072,eligible
1474,96,72,0.8089887640449438,0.6371681415929203,4.590977068793619,eligible
1475,102,75,0.8426966292134831,0.646551724137931,4.6,eligible
1476,90,64,0.7191011235955056,0.5565217391304348,4.5,eligible
1477,119,78,0.8764044943820225,0.6,4.672727272727273,eligible
1478,75,58,0.651685393258427,0.5471698113207547,4.454545454545454,eligible
1479,130,77,0.8651685393258427,0.5422535211267606,4.704779411764706,eligible
1480,115,72,0.8089887640449438,0.5454545454545454,4.618483709273183,eligible
1481,82,67,0.7528089887640449,0.6442307692307693,4.566149068322981,eligible
1482,88,66,0.7415730337078652,0.5945945945945946,4.533333333333333,eligible
1483,95,75,0.8426966292134831,0.6880733944954128,4.5625,eligible
1484,95,69,0.7752808988764045,0.6,4.5,eligible
1485,100,73,0.8202247191011236,0.6293103448275862,4.639489361702127,eligible
1486,105,69,0.7752808988764045,0.552,4.6,eligible
1487,85,60,0.6741573033707865,0.5263157894736842,4.492142857142857,eligible
1488,97,65,0.7303370786516854,0.5371900826446281,4.6,eligible
1489,113,73,0.8202247191011236,0.5658914728682171,4.66974358974359,eligible
1490,109,75,0.8426966292134831,0.6097560975609756,4.563306451612903,eligible
1491,95,65,0.7303370786516854,0.5462184873949579,4.615384615384615,eligible
1492,59,50,0.5617977528089888,0.5102040816326531,4.5,eligible
1493,97,70,0.7865168539325843,0.603448275862069,4.477979797979798,eligible
1494,102,71,0.797752808988764,0.5916666666666667,4.571428571428571,eligible
1495,121,77,0.8651685393258427,0.5789473684210527,4.642857142857143,eligible
1496,101,71,0.797752808988764,0.5966386554621849,4.553065134099617,eligible
1497,110,74,0.8314606741573034,0.592,4.62736974262398,eligible
1498,107,73,0.8202247191011236,0.5934959349593496,4.580238095238095,eligible
1499,94,74,0.8314606741573034,0.6788990825688074,4.6,eligible
1500,87,62,0.6966292134831461,0.543859649122807,4.540221642764016,eligible
1501,109,74,0.8314606741573034,0.5967741935483871,4.639344262295082,eligible
1502,95,69,0.7752808988764045,0.6,4.561164274322169,eligible
1503,91,73,0.8202247191011236,0.6822429906542056,4.571428571428571,eligible
1504,119,75,0.8426966292134831,0.5639097744360902,4.695283714075166,eligible
1505,103,69,0.7752808988764045,0.5609756097560976,4.6325438596491235,eligible
1506,109,75,0.8426966292134831,0.6097560975609756,4.6,eligible
1507,62,49,0.550561797752809,0.4803921568627451,4.450065876152833,eligible
1508,101,71,0.797752808988764,0.5966386554621849,4.589304812834224,eligible
1509,101,63,0.7078651685393258,0.49606299212598426,4.603188286808976,eligible
1510,88,68,0.7640449438202247,0.6238532110091743,4.515422077922079,eligible
1511,97,67,0.7528089887640449,0.5630252100840336,4.584803921568628,eligible
1512,80,62,0.6966292134831461,0.5794392523364486,4.5,eligible
1513,134,77,0.8651685393258427,0.5273972602739726,4.683445837351334,eligible
1514,95,69,0.7752808988764045,0.6,4.522526315789474,eligible
1515,111,78,0.8764044943820225,0.639344262295082,4.6575,eligible
1516,81,65,0.7303370786516854,0.6190476190476191,4.507920921707253,eligible
1517,107,66,0.7415730337078652,0.5076923076923077,4.683712121212121,eligible
1518,89,72,0.8089887640449438,0.6792452830188679,4.524395003903201,eligible
1519,96,69,0.7752808988764045,0.5948275862068966,4.598846153846154,eligible
1520,112,67,0.7528089887640449,0.5,4.692773892773893,eligible
1521,119,77,0.8651685393258427,0.5877862595419847,4.695634309193632,eligible
1522,81,59,0.6629213483146067,0.5315315315315315,4.480357142857143,eligible
1523,121,78,0.8764044943820225,0.5909090909090909,4.7125,eligible
1524,94,68,0.7640449438202247,0.591304347826087,4.516820276497696,eligible
1525,69,57,0.6404494382022472,0.5643564356435643,4.3,eligible
1526,91,65,0.7303370786516854,0.5652173913043478,4.5625,eligible
1527,92,69,0.7752808988764045,0.6160714285714286,4.557377049180328,eligible
1528,110,68,0.7640449438202247,0.5190839694656488,4.591218017057569,eligible
1529,101,73,0.8202247191011236,0.6239316239316239,4.604362591431557,eligible
1530,103,71,0.797752808988764,0.5867768595041323,4.630514705882353,eligible
1531,101,69,0.7752808988764045,0.5702479338842975,4.588235294117647,eligible
1532,101,73,0.8202247191011236,0.6239316239316239,4.591582491582492,eligible
1533,95,71,0.797752808988764,0.6283185840707964,4.569354838709677,eligible
1534,103,70,0.7865168539325843,0.5737704918032787,4.586668719211823,eligible
1535,110,73,0.8202247191011236,0.5793650793650794,4.642857142857143,eligible
1536,94,66,0.7415730337078652,0.5641025641025641,4.596471774193549,eligible
1537,104,75,0.8426966292134831,0.635593220338983,4.62110762800418,eligible
1538,111,76,0.8539325842696629,0.6129032258064516,4.566904761904762,eligible
1539,100,68,0.7640449438202247,0.5619834710743802,4.6080065359477125,eligible
1540,105,73,0.8202247191011236,0.6033057851239669,4.635626535626535,eligible
1541,88,71,0.797752808988764,0.6698113207547169,4.5,eligible
1542,81,66,0.7415730337078652,0.6346153846153846,4.522495894909688,eligible
1543,106,74,0.8314606741573034,0.6115702479338843,4.588235294117647,eligible
1544,100,65,0.7303370786516854,0.5241935483870968,4.5950465065974475,eligible
1545,92,65,0.7303370786516854,0.5603448275862069,4.615384615384615,eligible
1546,131,84,0.9438202247191011,0.6176470588235294,4.711652542372882,eligible
1547,112,74,0.8314606741573034,0.5826771653543307,4.5874999999999995,eligible
1548,100,71,0.797752808988764,0.6016949152542372,4.622210144927537,eligible
1549,118,79,0.8876404494382022,0.6171875,4.662333333333334,eligible
1550,104,72,0.8089887640449438,0.5950413223140496,4.59095547309833,eligible
1551,82,65,0.7303370786516854,0.6132075471698113,4.503076923076923,eligible
1552,97,63,0.7078651685393258,0.5121951219512195,4.583333333333333,eligible
1553,111,79,0.8876404494382022,0.6528925619834711,4.583333333333333,eligible
1554,87,66,0.7415730337078652,0.6,4.620680958385877,eligible
1555,97,66,0.7415730337078652,0.55,4.563243106501392,eligible
1556,113,77,0.8651685393258427,0.616,4.640749414519907,eligible
1557,113,77,0.8651685393258427,0.616,4.633371040723982,eligible
1558,114,74,0.8314606741573034,0.5736434108527132,4.642324093816631,eligible
1559,98,68,0.7640449438202247,0.5714285714285714,4.588235294117647,eligible
1560,99,72,0.8089887640449438,0.6206896551724138,4.535119047619047,eligible
1561,149,85,0.9550561797752809,0.5555555555555556,4.764705882352941,eligible
1562,118,76,0.8539325842696629,0.5801526717557252,4.669010416666667,eligible
1563,96,65,0.7303370786516854,0.5416666666666666,4.6,eligible
1564,91,70,0.7865168539325843,0.6363636363636364,4.584629898403483,eligible
1565,122,76,0.8539325842696629,0.562962962962963,4.6875,eligible
1566,108,78,0.8764044943820225,0.6554621848739496,4.5625,eligible
1567,78,63,0.7078651685393258,0.6057692307692307,4.453181818181818,eligible
1568,98,67,0.7528089887640449,0.5583333333333333,4.595302177636408,eligible
1569,92,72,0.8089887640449438,0.6605504587155964,4.587254901960784,eligible
1570,110,74,0.8314606741573034,0.592,4.626679104477612,eligible
1571,141,80,0.898876404494382,0.5333333333333333,4.75,eligible
1572,121,74,0.8314606741573034,0.5441176470588235,4.747619047619048,eligible
1573,95,66,0.7415730337078652,0.559322033898305,4.529411764705882,eligible
1574,93,69,0.7752808988764045,0.6106194690265486,4.612365591397849,eligible
1575,100,75,0.8426966292134831,0.6578947368421053,4.561896929824561,eligible
1576,88,69,0.7752808988764045,0.6388888888888888,4.518896551724138,eligible
1577,87,67,0.7528089887640449,0.6146788990825688,4.5,eligible
1578,90,66,0.7415730337078652,0.584070796460177,4.520246575342465,eligible
1579,103,73,0.8202247191011236,0.6134453781512605,4.5852130325814535,eligible
1580,106,72,0.8089887640449438,0.5853658536585366,4.641981132075472,eligible
1581,60,54,0.6067415730337079,0.5684210526315789,4.420199146514936,eligible
1582,107,67,0.7528089887640449,0.5193798449612403,4.676011730205278,eligible
1583,109,74,0.8314606741573034,0.5967741935483871,4.635317460317461,eligible
1584,102,66,0.7415730337078652,0.528,4.651086956521739,eligible
1585,103,75,0.8426966292134831,0.6410256410256411,4.63896103896104,eligible
1586,67,54,0.6067415730337079,0.5294117647058824,4.466091954022989,eligible
1587,90,72,0.8089887640449438,0.6728971962616822,4.566410912190963,eligible
1588,77,58,0.651685393258427,0.5370370370370371,4.480153846153846,eligible
1589,129,79,0.8876404494382022,0.5683453237410072,4.655862068965518,eligible
1590,85,66,0.7415730337078652,0.6111111111111112,4.560434322033899,eligible
1591,87,71,0.797752808988764,0.6761904761904762,4.555555555555555,eligible
1592,130,79,0.8876404494382022,0.5642857142857143,4.728338068181818,eligible
1593,99,64,0.7191011235955056,0.5161290322580645,4.5625,eligible
1594,80,67,0.7528089887640449,0.6568627450980392,4.5055555555555555,eligible
1595,96,73,0.8202247191011236,0.6517857142857143,4.491525423728813,eligible
1596,116,74,0.8314606741573034,0.5648854961832062,4.63378787878788,eligible
1597,90,70,0.7865168539325843,0.6422018348623854,4.551629072681704,eligible
1598,115,71,0.797752808988764,0.5338345864661654,4.601111111111111,eligible
1599,88,65,0.7303370786516854,0.5803571428571429,4.5525,eligible
1600,98,67,0.7528089887640449,0.5583333333333333,4.62034632034632,eligible
1601,112,73,0.8202247191011236,0.5703125,4.612903225806452,eligible
1602,97,65,0.7303370786516854,0.5371900826446281,4.591285403050109,eligible
1603,103,67,0.7528089887640449,0.536,4.6403397817460315,eligible
1604,82,63,0.7078651685393258,0.5833333333333334,4.476915113871636,eligible
1605,114,75,0.8426966292134831,0.5859375,4.6,eligible
1606,99,80,0.898876404494382,0.7407407407407407,4.582017543859648,eligible
1607,117,74,0.8314606741573034,0.5606060606060606,4.611111111111111,eligible
1608,99,71,0.797752808988764,0.6068376068376068,4.617619047619047,eligible
1609,100,71,0.797752808988764,0.6016949152542372,4.623159210891915,eligible
1610,105,75,0.8426966292134831,0.6302521008403361,4.581231671554253,eligible
1611,93,75,0.8426966292134831,0.7009345794392523,4.5740601503759395,eligible
1612,119,76,0.8539325842696629,0.5757575757575758,4.624487704918033,eligible
1613,137,78,0.8764044943820225,0.527027027027027,4.75,eligible
1614,119,78,0.8764044943820225,0.6,4.705882352941177,eligible
1615,117,71,0.797752808988764,0.5259259259259259,4.639695550351288,eligible
1616,128,77,0.8651685393258427,0.55,4.707175066312997,eligible
1617,69,52,0.5842696629213483,0.49056603773584906,4.454545454545454,eligible
1618,86,68,0.7640449438202247,0.6355140186915887,4.555555555555555,eligible
1619,95,62,0.6966292134831461,0.5081967213114754,4.558821070234114,eligible
1620,100,68,0.7640449438202247,0.5619834710743802,4.652905328798186,eligible
1621,104,75,0.8426966292134831,0.635593220338983,4.589285714285714,eligible
1622,92,68,0.7640449438202247,0.6017699115044248,4.495238095238095,eligible
1623,126,78,0.8764044943820225,0.5693430656934306,4.662676056338028,eligible
1624,75,59,0.6629213483146067,0.5619047619047619,4.444444444444445,eligible
1625,118,75,0.8426966292134831,0.5681818181818182,4.666666666666667,eligible
1626,83,70,0.7865168539325843,0.6862745098039216,4.544852941176471,eligible
1627,102,71,0.797752808988764,0.5916666666666667,4.520923913043478,eligible
1628,101,69,0.7752808988764045,0.5702479338842975,4.588235294117647,eligible
1629,124,79,0.8876404494382022,0.5895522388059702,4.689423076923077,eligible
1630,107,74,0.8314606741573034,0.6065573770491803,4.5835784313725485,eligible
1631,98,65,0.7303370786516854,0.5327868852459017,4.571428571428571,eligible
1632,107,75,0.8426966292134831,0.6198347107438017,4.62521186440678,eligible
1633,115,81,0.9101123595505618,0.6585365853658537,4.65300395256917,eligible
1634,99,69,0.7752808988764045,0.5798319327731093,4.6,eligible
1635,89,70,0.7865168539325843,0.6481481481481481,4.525090909090909,eligible
1636,90,69,0.7752808988764045,0.6272727272727273,4.56140350877193,eligible
1637,121,78,0.8764044943820225,0.5909090909090909,4.6888995215311,eligible
1638,107,75,0.8426966292134831,0.6198347107438017,4.618074712643678,eligible
1639,77,58,0.651685393258427,0.5370370370370371,4.531228070175438,eligible
1640,105,70,0.7865168539325843,0.5645161290322581,4.6680751173708925,eligible
1641,104,72,0.8089887640449438,0.5950413223140496,4.616282051282051,eligible
1642,102,72,0.8089887640449438,0.6050420168067226,4.635360962566845,eligible
1643,133,81,0.9101123595505618,0.574468085106383,4.706818181818182,eligible
1644,125,76,0.8539325842696629,0.5507246376811594,4.700294117647059,eligible
1645,104,67,0.7528089887640449,0.5317460317460317,4.631740064446832,eligible
1646,140,76,0.8539325842696629,0.49673202614379086,4.703940066592675,eligible
1647,86,63,0.7078651685393258,0.5625,4.566037735849057,eligible
1648,120,69,0.7752808988764045,0.4928571428571429,4.665128205128205,eligible
1649,106,71,0.797752808988764,0.5725806451612904,4.580909090909091,eligible
1650,92,67,0.7528089887640449,0.5877192982456141,4.588235294117647,eligible
1651,75,62,0.6966292134831461,0.6078431372549019,4.472727272727273,eligible
1652,77,59,0.6629213483146067,0.5514018691588785,4.567633228840125,eligible
1653,107,78,0.8764044943820225,0.6610169491525424,4.632008592910848,eligible
1654,80,61,0.6853932584269663,0.5648148148148148,4.5,eligible
1655,100,76,0.8539325842696629,0.672566371681416,4.560416666666667,eligible
1656,79,61,0.6853932584269663,0.5700934579439252,4.530378726833199,eligible
1657,77,66,0.7415730337078652,0.66,4.474656981436642,eligible
1658,105,74,0.8314606741573034,0.6166666666666667,4.6,eligible
1659,101,75,0.8426966292134831,0.6521739130434783,4.593383883437407,eligible
1660,84,70,0.7865168539325843,0.6796116504854369,4.49375,eligible
1661,91,73,0.8202247191011236,0.6822429906542056,4.55,eligible
1662,136,81,0.9101123595505618,0.5625,4.7368421052631575,eligible
1663,105,65,0.7303370786516854,0.5038759689922481,4.625,eligible
1664,116,80,0.898876404494382,0.64,4.645114656031905,eligible
1665,104,73,0.8202247191011236,0.6083333333333333,4.598125,eligible
1666,126,69,0.7752808988764045,0.4726027397260274,4.723737373737374,eligible
1667,88,64,0.7191011235955056,0.5663716814159292,4.470897832817338,eligible
1668,107,71,0.797752808988764,0.568,4.61943793911007,eligible
1669,96,64,0.7191011235955056,0.5289256198347108,4.5418266978922714,eligible
1670,102,75,0.8426966292134831,0.646551724137931,4.597719298245614,eligible
1671,105,77,0.8651685393258427,0.6581196581196581,4.6261363636363635,eligible
1672,88,69,0.7752808988764045,0.6388888888888888,4.484117647058824,eligible
1673,103,72,0.8089887640449438,0.6,4.687858606557377,eligible
1674,90,66,0.7415730337078652,0.584070796460177,4.576098901098901,eligible
1675,109,82,0.9213483146067416,0.7068965517241379,4.661199478487614,eligible
1676,132,73,0.8202247191011236,0.49324324324324326,4.694838709677419,eligible
1677,117,74,0.8314606741573034,0.5606060606060606,4.672413793103448,eligible
1678,99,68,0.7640449438202247,0.5666666666666667,4.594853319608853,eligible
1679,83,64,0.7191011235955056,0.5925925925925926,4.526470588235294,eligible
1680,89,67,0.7528089887640449,0.6036036036036037,4.59579615648593,eligible
1681,72,54,0.6067415730337079,0.5046728971962616,4.4889104116222756,eligible
1682,96,68,0.7640449438202247,0.5811965811965812,4.566304347826087,eligible
1683,77,58,0.651685393258427,0.5370370370370371,4.5,eligible
1684,95,69,0.7752808988764045,0.6,4.571848739495798,eligible
1685,98,73,0.8202247191011236,0.6403508771929824,4.631746031746032,eligible
1686,103,67,0.7528089887640449,0.536,4.603015873015873,eligible
1687,86,67,0.7528089887640449,0.6203703703703703,4.571428571428571,eligible
1688,87,69,0.7752808988764045,0.6448598130841121,4.518607142857143,eligible
1689,87,56,0.6292134831460674,0.4666666666666667,4.604917095483133,eligible
1690,117,80,0.898876404494382,0.6349206349206349,4.613304093567251,eligible
1691,109,75,0.8426966292134831,0.6097560975609756,4.673033974815871,eligible
1692,94,61,0.6853932584269663,0.5,4.567477477477477,eligible
1693,119,68,0.7640449438202247,0.4857142857142857,4.671959872767311,eligible
1694,104,79,0.8876404494382022,0.6929824561403509,4.632721088435375,eligible
1695,92,69,0.7752808988764045,0.6160714285714286,4.4737288135593225,eligible
1696,82,65,0.7303370786516854,0.6132075471698113,4.530692599620493,eligible
1697,95,71,0.797752808988764,0.6283185840707964,4.584905660377358,eligible
1698,96,69,0.7752808988764045,0.5948275862068966,4.517126436781609,eligible
1699,119,80,0.898876404494382,0.625,4.666666666666667,eligible
1700,111,81,0.9101123595505618,0.680672268907563,4.619184952978056,eligible
1701,96,63,0.7078651685393258,0.5163934426229508,4.558568738229756,eligible
1702,117,75,0.8426966292134831,0.5725190839694656,4.6923076923076925,eligible
1703,90,68,0.7640449438202247,0.6126126126126126,4.505737704918032,eligible
1704,117,74,0.8314606741573034,0.5606060606060606,4.637012987012987,eligible
1705,130,84,0.9438202247191011,0.6222222222222222,4.692809364548495,eligible
1706,113,72,0.8089887640449438,0.5538461538461539,4.671505376344086,eligible
1707,99,76,0.8539325842696629,0.6785714285714286,4.5,eligible
1708,96,69,0.7752808988764045,0.5948275862068966,4.646218487394958,eligible
1709,78,64,0.7191011235955056,0.6213592233009708,4.488219246031746,eligible
1710,83,68,0.7640449438202247,0.6538461538461539,4.553846153846154,eligible
1711,117,79,0.8876404494382022,0.6220472440944882,4.666666666666667,eligible
1712,91,67,0.7528089887640449,0.5929203539823009,4.548629032258065,eligible
1713,84,70,0.7865168539325843,0.6796116504854369,4.594174208144796,eligible
1714,110,73,0.8202247191011236,0.5793650793650794,4.588235294117647,eligible
1715,140,79,0.8876404494382022,0.5266666666666666,4.761904761904762,eligible
1716,117,75,0.8426966292134831,0.5725190839694656,4.625,eligible
1717,97,73,0.8202247191011236,0.6460176991150443,4.517559523809524,eligible
1718,101,69,0.7752808988764045,0.5702479338842975,4.637539184952979,eligible
1719,111,72,0.8089887640449438,0.5625,4.680887681159421,eligible
1720,92,66,0.7415730337078652,0.5739130434782609,4.565501567398119,eligible
1721,108,73,0.8202247191011236,0.5887096774193549,4.625,eligible
1722,108,75,0.8426966292134831,0.6147540983606558,4.678571428571429,eligible
1723,82,68,0.7640449438202247,0.6601941747572816,4.523150183150183,eligible
1724,138,81,0.9101123595505618,0.5547945205479452,4.72463768115942,eligible
1725,95,68,0.7640449438202247,0.5862068965517241,4.618681318681318,eligible
1726,104,73,0.8202247191011236,0.6083333333333333,4.587417582417583,eligible
1727,92,66,0.7415730337078652,0.5739130434782609,4.526507177033492,eligible
1728,133,80,0.898876404494382,0.5633802816901409,4.734928229665072,eligible
1729,108,72,0.8089887640449438,0.576,4.576623376623377,eligible
1730,108,78,0.8764044943820225,0.6554621848739496,4.587254901960784,eligible
1731,96,75,0.8426966292134831,0.6818181818181818,4.530596285434995,eligible
1732,109,78,0.8764044943820225,0.65,4.647281639928699,eligible
1733,100,70,0.7865168539325843,0.5882352941176471,4.625,eligible
1734,75,66,0.7415730337078652,0.673469387755102,4.466666666666667,eligible
1735,126,79,0.8876404494382022,0.5808823529411765,4.676161616161616,eligible
1736,103,73,0.8202247191011236,0.6134453781512605,4.610130718954248,eligible
1737,86,71,0.797752808988764,0.6826923076923077,4.5,eligible
1738,126,74,0.8314606741573034,0.524822695035461,4.733333333333333,eligible
1739,95,67,0.7528089887640449,0.5726495726495726,4.571428571428571,eligible
1740,89,69,0.7752808988764045,0.6330275229357798,4.554444444444444,eligible
1741,114,74,0.8314606741573034,0.5736434108527132,4.637656125431836,eligible
1742,89,62,0.6966292134831461,0.5344827586206896,4.547954545454545,eligible
1743,84,68,0.7640449438202247,0.6476190476190476,4.5405303030303035,eligible
1744,103,73,0.8202247191011236,0.6134453781512605,4.582992788461539,eligible
1745,135,80,0.898876404494382,0.5555555555555556,4.695923913043479,eligible
1746,107,71,0.797752808988764,0.568,4.6092114959469415,eligible
1747,71,52,0.5842696629213483,0.48148148148148145,4.519481481481481,eligible
1748,121,78,0.8764044943820225,0.5909090909090909,4.698434442270059,eligible
1749,105,72,0.8089887640449438,0.5901639344262295,4.65,eligible
1750,125,78,0.8764044943820225,0.5735294117647058,4.716791979949875,eligible
1751,89,66,0.7415730337078652,0.5892857142857143,4.569316239316239,eligible
1752,106,76,0.8539325842696629,0.6386554621848739,4.564402173913043,eligible
1753,96,71,0.797752808988764,0.6228070175438597,4.593126177024482,eligible
1754,113,71,0.797752808988764,0.5419847328244275,4.610593220338983,eligible
1755,98,70,0.7865168539325843,0.5982905982905983,4.533793103448276,eligible
1756,99,70,0.7865168539325843,0.5932203389830508,4.5624384909786775,eligible
1757,110,77,0.8651685393258427,0.6311475409836066,4.666666666666667,eligible
1758,105,71,0.797752808988764,0.5772357723577236,4.665,eligible
1759,95,74,0.8314606741573034,0.6727272727272727,4.577485380116959,eligible
1760,114,70,0.7865168539325843,0.5263157894736842,4.705882352941177,eligible
1761,104,76,0.8539325842696629,0.6495726495726496,4.640934551886793,eligible
1762,88,60,0.6741573033707865,0.5128205128205128,4.566603773584905,eligible
1763,106,74,0.8314606741573034,0.6115702479338843,4.666666666666667,eligible
1764,152,74,0.8314606741573034,0.4431137724550898,4.827309782608696,eligible
1765,87,67,0.7528089887640449,0.6146788990825688,4.5,eligible
1766,101,75,0.8426966292134831,0.6521739130434783,4.5625,eligible
1767,122,75,0.8426966292134831,0.5514705882352942,4.653484848484848,eligible
1768,110,79,0.8876404494382022,0.6583333333333333,4.6923076923076925,eligible
1769,87,66,0.7415730337078652,0.6,4.531979166666667,eligible
1770,83,69,0.7752808988764045,0.6699029126213593,4.5004098360655735,eligible
1771,85,67,0.7528089887640449,0.6261682242990654,4.552751283932502,eligible
1772,98,73,0.8202247191011236,0.6403508771929824,4.52408274785324,eligible
1773,101,79,0.8876404494382022,0.7117117117117117,4.564175374829623,eligible
1774,92,71,0.797752808988764,0.6454545454545455,4.564791666666666,eligible
1775,96,77,0.8651685393258427,0.7129629629629629,4.527399380804954,eligible
1776,97,65,0.7303370786516854,0.5371900826446281,4.550833333333333,eligible
1777,101,72,0.8089887640449438,0.6101694915254238,4.583333333333333,eligible
1778,123,76,0.8539325842696629,0.5588235294117647,4.7,eligible
1779,85,71,0.797752808988764,0.6893203883495146,4.558833116036506,eligible
1780,86,68,0.7640449438202247,0.6355140186915887,4.537774725274725,eligible
1781,103,74,0.8314606741573034,0.6271186440677966,4.579166666666667,eligible
1782,104,72,0.8089887640449438,0.5950413223140496,4.666666666666667,eligible
1783,91,68,0.7640449438202247,0.6071428571428571,4.487521367521367,eligible
1784,98,73,0.8202247191011236,0.6403508771929824,4.611643835616438,eligible
1785,106,68,0.7640449438202247,0.5354330708661418,4.6101190476190474,eligible
1786,135,75,0.8426966292134831,0.5033557046979866,4.750384615384616,eligible
1787,121,77,0.8651685393258427,0.5789473684210527,4.678541162227603,eligible
1788,72,60,0.6741573033707865,0.594059405940594,4.477504105090312,eligible
1789,105,75,0.8426966292134831,0.6302521008403361,4.605555555555555,eligible
1790,111,73,0.8202247191011236,0.5748031496062992,4.623550724637681,eligible
1791,82,66,0.7415730337078652,0.6285714285714286,4.526718027734977,eligible
1792,107,79,0.8876404494382022,0.6752136752136753,4.542701754385965,eligible
1793,85,68,0.7640449438202247,0.6415094339622641,4.549360613810742,eligible
1794,138,84,0.9438202247191011,0.5874125874125874,4.7672463768115945,eligible
1795,120,79,0.8876404494382022,0.6076923076923076,4.663709677419355,eligible
1796,107,78,0.8764044943820225,0.6610169491525424,4.592559899117276,eligible
1797,120,76,0.8539325842696629,0.5714285714285714,4.666666666666667,eligible
1798,134,78,0.8764044943820225,0.5379310344827586,4.723692810457516,eligible
1799,104,74,0.8314606741573034,0.6218487394957983,4.646378269617706,eligible
1800,96,72,0.8089887640449438,0.6371681415929203,4.545454545454546,eligible
1801,103,76,0.8539325842696629,0.6551724137931034,4.571428571428571,eligible
1802,105,68,0.7640449438202247,0.5396825396825397,4.606411637931035,eligible
1803,109,73,0.8202247191011236,0.584,4.666666666666667,eligible
1804,85,75,0.8426966292134831,0.7575757575757576,4.5,eligible
1805,116,77,0.8651685393258427,0.6015625,4.672580645161291,eligible
1806,105,72,0.8089887640449438,0.5901639344262295,4.598840579710145,eligible
1807,96,67,0.7528089887640449,0.5677966101694916,4.571428571428571,eligible
1808,99,70,0.7865168539325843,0.5932203389830508,4.615384615384615,eligible
1809,121,79,0.8876404494382022,0.6030534351145038,4.7157681940700815,eligible
1810,95,70,0.7865168539325843,0.6140350877192983,4.60864406779661,eligible
1811,121,78,0.8764044943820225,0.5909090909090909,4.685849056603773,eligible
1812,110,74,0.8314606741573034,0.592,4.642581211589113,eligible
1813,80,66,0.7415730337078652,0.6407766990291263,4.5249546279491835,eligible
1814,109,73,0.8202247191011236,0.584,4.6342979242979245,eligible
1815,92,70,0.7865168539325843,0.6306306306306306,4.577105402542373,eligible
1816,102,71,0.797752808988764,0.5916666666666667,4.569305120167189,eligible
1817,104,68,0.7640449438202247,0.544,4.586409736308316,eligible
1818,96,75,0.8426966292134831,0.6818181818181818,4.574107142857143,eligible
1819,99,70,0.7865168539325843,0.5932203389830508,4.524310776942356,eligible
1820,113,66,0.7415730337078652,0.4852941176470588,4.637070938215103,eligible
1821,87,64,0.7191011235955056,0.5714285714285714,4.5186795491143315,eligible
1822,108,76,0.8539325842696629,0.628099173553719,4.625,eligible
1823,85,63,0.7078651685393258,0.5675675675675675,4.538461538461538,eligible
1824,112,71,0.797752808988764,0.5461538461538461,4.6425058548009375,eligible
1825,109,70,0.7865168539325843,0.546875,4.634676434676435,eligible
1826,104,69,0.7752808988764045,0.5564516129032258,4.630463871543265,eligible
1827,116,70,0.7865168539325843,0.5185185185185185,4.64877769289534,eligible
1828,111,73,0.8202247191011236,0.5748031496062992,4.588428158148505,eligible
1829,85,70,0.7865168539325843,0.6730769230769231,4.494672131147541,eligible
1830,114,70,0.7865168539325843,0.5263157894736842,4.666666666666667,eligible
1831,71,63,0.7078651685393258,0.6494845360824743,4.414010695187166,eligible
1832,113,68,0.7640449438202247,0.5074626865671642,4.611324786324786,eligible
1833,117,80,0.898876404494382,0.6349206349206349,4.666666666666667,eligible
1834,74,61,0.6853932584269663,0.5980392156862745,4.489004554326611,eligible
1835,128,77,0.8651685393258427,0.55,4.666666666666667,eligible
1836,117,67,0.7528089887640449,0.48201438848920863,4.705882352941177,eligible
1837,100,67,0.7528089887640449,0.5491803278688525,4.60476011994003,eligible
1838,99,77,0.8651685393258427,0.6936936936936937,4.636363636363637,eligible
1839,67,58,0.651685393258427,0.5918367346938775,4.523809523809524,eligible
1840,94,72,0.8089887640449438,0.6486486486486487,4.5,eligible
1841,114,75,0.8426966292134831,0.5859375,4.652828054298643,eligible
1842,82,63,0.7078651685393258,0.5833333333333334,4.5,eligible
1843,113,73,0.8202247191011236,0.5658914728682171,4.643433179723503,eligible
1844,106,74,0.8314606741573034,0.6115702479338843,4.643907563025211,eligible
1845,125,81,0.9101123595505618,0.6090225563909775,4.6923076923076925,eligible
1846,82,61,0.6853932584269663,0.5545454545454546,4.512500000000001,eligible
1847,68,53,0.5955056179775281,0.5096153846153846,4.482204433497537,eligible
1848,106,75,0.8426966292134831,0.625,4.6,eligible
1849,90,72,0.8089887640449438,0.6728971962616822,4.547648902821317,eligible
1850,99,74,0.8314606741573034,0.6491228070175439,4.6,eligible
1851,123,77,0.8651685393258427,0.5703703703703704,4.611111111111111,eligible
1852,78,58,0.651685393258427,0.5321100917431193,4.503169014084507,eligible
1853,101,68,0.7640449438202247,0.5573770491803278,4.571428571428571,eligible
1854,90,66,0.7415730337078652,0.584070796460177,4.575520978049458,eligible
1855,91,75,0.8426966292134831,0.7142857142857143,4.533064516129032,eligible
1856,80,55,0.6179775280898876,0.4824561403508772,4.54583866837388,eligible
1857,123,74,0.8314606741573034,0.5362318840579711,4.710192307692307,eligible
1858,115,80,0.898876404494382,0.6451612903225806,4.601111111111111,eligible
1859,96,69,0.7752808988764045,0.5948275862068966,4.559001782531194,eligible
1860,107,71,0.797752808988764,0.568,4.6236680327868855,eligible
1861,106,71,0.797752808988764,0.5725806451612904,4.563336267605634,eligible
1862,67,57,0.6404494382022472,0.5757575757575758,4.412745098039216,eligible
1863,101,72,0.8089887640449438,0.6101694915254238,4.579377990430622,eligible
1864,88,65,0.7303370786516854,0.5803571428571429,4.571428571428571,eligible
1865,101,76,0.8539325842696629,0.6666666666666666,4.62510593220339,eligible
1866,92,69,0.7752808988764045,0.6160714285714286,4.503070175438597,eligible
1867,121,78,0.8764044943820225,0.5909090909090909,4.684703947368421,eligible
1868,128,72,0.8089887640449438,0.496551724137931,4.714285714285714,eligible
1869,63,54,0.6067415730337079,0.5510204081632653,4.454545454545454,eligible
1870,126,75,0.8426966292134831,0.5357142857142857,4.706998738965952,eligible
1871,82,65,0.7303370786516854,0.6132075471698113,4.4738626226583404,eligible
1872,101,73,0.8202247191011236,0.6239316239316239,4.558401639344263,eligible
1873,104,74,0.8314606741573034,0.6218487394957983,4.532549019607843,eligible
1874,100,67,0.7528089887640449,0.5491803278688525,4.583198924731183,eligible
1875,97,74,0.8314606741573034,0.6607142857142857,4.635926573426573,eligible
1876,82,64,0.7191011235955056,0.5981308411214953,4.54051282051282,eligible
1877,97,60,0.6741573033707865,0.47619047619047616,4.624545454545455,eligible
1878,115,82,0.9213483146067416,0.6721311475409836,4.609548611111111,eligible
1879,98,64,0.7191011235955056,0.5203252032520326,4.555555555555555,eligible
1880,97,67,0.7528089887640449,0.5630252100840336,4.571428571428571,eligible
1881,73,56,0.6292134831460674,0.5283018867924528,4.47126050420168,eligible
1882,106,79,0.8876404494382022,0.6810344827586207,4.603478260869565,eligible
1883,110,74,0.8314606741573034,0.592,4.665196078431372,eligible
1884,73,65,0.7303370786516854,0.6701030927835051,4.428571428571429,eligible
1885,80,64,0.7191011235955056,0.6095238095238096,4.5,eligible
1886,138,82,0.9213483146067416,0.5655172413793104,4.727141862084978,eligible
1887,107,74,0.8314606741573034,0.6065573770491803,4.589171122994652,eligible
1888,116,76,0.8539325842696629,0.5891472868217055,4.666666666666667,eligible
1889,109,75,0.8426966292134831,0.6097560975609756,4.588235294117647,eligible
1890,115,80,0.898876404494382,0.6451612903225806,4.612365591397849,eligible
1891,96,65,0.7303370786516854,0.5416666666666666,4.573800309597523,eligible
1892,77,63,0.7078651685393258,0.6116504854368932,4.5,eligible
1893,117,74,0.8314606741573034,0.5606060606060606,4.661538461538462,eligible
1894,109,79,0.8876404494382022,0.6638655462184874,4.621820665673125,eligible
1895,78,60,0.6741573033707865,0.5607476635514018,4.5,eligible
1896,118,79,0.8876404494382022,0.6171875,4.675913461538462,eligible
1897,170,83,0.9325842696629213,0.4715909090909091,4.838095238095238,eligible
1898,108,72,0.8089887640449438,0.576,4.644965104685943,eligible
1899,116,80,0.898876404494382,0.64,4.663681592039801,eligible
1900,94,71,0.797752808988764,0.6339285714285714,4.61211251435132,eligible
1901,108,73,0.8202247191011236,0.5887096774193549,4.566594202898551,eligible
1902,75,58,0.651685393258427,0.5471698113207547,4.5008928571428575,eligible
1903,98,66,0.7415730337078652,0.5454545454545454,4.587528344671202,eligible
1904,90,71,0.797752808988764,0.6574074074074074,4.558333333333334,eligible
1905,95,68,0.7640449438202247,0.5862068965517241,4.5338095238095235,eligible
1906,108,75,0.8426966292134831,0.6147540983606558,4.6335227272727275,eligible
1907,102,73,0.8202247191011236,0.6186440677966102,4.590909090909091,eligible
1908,80,69,0.7752808988764045,0.69,4.580340557275542,eligible
1909,137,79,0.8876404494382022,0.5374149659863946,4.708918406072106,eligible
1910,97,72,0.8089887640449438,0.631578947368421,4.625604838709678,eligible
1911,83,62,0.6966292134831461,0.5636363636363636,4.47468671679198,eligible
1912,89,68,0.7640449438202247,0.6181818181818182,4.5535278514588855,eligible
1913,80,64,0.7191011235955056,0.6095238095238096,4.524798555154209,eligible
1914,107,72,0.8089887640449438,0.5806451612903226,4.615384615384615,eligible
1915,91,63,0.7078651685393258,0.5384615384615384,4.567505827505827,eligible
1916,108,81,0.9101123595505618,0.6982758620689655,4.619642857142857,eligible
1917,101,68,0.7640449438202247,0.5573770491803278,4.579176201372998,eligible
1918,124,81,0.9101123595505618,0.6136363636363636,4.6495588235294125,eligible
1919,159,84,0.9438202247191011,0.5121951219512195,4.823004201680672,eligible
1920,126,84,0.9438202247191011,0.6412213740458015,4.702058823529412,eligible
1921,69,59,0.6629213483146067,0.5959595959595959,4.5,eligible
1922,111,75,0.8426966292134831,0.6,4.654545454545454,eligible
1923,115,79,0.8876404494382022,0.632,4.604874213836478,eligible
1924,113,75,0.8426966292134831,0.5905511811023622,4.661129112662014,eligible
1925,108,76,0.8539325842696629,0.628099173553719,4.576691729323308,eligible
1926,127,79,0.8876404494382022,0.5766423357664233,4.6875,eligible
1927,86,61,0.6853932584269663,0.5350877192982456,4.588235294117647,eligible
1928,77,66,0.7415730337078652,0.66,4.4713651498335185,eligible
1929,106,68,0.7640449438202247,0.5354330708661418,4.582575757575758,eligible
1930,103,70,0.7865168539325843,0.5737704918032787,4.611111111111111,eligible
1931,109,70,0.7865168539325843,0.546875,4.666666666666667,eligible
1932,118,83,0.9325842696629213,0.6693548387096774,4.705882352941177,eligible
1933,94,72,0.8089887640449438,0.6486486486486487,4.543030303030304,eligible
1934,92,71,0.797752808988764,0.6454545454545455,4.506481481481482,eligible
1935,89,70,0.7865168539325843,0.6481481481481481,4.5625,eligible
1936,108,72,0.8089887640449438,0.576,4.61839530332681,eligible
1937,103,66,0.7415730337078652,0.5238095238095238,4.647058823529412,eligible
1938,135,85,0.9550561797752809,0.6115107913669064,4.727622377622378,eligible
1939,90,66,0.7415730337078652,0.584070796460177,4.531572327044025,eligible
1940,91,69,0.7752808988764045,0.6216216216216216,4.522435897435897,eligible
1941,104,70,0.7865168539325843,0.5691056910569106,4.628679750223015,eligible
1942,147,82,0.9213483146067416,0.5324675324675324,4.772491228070176,eligible
1943,109,72,0.8089887640449438,0.5714285714285714,4.629032258064516,eligible
1944,93,65,0.7303370786516854,0.5555555555555556,4.5829545454545455,eligible
1945,120,78,0.8764044943820225,0.5954198473282443,4.643297380585516,eligible
1946,117,76,0.8539325842696629,0.5846153846153846,4.633492822966508,eligible
1947,112,71,0.797752808988764,0.5461538461538461,4.685550239234449,eligible
1948,89,63,0.7078651685393258,0.5478260869565217,4.580208333333333,eligible
1949,107,76,0.8539325842696629,0.6333333333333333,4.604680164319249,eligible
1950,87,69,0.7752808988764045,0.6448598130841121,4.573412698412699,eligible
1951,94,72,0.8089887640449438,0.6486486486486487,4.525021645021645,eligible
1952,119,82,0.9213483146067416,0.6507936507936508,4.660714285714286,eligible
1953,80,69,0.7752808988764045,0.69,4.4601398601398605,eligible
1954,123,78,0.8764044943820225,0.582089552238806,4.7049662487946,eligible
1955,117,72,0.8089887640449438,0.5373134328358209,4.65,eligible
1956,107,73,0.8202247191011236,0.5934959349593496,4.617912246865959,eligible
1957,122,81,0.9101123595505618,0.6230769230769231,4.669406392694065,eligible
1958,119,79,0.8876404494382022,0.6124031007751938,4.666666666666667,eligible
1959,71,67,0.7528089887640449,0.7204301075268817,4.406744868035191,eligible
1960,85,71,0.797752808988764,0.6893203883495146,4.538461538461538,eligible
1961,100,79,0.8876404494382022,0.7181818181818181,4.5819267299864315,eligible
1962,115,69,0.7752808988764045,0.5111111111111111,4.649642857142857,eligible
1963,112,70,0.7865168539325843,0.5343511450381679,4.6443126177024485,eligible
1964,106,73,0.8202247191011236,0.5983606557377049,4.63544776119403,eligible
1965,101,74,0.8314606741573034,0.6379310344827587,4.590461997019374,eligible
1966,92,64,0.7191011235955056,0.5470085470085471,4.5625,eligible
1967,93,66,0.7415730337078652,0.5689655172413793,4.578278322925959,eligible
1968,73,54,0.6067415730337079,0.5,4.466153846153847,eligible
1969,91,71,0.797752808988764,0.6513761467889908,4.5,eligible
1970,100,73,0.8202247191011236,0.6293103448275862,4.581387559808612,eligible
1971,105,70,0.7865168539325843,0.5645161290322581,4.585632183908046,eligible
1972,88,64,0.7191011235955056,0.5663716814159292,4.583333333333333,eligible
1973,103,76,0.8539325842696629,0.6551724137931034,4.629032258064516,eligible
1974,101,69,0.7752808988764045,0.5702479338842975,4.6,eligible
1975,105,70,0.7865168539325843,0.5645161290322581,4.625,eligible
1976,79,61,0.6853932584269663,0.5700934579439252,4.539072039072039,eligible
1977,91,67,0.7528089887640449,0.5929203539823009,4.585515873015873,eligible
1978,96,64,0.7191011235955056,0.5289256198347108,4.538461538461538,eligible
1979,111,77,0.8651685393258427,0.6260162601626016,4.620909090909091,eligible
1980,77,60,0.6741573033707865,0.5660377358490566,4.53156862745098,eligible
1981,135,79,0.8876404494382022,0.5448275862068965,4.685855263157895,eligible
1982,129,81,0.9101123595505618,0.5912408759124088,4.704237288135594,eligible
1983,103,71,0.797752808988764,0.5867768595041323,4.582064777327935,eligible
1984,83,68,0.7640449438202247,0.6538461538461539,4.5685714285714285,eligible
1985,92,73,0.8202247191011236,0.6759259259259259,4.535079575596817,eligible
1986,143,76,0.8539325842696629,0.48717948717948717,4.75,eligible
1987,99,71,0.797752808988764,0.6068376068376068,4.615384615384615,eligible
1988,109,76,0.8539325842696629,0.6229508196721312,4.608054169636493,eligible
1989,93,73,0.8202247191011236,0.6697247706422018,4.59053651266766,eligible
1990,95,59,0.6629213483146067,0.472,4.56140350877193,eligible
1991,124,81,0.9101123595505618,0.6136363636363636,4.684941520467836,eligible
1992,113,71,0.797752808988764,0.5419847328244275,4.649411764705882,eligible
1993,98,77,0.8651685393258427,0.7,4.5846698113207545,eligible
1994,97,75,0.8426966292134831,0.6756756756756757,4.571428571428571,eligible
1995,157,84,0.9438202247191011,0.5185185185185185,4.8100000000000005,eligible
1996,120,80,0.898876404494382,0.6201550387596899,4.645825426944972,eligible
1997,110,72,0.8089887640449438,0.5669291338582677,4.571428571428571,eligible
1998,91,66,0.7415730337078652,0.5789473684210527,4.507692307692308,eligible
1999,129,79,0.8876404494382022,0.5683453237410072,4.706592292089249,eligible
2000,82,53,0.5955056179775281,0.4491525423728814,4.472982456140351,eligible
2001,104,81,0.9101123595505618,0.7232142857142857,4.642470588235295,eligible
2002,105,72,0.8089887640449438,0.5901639344262295,4.6149797570850195,eligible
2003,77,58,0.651685393258427,0.5370370370370371,4.545135566188198,eligible
2004,86,69,0.7752808988764045,0.6509433962264151,4.51,eligible
2005,116,81,0.9101123595505618,0.6532258064516129,4.661559139784946,eligible
2006,85,64,0.7191011235955056,0.5818181818181818,4.571428571428571,eligible
2007,96,71,0.797752808988764,0.6228070175438597,4.629569377990431,eligible
2008,118,73,0.8202247191011236,0.5447761194029851,4.666666666666667,eligible
2009,73,59,0.6629213483146067,0.5728155339805825,4.54234360410831,eligible
2010,98,57,0.6404494382022472,0.43846153846153846,4.6,eligible
2011,98,72,0.8089887640449438,0.6260869565217392,4.579761904761904,eligible
2012,107,73,0.8202247191011236,0.5934959349593496,4.626333333333333,eligible
2013,79,64,0.7191011235955056,0.6153846153846154,4.455161787365177,eligible
2014,95,63,0.7078651685393258,0.5206611570247934,4.6,eligible
2015,99,73,0.8202247191011236,0.6347826086956522,4.56784107946027,eligible
2016,94,70,0.7865168539325843,0.6194690265486725,4.55,eligible
2017,110,78,0.8764044943820225,0.6446280991735537,4.666666666666667,eligible
2018,116,77,0.8651685393258427,0.6015625,4.677289879931389,eligible
2019,100,72,0.8089887640449438,0.6153846153846154,4.583782051282051,eligible
2020,91,64,0.7191011235955056,0.5517241379310345,4.631913116123643,eligible
2021,107,73,0.8202247191011236,0.5934959349593496,4.61943793911007,eligible
2022,84,67,0.7528089887640449,0.6320754716981132,4.557472527472528,eligible
2023,85,67,0.7528089887640449,0.6261682242990654,4.5,eligible
2024,111,77,0.8651685393258427,0.6260162601626016,4.66058064516129,eligible
2025,100,80,0.898876404494382,0.7339449541284404,4.549516129032258,eligible
2026,94,64,0.7191011235955056,0.5378151260504201,4.545264705882353,eligible
2027,101,72,0.8089887640449438,0.6101694915254238,4.582960199004975,eligible
2028,92,66,0.7415730337078652,0.5739130434782609,4.622095070422535,eligible
2029,88,67,0.7528089887640449,0.6090909090909091,4.533333333333333,eligible
2030,119,75,0.8426966292134831,0.5639097744360902,4.62,eligible
2031,123,69,0.7752808988764045,0.4825174825174825,4.671875,eligible
2032,97,70,0.7865168539325843,0.603448275862069,4.571428571428571,eligible
2033,99,72,0.8089887640449438,0.6206896551724138,4.589395194697597,eligible
2034,126,79,0.8876404494382022,0.5808823529411765,4.722222222222222,eligible
2035,104,73,0.8202247191011236,0.6083333333333333,4.6,eligible
2036,84,66,0.7415730337078652,0.616822429906542,4.571428571428571,eligible
2037,92,67,0.7528089887640449,0.5877192982456141,4.5109633569739955,eligible
2038,78,59,0.6629213483146067,0.5462962962962963,4.5,eligible
2039,116,67,0.7528089887640449,0.4855072463768116,4.693939393939394,eligible
2040,135,77,0.8651685393258427,0.5238095238095238,4.7211803278688524,eligible
2041,108,74,0.8314606741573034,0.6016260162601627,4.6115079365079366,eligible
2042,98,70,0.7865168539325843,0.5982905982905983,4.5,eligible
2043,137,77,0.8651685393258427,0.5167785234899329,4.745762711864407,eligible
2044,85,67,0.7528089887640449,0.6261682242990654,4.491680194805195,eligible
2045,79,63,0.7078651685393258,0.6,4.547058823529412,eligible
2046,68,56,0.6292134831460674,0.5544554455445545,4.492055485498108,eligible
2047,103,68,0.7640449438202247,0.5483870967741935,4.633166969147005,eligible
2048,116,78,0.8764044943820225,0.6141732283464567,4.623809523809523,eligible
2049,90,67,0.7528089887640449,0.5982142857142857,4.549308755760369,eligible
2050,122,73,0.8202247191011236,0.5289855072463768,4.680579710144928,eligible
2051,97,67,0.7528089887640449,0.5630252100840336,4.538492063492063,eligible
2052,71,57,0.6404494382022472,0.5533980582524272,4.490713276836158,eligible
2053,79,64,0.7191011235955056,0.6153846153846154,4.529411764705882,eligible
2054,77,54,0.6067415730337079,0.48214285714285715,4.45171875,eligible
2055,89,64,0.7191011235955056,0.5614035087719298,4.559127535426508,eligible
2056,111,77,0.8651685393258427,0.6260162601626016,4.666666666666667,eligible
2057,98,67,0.7528089887640449,0.5583333333333333,4.5596610169491525,eligible
2058,109,72,0.8089887640449438,0.5714285714285714,4.694368131868131,eligible
2059,111,71,0.797752808988764,0.5503875968992248,4.636363636363637,eligible
2060,101,76,0.8539325842696629,0.6666666666666666,4.616666666666666,eligible
2061,75,59,0.6629213483146067,0.5619047619047619,4.5,eligible
2062,77,61,0.6853932584269663,0.580952380952381,4.430238095238096,eligible
2063,92,64,0.7191011235955056,0.5470085470085471,4.572932330827068,eligible
2064,84,64,0.7191011235955056,0.5871559633027523,4.527858293075685,eligible
2065,88,67,0.7528089887640449,0.6090909090909091,4.546880570409982,eligible
2066,97,65,0.7303370786516854,0.5371900826446281,4.617032967032967,eligible
2067,126,83,0.9325842696629213,0.6287878787878788,4.688012295081967,eligible
2068,87,70,0.7865168539325843,0.660377358490566,4.550603448275862,eligible
2069,87,60,0.6741573033707865,0.5172413793103449,4.529411764705882,eligible
2070,81,65,0.7303370786516854,0.6190476190476191,4.5,eligible
2071,68,55,0.6179775280898876,0.5392156862745098,4.50036231884058,eligible
2072,96,73,0.8202247191011236,0.6517857142857143,4.572365339578454,eligible
2073,113,75,0.8426966292134831,0.5905511811023622,4.639620081411127,eligible
2074,92,66,0.7415730337078652,0.5739130434782609,4.550802139037434,eligible
2075,109,75,0.8426966292134831,0.6097560975609756,4.642857142857143,eligible
2076,111,76,0.8539325842696629,0.6129032258064516,4.590909090909091,eligible
2077,103,65,0.7303370786516854,0.5118110236220472,4.605030316640467,eligible
2078,100,63,0.7078651685393258,0.5,4.615384615384615,eligible
2079,90,70,0.7865168539325843,0.6422018348623854,4.504929577464789,eligible
2080,107,70,0.7865168539325843,0.5555555555555556,4.636626402070751,eligible
2081,88,67,0.7528089887640449,0.6090909090909091,4.480518518518519,eligible
2082,102,64,0.7191011235955056,0.5039370078740157,4.620203186331102,eligible
2083,101,76,0.8539325842696629,0.6666666666666666,4.555163934426229,eligible
2084,84,63,0.7078651685393258,0.5727272727272728,4.564621318373072,eligible
2085,93,69,0.7752808988764045,0.6106194690265486,4.529411764705882,eligible
2086,107,72,0.8089887640449438,0.5806451612903226,4.609555137844612,eligible
2087,116,74,0.8314606741573034,0.5648854961832062,4.699090909090909,eligible
2088,83,62,0.6966292134831461,0.5636363636363636,4.5,eligible
2089,88,67,0.7528089887640449,0.6090909090909091,4.537864721485411,eligible
2090,99,65,0.7303370786516854,0.5284552845528455,4.596717600452744,eligible
2091,111,74,0.8314606741573034,0.5873015873015873,4.618787878787878,eligible
2092,122,77,0.8651685393258427,0.5746268656716418,4.701065668202765,eligible
2093,92,71,0.797752808988764,0.6454545454545455,4.516920289855072,eligible
2094,91,73,0.8202247191011236,0.6822429906542056,4.5450423728813565,eligible
2095,85,71,0.797752808988764,0.6893203883495146,4.544417862838916,eligible
2096,79,60,0.6741573033707865,0.5555555555555556,4.4742018981880936,eligible
2097,141,77,0.8651685393258427,0.5032679738562091,4.7328205128205125,eligible
2098,101,69,0.7752808988764045,0.5702479338842975,4.62405303030303,eligible
2099,103,78,0.8764044943820225,0.6842105263157895,4.6,eligible
2100,117,79,0.8876404494382022,0.6220472440944882,4.6933894230769235,eligible
2101,97,66,0.7415730337078652,0.55,4.642118226600986,eligible
2102,89,64,0.7191011235955056,0.5614035087719298,4.528997514498757,eligible
2103,82,65,0.7303370786516854,0.6132075471698113,4.543885448916409,eligible
2104,117,73,0.8202247191011236,0.5488721804511278,4.684210526315789,eligible
2105,103,71,0.797752808988764,0.5867768595041323,4.5576923076923075,eligible
2106,118,80,0.898876404494382,0.6299212598425197,4.638822115384616,eligible
2107,101,80,0.898876404494382,0.7272727272727273,4.625,eligible
2108,92,64,0.7191011235955056,0.5470085470085471,4.569018567639257,eligible
2109,118,68,0.7640449438202247,0.4892086330935252,4.719714285714286,eligible
2110,91,66,0.7415730337078652,0.5789473684210527,4.588095238095238,eligible
2111,101,68,0.7640449438202247,0.5573770491803278,4.583333333333333,eligible
2112,103,71,0.797752808988764,0.5867768595041323,4.571346153846154,eligible
2113,94,61,0.6853932584269663,0.5,4.6201923076923075,eligible
2114,93,58,0.651685393258427,0.46774193548387094,4.583333333333333,eligible
2115,98,72,0.8089887640449438,0.6260869565217392,4.615750915750915,eligible
2116,99,71,0.797752808988764,0.6068376068376068,4.61474358974359,eligible
2117,91,58,0.651685393258427,0.47540983606557374,4.7139097744360905,eligible
2118,110,70,0.7865168539325843,0.5426356589147286,4.6149572649572645,eligible
2119,90,63,0.7078651685393258,0.5431034482758621,4.555555555555555,eligible
2120,93,73,0.8202247191011236,0.6697247706422018,4.55,eligible
2121,106,70,0.7865168539325843,0.56,4.658787878787879,eligible
2122,77,63,0.7078651685393258,0.6116504854368932,4.491071428571429,eligible
2123,104,69,0.7752808988764045,0.5564516129032258,4.578125,eligible
2124,99,69,0.7752808988764045,0.5798319327731093,4.5,eligible
2125,77,66,0.7415730337078652,0.66,4.465952380952381,eligible
2126,97,64,0.7191011235955056,0.5245901639344263,4.602622950819672,eligible
2127,89,65,0.7303370786516854,0.5752212389380531,4.564130434782609,eligible
2128,94,74,0.8314606741573034,0.6788990825688074,4.574181818181819,eligible
2129,99,74,0.8314606741573034,0.6491228070175439,4.608952356557377,eligible
2130,89,63,0.7078651685393258,0.5478260869565217,4.520086956521738,eligible
2131,82,62,0.6966292134831461,0.5688073394495413,4.553761709601874,eligible
2132,81,60,0.6741573033707865,0.5454545454545454,4.528993869455464,eligible
2133,118,77,0.8651685393258427,0.5923076923076923,4.7,eligible
2134,115,84,0.9438202247191011,0.7,4.650039682539683,eligible
2135,65,52,0.5842696629213483,0.5098039215686274,4.450814692074013,eligible
2136,98,73,0.8202247191011236,0.6403508771929824,4.584423076923077,eligible
2137,94,71,0.797752808988764,0.6339285714285714,4.601269841269841,eligible
2138,110,66,0.7415730337078652,0.49624060150375937,4.600634920634921,eligible
2139,111,75,0.8426966292134831,0.6,4.663440860215054,eligible
2140,90,64,0.7191011235955056,0.5565217391304348,4.602058823529411,eligible
2141,105,75,0.8426966292134831,0.6302521008403361,4.629922027290449,eligible
2142,97,72,0.8089887640449438,0.631578947368421,4.5625,eligible
2143,111,69,0.7752808988764045,0.5267175572519084,4.732435897435898,eligible
2144,97,72,0.8089887640449438,0.631578947368421,4.550258620689655,eligible
2145,108,74,0.8314606741573034,0.6016260162601627,4.620034482758621,eligible
2146,94,65,0.7303370786516854,0.5508474576271186,4.564164648910412,eligible
2147,115,74,0.8314606741573034,0.5692307692307692,4.666666666666667,eligible
2148,107,71,0.797752808988764,0.568,4.636363636363637,eligible
2149,102,73,0.8202247191011236,0.6186440677966102,4.592424242424243,eligible
2150,94,65,0.7303370786516854,0.5508474576271186,4.589438502673796,eligible
2151,84,62,0.6966292134831461,0.5585585585585585,4.588235294117647,eligible
2152,90,71,0.797752808988764,0.6574074074074074,4.556193078324226,eligible
2153,81,64,0.7191011235955056,0.6037735849056604,4.5,eligible
2154,80,62,0.6966292134831461,0.5794392523364486,4.479423114026625,eligible
2155,120,73,0.8202247191011236,0.5367647058823529,4.733333333333333,eligible
2156,84,68,0.7640449438202247,0.6476190476190476,4.5,eligible
2157,87,59,0.6629213483146067,0.5042735042735043,4.484808946877912,eligible
2158,146,82,0.9213483146067416,0.5359477124183006,4.722300734878463,eligible
2159,80,63,0.7078651685393258,0.5943396226415094,4.463326110509209,eligible
2160,101,75,0.8426966292134831,0.6521739130434783,4.6,eligible
2161,84,62,0.6966292134831461,0.5585585585585585,4.538105413105413,eligible
2162,130,78,0.8764044943820225,0.5531914893617021,4.69079939668175,eligible
2163,108,81,0.9101123595505618,0.6982758620689655,4.586206896551724,eligible
2164,94,70,0.7865168539325843,0.6194690265486725,4.564822134387351,eligible
2165,118,75,0.8426966292134831,0.5681818181818182,4.636363636363637,eligible
2166,110,78,0.8764044943820225,0.6446280991735537,4.578947368421052,eligible
2167,120,73,0.8202247191011236,0.5367647058823529,4.674762862891635,eligible
2168,117,77,0.8651685393258427,0.5968992248062015,4.690416141235813,eligible
2169,135,76,0.8539325842696629,0.5135135135135135,4.758189655172414,eligible
2170,105,76,0.8539325842696629,0.6440677966101694,4.662044997256264,eligible
2171,112,78,0.8764044943820225,0.6341463414634146,4.6421052631578945,eligible
2172,103,71,0.797752808988764,0.5867768595041323,4.569543650793651,eligible
2173,85,68,0.7640449438202247,0.6415094339622641,4.495,eligible
2174,136,81,0.9101123595505618,0.5625,4.729312953995158,eligible
2175,97,66,0.7415730337078652,0.55,4.618382352941176,eligible
2176,89,72,0.8089887640449438,0.6792452830188679,4.529411764705882,eligible
2177,86,67,0.7528089887640449,0.6203703703703703,4.574436090225563,eligible
2178,91,66,0.7415730337078652,0.5789473684210527,4.6,eligible
2179,100,65,0.7303370786516854,0.5241935483870968,4.6367897727272736,eligible
2180,117,75,0.8426966292134831,0.5725190839694656,4.696764252696457,eligible
2181,117,72,0.8089887640449438,0.5373134328358209,4.692254901960784,eligible
2182,77,64,0.7191011235955056,0.6274509803921569,4.4526475958612295,eligible
2183,89,68,0.7640449438202247,0.6181818181818182,4.5,eligible
2184,114,74,0.8314606741573034,0.5736434108527132,4.71554054054054,eligible
2185,133,81,0.9101123595505618,0.574468085106383,4.717334905660378,eligible
2186,93,64,0.7191011235955056,0.5423728813559322,4.622727272727273,eligible
2187,119,80,0.898876404494382,0.625,4.6875512295081965,eligible
2188,103,72,0.8089887640449438,0.6,4.637012987012987,eligible
2189,92,64,0.7191011235955056,0.5470085470085471,4.574681712962963,eligible
2190,97,67,0.7528089887640449,0.5630252100840336,4.571428571428571,eligible
2191,106,74,0.8314606741573034,0.6115702479338843,4.544078947368421,eligible
2192,131,76,0.8539325842696629,0.5277777777777778,4.714285714285714,eligible
2193,112,79,0.8876404494382022,0.6475409836065574,4.674561403508772,eligible
2194,78,64,0.7191011235955056,0.6213592233009708,4.428571428571429,eligible
2195,107,69,0.7752808988764045,0.5433070866141733,4.709718670076726,eligible
2196,120,70,0.7865168539325843,0.5035971223021583,4.714285714285714,eligible
2197,121,78,0.8764044943820225,0.5909090909090909,4.697108673978065,eligible
2198,82,63,0.7078651685393258,0.5833333333333334,4.5080124063065385,eligible
2199,97,74,0.8314606741573034,0.6607142857142857,4.583411949685535,eligible
2200,61,49,0.550561797752809,0.48514851485148514,4.419354838709677,eligible
2201,115,83,0.9325842696629213,0.6859504132231405,4.647058823529412,eligible
2202,130,79,0.8876404494382022,0.5642857142857143,4.70405701754386,eligible
2203,107,71,0.797752808988764,0.568,4.619107981220657,eligible
2204,101,77,0.8651685393258427,0.6814159292035398,4.556410256410256,eligible
2205,118,75,0.8426966292134831,0.5681818181818182,4.665536723163842,eligible
2206,102,70,0.7865168539325843,0.5785123966942148,4.645378151260505,eligible
2207,100,72,0.8089887640449438,0.6153846153846154,4.569999999999999,eligible
2208,86,63,0.7078651685393258,0.5625,4.5311866125760645,eligible
2209,119,73,0.8202247191011236,0.5407407407407407,4.666666666666667,eligible
2210,91,67,0.7528089887640449,0.5929203539823009,4.5,eligible
2211,101,64,0.7191011235955056,0.5079365079365079,4.6,eligible
2212,130,79,0.8876404494382022,0.5642857142857143,4.68762677484787,eligible
2213,95,67,0.7528089887640449,0.5726495726495726,4.567410714285714,eligible
2214,76,61,0.6853932584269663,0.5865384615384616,4.475814536340852,eligible
2215,96,72,0.8089887640449438,0.6371681415929203,4.53701226309922,eligible
2216,90,62,0.6966292134831461,0.5299145299145299,4.557051282051281,eligible
2217,89,71,0.797752808988764,0.6635514018691588,4.526315789473684,eligible
2218,105,67,0.7528089887640449,0.5275590551181102,4.647657952069717,eligible
2219,85,61,0.6853932584269663,0.5398230088495575,4.617045454545455,eligible
2220,123,80,0.898876404494382,0.6060606060606061,4.705882352941177,eligible
2221,76,57,0.6404494382022472,0.5277777777777778,4.555555555555555,eligible
2222,92,65,0.7303370786516854,0.5603448275862069,4.555366004962779,eligible
2223,100,71,0.797752808988764,0.6016949152542372,4.536923076923077,eligible
2224,107,69,0.7752808988764045,0.5433070866141733,4.651784188034188,eligible
2225,101,71,0.797752808988764,0.5966386554621849,4.533333333333333,eligible
2226,127,78,0.8764044943820225,0.5652173913043478,4.682031746031746,eligible
2227,78,61,0.6853932584269663,0.5754716981132075,4.476557377049181,eligible
2228,122,77,0.8651685393258427,0.5746268656716418,4.7223504273504275,eligible
2229,103,77,0.8651685393258427,0.6695652173913044,4.596666666666667,eligible
2230,92,70,0.7865168539325843,0.6306306306306306,4.550223880597015,eligible
2231,85,70,0.7865168539325843,0.6730769230769231,4.541495901639345,eligible
2232,98,67,0.7528089887640449,0.5583333333333333,4.593032015065914,eligible
2233,120,79,0.8876404494382022,0.6076923076923076,4.677205882352942,eligible
2234,113,75,0.8426966292134831,0.5905511811023622,4.606879391100702,eligible
2235,117,73,0.8202247191011236,0.5488721804511278,4.6875,eligible
2236,82,60,0.6741573033707865,0.5405405405405406,4.529411764705882,eligible
2237,112,76,0.8539325842696629,0.608,4.625,eligible
2238,88,72,0.8089887640449438,0.6857142857142857,4.617543859649122,eligible
2239,121,81,0.9101123595505618,0.627906976744186,4.662308029837648,eligible
2240,91,68,0.7640449438202247,0.6071428571428571,4.5625,eligible
2241,102,76,0.8539325842696629,0.6608695652173913,4.623214285714286,eligible
2242,90,73,0.8202247191011236,0.6886792452830188,4.588235294117647,eligible
2243,79,65,0.7303370786516854,0.6310679611650486,4.474353256021409,eligible
2244,99,79,0.8876404494382022,0.7247706422018348,4.554615384615384,eligible
2245,67,57,0.6404494382022472,0.5757575757575758,4.45,eligible
2246,91,67,0.7528089887640449,0.5929203539823009,4.5,eligible
2247,121,78,0.8764044943820225,0.5909090909090909,4.678225806451613,eligible
2248,95,72,0.8089887640449438,0.6428571428571429,4.547272727272728,eligible
2249,58,47,0.5280898876404494,0.47,4.435714285714286,eligible
2250,88,67,0.7528089887640449,0.6090909090909091,4.561458333333333,eligible
2251,96,74,0.8314606741573034,0.6666666666666666,4.5557438794726925,eligible
2252,104,71,0.797752808988764,0.5819672131147541,4.570879120879121,eligible
2253,95,72,0.8089887640449438,0.6428571428571429,4.551136363636364,eligible
2254,104,76,0.8539325842696629,0.6495726495726496,4.6212835906232135,eligible
2255,104,73,0.8202247191011236,0.6083333333333333,4.578947368421052,eligible
2256,120,75,0.8426966292134831,0.5597014925373134,4.669387755102041,eligible
2257,116,76,0.8539325842696629,0.5891472868217055,4.686886708296164,eligible
2258,112,81,0.9101123595505618,0.675,4.625,eligible
2259,106,74,0.8314606741573034,0.6115702479338843,4.6,eligible
2260,106,71,0.797752808988764,0.5725806451612904,4.591816499206769,eligible
2261,97,74,0.8314606741573034,0.6607142857142857,4.508196721311475,eligible
2262,123,75,0.8426966292134831,0.5474452554744526,4.650434782608696,eligible
2263,105,64,0.7191011235955056,0.49230769230769234,4.623463114754099,eligible
2264,110,59,0.6629213483146067,0.42142857142857143,4.649754385964912,eligible
2265,94,75,0.8426966292134831,0.6944444444444444,4.5538075913105756,eligible
2266,122,82,0.9213483146067416,0.6356589147286822,4.610590277777778,eligible
2267,86,70,0.7865168539325843,0.6666666666666666,4.548951612903226,eligible
2268,78,60,0.6741573033707865,0.5607476635514018,4.509405117979395,eligible
2269,100,72,0.8089887640449438,0.6153846153846154,4.585805084745763,eligible
2270,100,64,0.7191011235955056,0.512,4.583333333333333,eligible
2271,99,67,0.7528089887640449,0.5537190082644629,4.613163265306122,eligible
2272,98,71,0.797752808988764,0.6120689655172413,4.571428571428571,eligible
2273,84,68,0.7640449438202247,0.6476190476190476,4.5581920903954805,eligible
2274,93,73,0.8202247191011236,0.6697247706422018,4.5,eligible
2275,73,57,0.6404494382022472,0.5428571428571428,4.453125,eligible
2276,121,72,0.8089887640449438,0.5217391304347826,4.60655737704918,eligible
2277,80,60,0.6741573033707865,0.5504587155963303,4.529411764705882,eligible
2278,101,73,0.8202247191011236,0.6239316239316239,4.555555555555555,eligible
2279,102,76,0.8539325842696629,0.6608695652173913,4.6,eligible
2280,88,70,0.7865168539325843,0.6542056074766355,4.502868852459017,eligible
2281,118,74,0.8314606741573034,0.556390977443609,4.655833333333334,eligible
2282,93,69,0.7752808988764045,0.6106194690265486,4.544117647058823,eligible
2283,102,74,0.8314606741573034,0.6324786324786325,4.578947368421052,eligible
2284,87,65,0.7303370786516854,0.5855855855855856,4.624692622950819,eligible
2285,89,63,0.7078651685393258,0.5478260869565217,4.538461538461538,eligible
2286,108,72,0.8089887640449438,0.576,4.588068812430632,eligible
2287,93,67,0.7528089887640449,0.5826086956521739,4.6,eligible
2288,73,53,0.5955056179775281,0.48623853211009177,4.488235294117647,eligible
2289,86,64,0.7191011235955056,0.5765765765765766,4.539153846153846,eligible
2290,132,76,0.8539325842696629,0.5241379310344828,4.751428571428572,eligible
2291,90,61,0.6853932584269663,0.5169491525423728,4.5758241758241756,eligible
2292,75,64,0.7191011235955056,0.64,4.475743707093821,eligible
2293,113,73,0.8202247191011236,0.5658914728682171,4.6415094339622645,eligible
2294,102,71,0.797752808988764,0.5916666666666667,4.6,eligible
2295,103,71,0.797752808988764,0.5867768595041323,4.585714285714285,eligible
2296,104,72,0.8089887640449438,0.5950413223140496,4.642857142857143,eligible
2297,100,74,0.8314606741573034,0.6434782608695652,4.602291666666667,eligible
2298,96,65,0.7303370786516854,0.5416666666666666,4.607007393121182,eligible
2299,99,66,0.7415730337078652,0.5409836065573771,4.6373376623376625,eligible
2300,92,64,0.7191011235955056,0.5470085470085471,4.5330208333333335,eligible
2301,76,58,0.651685393258427,0.5420560747663551,4.542417582417582,eligible
2302,99,74,0.8314606741573034,0.6491228070175439,4.619286510590858,eligible
2303,101,68,0.7640449438202247,0.5573770491803278,4.597966101694915,eligible
2304,98,70,0.7865168539325843,0.5982905982905983,4.6042424242424245,eligible
2305,101,61,0.6853932584269663,0.4728682170542636,4.624571917808219,eligible
2306,94,72,0.8089887640449438,0.6486486486486487,4.55,eligible
2307,118,81,0.9101123595505618,0.6428571428571429,4.705882352941177,eligible
2308,81,63,0.7078651685393258,0.5887850467289719,4.4520202020202015,eligible
2309,104,73,0.8202247191011236,0.6083333333333333,4.674666666666667,eligible
2310,87,69,0.7752808988764045,0.6448598130841121,4.550277777777778,eligible
2311,135,80,0.898876404494382,0.5555555555555556,4.75,eligible
2312,86,70,0.7865168539325843,0.6666666666666666,4.525770308123249,eligible
2313,82,63,0.7078651685393258,0.5833333333333334,4.491990950226245,eligible
2314,139,75,0.8426966292134831,0.49019607843137253,4.740662166505946,eligible
2315,125,87,0.9775280898876404,0.6850393700787402,4.68657616892911,eligible
2316,87,64,0.7191011235955056,0.5714285714285714,4.476413255360624,eligible
2317,99,70,0.7865168539325843,0.5932203389830508,4.603559322033898,eligible
2318,115,79,0.8876404494382022,0.632,4.616666666666666,eligible
2319,99,64,0.7191011235955056,0.5161290322580645,4.620833333333334,eligible
2320,85,61,0.6853932584269663,0.5398230088495575,4.551434006438396,eligible
2321,81,61,0.6853932584269663,0.5596330275229358,4.5648617511520735,eligible
2322,104,65,0.7303370786516854,0.5078125,4.632775119617225,eligible
2323,84,63,0.7078651685393258,0.5727272727272728,4.5323529411764705,eligible
2324,132,80,0.898876404494382,0.5673758865248227,4.7602071563088515,eligible
2325,92,68,0.7640449438202247,0.6017699115044248,4.617788461538462,eligible
2326,90,60,0.6741573033707865,0.5042016806722689,4.6,eligible
2327,87,72,0.8089887640449438,0.6923076923076923,4.491803278688525,eligible
2328,101,64,0.7191011235955056,0.5079365079365079,4.588235294117647,eligible
2329,125,79,0.8876404494382022,0.5851851851851851,4.733333333333333,eligible
2330,115,77,0.8651685393258427,0.6062992125984252,4.637147335423197,eligible
2331,122,76,0.8539325842696629,0.562962962962963,4.68890290037831,eligible
2332,90,66,0.7415730337078652,0.584070796460177,4.45,eligible
2333,84,64,0.7191011235955056,0.5871559633027523,4.5201974000962934,eligible
2334,114,79,0.8876404494382022,0.6370967741935484,4.7214912280701755,eligible
2335,109,76,0.8539325842696629,0.6229508196721312,4.574436090225563,eligible
2336,115,76,0.8539325842696629,0.59375,4.666384180790961,eligible
2337,81,64,0.7191011235955056,0.6037735849056604,4.470588235294118,eligible
2338,126,73,0.8202247191011236,0.5140845070422535,4.699078947368421,eligible
2339,104,78,0.8764044943820225,0.6782608695652174,4.636363636363637,eligible
2340,123,79,0.8876404494382022,0.5939849624060151,4.666666666666667,eligible
2341,120,79,0.8876404494382022,0.6076923076923076,4.6936167304538,eligible
2342,111,68,0.7640449438202247,0.5151515151515151,4.694615384615385,eligible
2343,87,67,0.7528089887640449,0.6146788990825688,4.564820450395618,eligible
2344,79,59,0.6629213483146067,0.5412844036697247,4.506690140845071,eligible
2345,99,72,0.8089887640449438,0.6206896551724138,4.642690677966102,eligible
2346,131,81,0.9101123595505618,0.5827338129496403,4.7272727272727275,eligible
2347,93,72,0.8089887640449438,0.6545454545454545,4.508444619010213,eligible
2348,78,65,0.7303370786516854,0.6372549019607843,4.483870967741935,eligible
2349,119,76,0.8539325842696629,0.5757575757575758,4.671810787671233,eligible
2350,76,63,0.7078651685393258,0.6176470588235294,4.471493506493506,eligible
2351,95,69,0.7752808988764045,0.6,4.573376623376624,eligible
2352,95,71,0.797752808988764,0.6283185840707964,4.522530206112296,eligible
2353,73,64,0.7191011235955056,0.6530612244897959,4.46463033668865,eligible
2354,97,65,0.7303370786516854,0.5371900826446281,4.608320493066256,eligible
2355,99,76,0.8539325842696629,0.6785714285714286,4.528697478991597,eligible
2356,76,62,0.6966292134831461,0.6019417475728155,4.473684210526316,eligible
2357,103,65,0.7303370786516854,0.5118110236220472,4.591750841750842,eligible
2358,87,66,0.7415730337078652,0.6,4.497368421052632,eligible
2359,99,73,0.8202247191011236,0.6347826086956522,4.550603448275862,eligible
2360,105,75,0.8426966292134831,0.6302521008403361,4.599032258064516,eligible
2361,106,74,0.8314606741573034,0.6115702479338843,4.6542658730158735,eligible
2362,99,71,0.797752808988764,0.6068376068376068,4.600344827586206,eligible
2363,140,79,0.8876404494382022,0.5266666666666666,4.750684931506849,eligible
2364,66,56,0.6292134831460674,0.5656565656565656,4.455928853754941,eligible
2365,113,80,0.898876404494382,0.6557377049180327,4.622537878787878,eligible
2366,101,71,0.797752808988764,0.5966386554621849,4.523113553113553,eligible
2367,125,72,0.8089887640449438,0.5070422535211268,4.641258741258742,eligible
2368,117,80,0.898876404494382,0.6349206349206349,4.6198644698378954,eligible
2369,127,80,0.898876404494382,0.5882352941176471,4.666666666666667,eligible
2370,84,67,0.7528089887640449,0.6320754716981132,4.469607843137255,eligible
2371,111,79,0.8876404494382022,0.6528925619834711,4.619622331691297,eligible
2372,124,77,0.8651685393258427,0.5661764705882353,4.696699134199134,eligible
2373,121,83,0.9325842696629213,0.6535433070866141,4.68,eligible
2374,114,78,0.8764044943820225,0.624,4.653144016227181,eligible
2375,118,75,0.8426966292134831,0.5681818181818182,4.666666666666667,eligible
2376,97,73,0.8202247191011236,0.6460176991150443,4.584615384615384,eligible
2377,116,80,0.898876404494382,0.64,4.689224137931034,eligible
2378,96,69,0.7752808988764045,0.5948275862068966,4.579724637681159,eligible
2379,102,70,0.7865168539325843,0.5785123966942148,4.611111111111111,eligible
2380,97,71,0.797752808988764,0.6173913043478261,4.559343434343434,eligible
2381,85,72,0.8089887640449438,0.7058823529411765,4.5,eligible
2382,97,67,0.7528089887640449,0.5630252100840336,4.600405679513185,eligible
2383,122,82,0.9213483146067416,0.6356589147286822,4.666666666666667,eligible
2384,95,70,0.7865168539325843,0.6140350877192983,4.524616626311541,eligible
2385,107,69,0.7752808988764045,0.5433070866141733,4.636520376175549,eligible
2386,91,74,0.8314606741573034,0.6981132075471698,4.590848214285715,eligible
2387,137,80,0.898876404494382,0.547945205479452,4.743086529884032,eligible
2388,100,71,0.797752808988764,0.6016949152542372,4.543939393939394,eligible
2389,113,75,0.8426966292134831,0.5905511811023622,4.615384615384615,eligible
2390,111,76,0.8539325842696629,0.6129032258064516,4.625186567164179,eligible
2391,112,77,0.8651685393258427,0.6209677419354839,4.545681818181818,eligible
2392,99,68,0.7640449438202247,0.5666666666666667,4.572602739726027,eligible
2393,93,70,0.7865168539325843,0.625,4.537214285714286,eligible
2394,110,78,0.8764044943820225,0.6446280991735537,4.604747912155892,eligible
2395,82,64,0.7191011235955056,0.5981308411214953,4.427845036319613,eligible
2396,115,76,0.8539325842696629,0.59375,4.688461538461539,eligible
2397,91,64,0.7191011235955056,0.5517241379310345,4.562335526315789,eligible
2398,122,83,0.9325842696629213,0.6484375,4.666666666666667,eligible
2399,107,72,0.8089887640449438,0.5806451612903226,4.666666666666667,eligible
2400,94,63,0.7078651685393258,0.525,4.590909090909091,eligible
2401,95,70,0.7865168539325843,0.6140350877192983,4.6,eligible
2402,97,73,0.8202247191011236,0.6460176991150443,4.6,eligible
2403,90,69,0.7752808988764045,0.6272727272727273,4.52360232734632,eligible
2404,98,75,0.8426966292134831,0.6696428571428571,4.549754901960784,eligible
2405,102,70,0.7865168539325843,0.5785123966942148,4.643341404358353,eligible
2406,98,65,0.7303370786516854,0.5327868852459017,4.6425058548009375,eligible
2407,92,74,0.8314606741573034,0.6915887850467289,4.5075789973865525,eligible
2408,103,74,0.8314606741573034,0.6271186440677966,4.6,eligible
2409,87,60,0.6741573033707865,0.5172413793103449,4.530784313725491,eligible
2410,110,71,0.797752808988764,0.5546875,4.620570570570571,eligible
2411,87,67,0.7528089887640449,0.6146788990825688,4.522256728778467,eligible
2412,83,63,0.7078651685393258,0.5779816513761468,4.588235294117647,eligible
2413,123,77,0.8651685393258427,0.5703703703703704,4.6440677966101696,eligible
2414,99,78,0.8764044943820225,0.7090909090909091,4.520608695652173,eligible
2415,114,74,0.8314606741573034,0.5736434108527132,4.630075187969926,eligible
2416,79,65,0.7303370786516854,0.6310679611650486,4.55,eligible
2417,91,64,0.7191011235955056,0.5517241379310345,4.557271662763466,eligible
2418,80,56,0.6292134831460674,0.49557522123893805,4.533333333333333,eligible
2419,89,70,0.7865168539325843,0.6481481481481481,4.52889748549323,eligible
2420,105,74,0.8314606741573034,0.6166666666666667,4.614395577986061,eligible
2421,72,55,0.6179775280898876,0.5188679245283019,4.5,eligible
2422,89,70,0.7865168539325843,0.6481481481481481,4.571428571428571,eligible
2423,123,73,0.8202247191011236,0.5251798561151079,4.632631578947369,eligible
2424,97,73,0.8202247191011236,0.6460176991150443,4.611111111111111,eligible
2425,97,76,0.8539325842696629,0.6909090909090909,4.5895585317460315,eligible
2426,93,65,0.7303370786516854,0.5555555555555556,4.550689655172413,eligible
2427,97,77,0.8651685393258427,0.7064220183486238,4.523454157782516,eligible
2428,96,76,0.8539325842696629,0.6972477064220184,4.565217391304348,eligible
2429,113,74,0.8314606741573034,0.578125,4.583908045977012,eligible
2430,109,76,0.8539325842696629,0.6229508196721312,4.623214285714286,eligible
2431,88,64,0.7191011235955056,0.5663716814159292,4.571428571428571,eligible
2432,90,69,0.7752808988764045,0.6272727272727273,4.500423728813559,eligible
2433,106,72,0.8089887640449438,0.5853658536585366,4.634920634920635,eligible
2434,98,73,0.8202247191011236,0.6403508771929824,4.5284829721362225,eligible
2435,103,75,0.8426966292134831,0.6410256410256411,4.56875,eligible
2436,108,71,0.797752808988764,0.5634920634920635,4.602758620689656,eligible
2437,118,75,0.8426966292134831,0.5681818181818182,4.6237704918032785,eligible
2438,96,70,0.7865168539325843,0.6086956521739131,4.511011904761905,eligible
2439,99,71,0.797752808988764,0.6068376068376068,4.631578947368421,eligible
2440,104,64,0.7191011235955056,0.49612403100775193,4.666666666666667,eligible
2441,121,79,0.8876404494382022,0.6030534351145038,4.6461538461538465,eligible
2442,111,80,0.898876404494382,0.6666666666666666,4.655942622950819,eligible
2443,90,65,0.7303370786516854,0.5701754385964912,4.579710144927536,eligible
2444,127,82,0.9213483146067416,0.6119402985074627,4.641,eligible
2445,87,67,0.7528089887640449,0.6146788990825688,4.543434343434344,eligible
2446,100,70,0.7865168539325843,0.5882352941176471,4.562897727272727,eligible
2447,118,81,0.9101123595505618,0.6428571428571429,4.724221357063404,eligible
2448,72,62,0.6966292134831461,0.6262626262626263,4.444444444444445,eligible
2449,111,82,0.9213483146067416,0.6949152542372882,4.625,eligible
2450,91,66,0.7415730337078652,0.5789473684210527,4.5,eligible
2451,82,65,0.7303370786516854,0.6132075471698113,4.5,eligible
2452,109,73,0.8202247191011236,0.584,4.642857142857143,eligible
2453,84,63,0.7078651685393258,0.5727272727272728,4.510976430976431,eligible
2454,98,66,0.7415730337078652,0.5454545454545454,4.633333333333334,eligible
2455,128,74,0.8314606741573034,0.5174825174825175,4.667213114754099,eligible
2456,113,77,0.8651685393258427,0.616,4.646854838709678,eligible
2457,86,57,0.6404494382022472,0.4830508474576271,4.514935661764706,eligible
2458,95,73,0.8202247191011236,0.6576576576576577,4.558937198067633,eligible
2459,118,80,0.898876404494382,0.6299212598425197,4.6080065359477125,eligible
2460,110,75,0.8426966292134831,0.6048387096774194,4.571428571428571,eligible
2461,128,79,0.8876404494382022,0.572463768115942,4.691080855793277,eligible
2462,93,67,0.7528089887640449,0.5826086956521739,4.588235294117647,eligible
2463,75,60,0.6741573033707865,0.5769230769230769,4.5,eligible
2464,101,70,0.7865168539325843,0.5833333333333334,4.591721132897604,eligible
2465,90,68,0.7640449438202247,0.6126126126126126,4.587874056726515,eligible
2466,120,77,0.8651685393258427,0.5833333333333334,4.666666666666667,eligible
2467,127,78,0.8764044943820225,0.5652173913043478,4.703125,eligible
2468,93,63,0.7078651685393258,0.5294117647058824,4.63768115942029,eligible
2469,125,81,0.9101123595505618,0.6090225563909775,4.666666666666667,eligible
2470,90,63,0.7078651685393258,0.5431034482758621,4.544516129032258,eligible
2471,122,76,0.8539325842696629,0.562962962962963,4.686887254901961,eligible
2472,82,60,0.6741573033707865,0.5405405405405406,4.5,eligible
2473,122,79,0.8876404494382022,0.5984848484848485,4.694284712482468,eligible
2474,100,76,0.8539325842696629,0.672566371681416,4.585124663072776,eligible
2475,86,66,0.7415730337078652,0.6055045871559633,4.5550427350427345,eligible
2476,99,74,0.8314606741573034,0.6491228070175439,4.5,eligible
2477,91,63,0.7078651685393258,0.5384615384615384,4.5,eligible
2478,80,61,0.6853932584269663,0.5648148148148148,4.529590017825312,eligible
2479,71,57,0.6404494382022472,0.5533980582524272,4.426747720364742,eligible
2480,86,71,0.797752808988764,0.6826923076923077,4.533589743589744,eligible
2481,106,71,0.797752808988764,0.5725806451612904,4.625,eligible
2482,93,68,0.7640449438202247,0.5964912280701754,4.464814814814815,eligible
2483,106,71,0.797752808988764,0.5725806451612904,4.666666666666667,eligible
2484,101,76,0.8539325842696629,0.6666666666666666,4.571428571428571,eligible
2485,108,76,0.8539325842696629,0.628099173553719,4.587628384687208,eligible
2486,100,69,0.7752808988764045,0.575,4.555932203389831,eligible
2487,139,81,0.9101123595505618,0.5510204081632653,4.768227424749163,eligible
2488,105,74,0.8314606741573034,0.6166666666666667,4.666666666666667,eligible
2489,121,80,0.898876404494382,0.6153846153846154,4.668852459016394,eligible
2490,117,80,0.898876404494382,0.6349206349206349,4.658905251458739,eligible
2491,99,69,0.7752808988764045,0.5798319327731093,4.598076923076922,eligible
2492,93,66,0.7415730337078652,0.5689655172413793,4.588001867413632,eligible
2493,83,65,0.7303370786516854,0.6074766355140186,4.551503048139583,eligible
2494,96,63,0.7078651685393258,0.5163934426229508,4.635645933014355,eligible
2495,94,74,0.8314606741573034,0.6788990825688074,4.532708333333333,eligible
2496,87,56,0.6292134831460674,0.4666666666666667,4.595625,eligible
2497,117,76,0.8539325842696629,0.5846153846153846,4.650760869565218,eligible
2498,60,54,0.6067415730337079,0.5684210526315789,4.3785,eligible
2499,101,76,0.8539325842696629,0.6666666666666666,4.638711503623188,eligible
2500,109,72,0.8089887640449438,0.5714285714285714,4.648088235294118,eligible
2501,123,80,0.898876404494382,0.6060606060606061,4.688605402909259,eligible
2502,123,76,0.8539325842696629,0.5588235294117647,4.696153846153846,eligible
2503,112,76,0.8539325842696629,0.608,4.615384615384615,eligible
2504,97,66,0.7415730337078652,0.55,4.574812030075187,eligible
2505,120,80,0.898876404494382,0.6201550387596899,4.628902765388046,eligible
2506,91,58,0.651685393258427,0.47540983606557374,4.571428571428571,eligible
2507,91,68,0.7640449438202247,0.6071428571428571,4.586764705882352,eligible
2508,123,82,0.9213483146067416,0.6307692307692307,4.6875,eligible
2509,93,69,0.7752808988764045,0.6106194690265486,4.527706057596822,eligible
2510,82,66,0.7415730337078652,0.6285714285714286,4.4407776669990024,eligible
2511,117,76,0.8539325842696629,0.5846153846153846,4.6923076923076925,eligible
2512,109,72,0.8089887640449438,0.5714285714285714,4.625,eligible
2513,139,76,0.8539325842696629,0.5,4.805624355005159,eligible
2514,106,76,0.8539325842696629,0.6386554621848739,4.599354838709677,eligible
2515,83,70,0.7865168539325843,0.6862745098039216,4.582456140350877,eligible
2516,113,78,0.8764044943820225,0.6290322580645161,4.636688311688312,eligible
2517,92,62,0.6966292134831461,0.5210084033613446,4.590312965722801,eligible
2518,98,70,0.7865168539325843,0.5982905982905983,4.5773809523809526,eligible
2519,113,74,0.8314606741573034,0.578125,4.681894736842105,eligible
2520,93,73,0.8202247191011236,0.6697247706422018,4.571428571428571,eligible
2521,99,70,0.7865168539325843,0.5932203389830508,4.561764705882353,eligible
2522,93,71,0.797752808988764,0.6396396396396397,4.519088319088319,eligible
2523,91,73,0.8202247191011236,0.6822429906542056,4.529411764705882,eligible
2524,91,65,0.7303370786516854,0.5652173913043478,4.583333333333333,eligible
2525,101,73,0.8202247191011236,0.6239316239316239,4.624795081967213,eligible
2526,90,66,0.7415730337078652,0.584070796460177,4.5557438794726925,eligible
2527,108,72,0.8089887640449438,0.576,4.616666666666666,eligible
2528,84,65,0.7303370786516854,0.6018518518518519,4.5,eligible
2529,87,64,0.7191011235955056,0.5714285714285714,4.5341025641025645,eligible
2530,99,77,0.8651685393258427,0.6936936936936937,4.642857142857143,eligible
2531,95,68,0.7640449438202247,0.5862068965517241,4.542279942279943,eligible
2532,89,70,0.7865168539325843,0.6481481481481481,4.5597987288135595,eligible
2533,84,71,0.797752808988764,0.696078431372549,4.554265873015873,eligible
2534,122,76,0.8539325842696629,0.562962962962963,4.667375886524823,eligible
2535,97,68,0.7640449438202247,0.576271186440678,4.554265873015873,eligible
2536,107,70,0.7865168539325843,0.5555555555555556,4.615384615384615,eligible
2537,97,63,0.7078651685393258,0.5121951219512195,4.647821350762527,eligible
2538,83,62,0.6966292134831461,0.5636363636363636,4.529536921151439,eligible
2539,109,70,0.7865168539325843,0.546875,4.621922731356694,eligible
2540,97,66,0.7415730337078652,0.55,4.6341269841269845,eligible
2541,108,78,0.8764044943820225,0.6554621848739496,4.652692307692308,eligible
2542,104,70,0.7865168539325843,0.5691056910569106,4.593961352657005,eligible
2543,99,69,0.7752808988764045,0.5798319327731093,4.522388059701493,eligible
2544,108,75,0.8426966292134831,0.6147540983606558,4.5997545582047685,eligible
2545,84,64,0.7191011235955056,0.5871559633027523,4.428571428571429,eligible
2546,77,54,0.6067415730337079,0.48214285714285715,4.450725806451612,eligible
2547,101,68,0.7640449438202247,0.5573770491803278,4.571428571428571,eligible
2548,96,68,0.7640449438202247,0.5811965811965812,4.6,eligible
2549,79,62,0.6966292134831461,0.5849056603773585,4.538461538461538,eligible
2550,120,77,0.8651685393258427,0.5833333333333334,4.658095238095239,eligible
2551,88,70,0.7865168539325843,0.6542056074766355,4.536153846153846,eligible
2552,108,70,0.7865168539325843,0.5511811023622047,4.6179487179487175,eligible
2553,121,76,0.8539325842696629,0.5671641791044776,4.677732240437159,eligible
2554,91,67,0.7528089887640449,0.5929203539823009,4.5412587412587415,eligible
2555,105,78,0.8764044943820225,0.6724137931034483,4.578947368421052,eligible
2556,89,73,0.8202247191011236,0.6952380952380952,4.526315789473684,eligible
2557,103,74,0.8314606741573034,0.6271186440677966,4.6224543946932,eligible
2558,102,71,0.797752808988764,0.5916666666666667,4.617833125778331,eligible
2559,115,75,0.8426966292134831,0.5813953488372093,4.685408684546616,eligible
2560,133,84,0.9438202247191011,0.6086956521739131,4.692540792540793,eligible
2561,93,68,0.7640449438202247,0.5964912280701754,4.62887633396108,eligible
2562,105,71,0.797752808988764,0.5772357723577236,4.558129370629371,eligible
2563,109,69,0.7752808988764045,0.5348837209302325,4.666666666666667,eligible
2564,110,69,0.7752808988764045,0.5307692307692308,4.636363636363637,eligible
2565,121,77,0.8651685393258427,0.5789473684210527,4.666666666666667,eligible
2566,104,70,0.7865168539325843,0.5691056910569106,4.642701745509739,eligible
2567,83,65,0.7303370786516854,0.6074766355140186,4.53030303030303,eligible
2568,109,78,0.8764044943820225,0.65,4.603623839472895,eligible
2569,129,79,0.8876404494382022,0.5683453237410072,4.681225296442688,eligible
2570,97,76,0.8539325842696629,0.6909090909090909,4.529411764705882,eligible
2571,87,68,0.7640449438202247,0.6296296296296297,4.556873822975518,eligible
2572,137,78,0.8764044943820225,0.527027027027027,4.733333333333333,eligible
2573,118,74,0.8314606741573034,0.556390977443609,4.68034965034965,eligible
2574,90,63,0.7078651685393258,0.5431034482758621,4.495901639344263,eligible
2575,72,59,0.6629213483146067,0.5784313725490197,4.462622549019608,eligible
2576,83,66,0.7415730337078652,0.6226415094339622,4.476190476190476,eligible
2577,95,68,0.7640449438202247,0.5862068965517241,4.6,eligible
2578,84,59,0.6629213483146067,0.5175438596491229,4.545667613636364,eligible
2579,92,64,0.7191011235955056,0.5470085470085471,4.630564102564103,eligible
2580,114,69,0.7752808988764045,0.5149253731343284,4.703561970338983,eligible
2581,99,64,0.7191011235955056,0.5161290322580645,4.528345864661654,eligible
2582,109,71,0.797752808988764,0.5590551181102362,4.6875,eligible
2583,115,77,0.8651685393258427,0.6062992125984252,4.6307992202729045,eligible
2584,106,72,0.8089887640449438,0.5853658536585366,4.565217391304348,eligible
2585,112,74,0.8314606741573034,0.5826771653543307,4.666666666666667,eligible
2586,109,71,0.797752808988764,0.5590551181102362,4.642857142857143,eligible
2587,109,72,0.8089887640449438,0.5714285714285714,4.627631578947368,eligible
2588,107,68,0.7640449438202247,0.53125,4.6625000000000005,eligible
2589,95,68,0.7640449438202247,0.5862068965517241,4.565527950310559,eligible
2590,113,69,0.7752808988764045,0.518796992481203,4.625,eligible
2591,70,53,0.5955056179775281,0.5,4.533333333333333,eligible
2592,112,74,0.8314606741573034,0.5826771653543307,4.682790309106099,eligible
2593,70,55,0.6179775280898876,0.5288461538461539,4.454704944178628,eligible
2594,101,66,0.7415730337078652,0.532258064516129,4.6822463768115945,eligible
2595,133,74,0.8314606741573034,0.5,4.75668618266979,eligible
2596,92,70,0.7865168539325843,0.6306306306306306,4.5460506706408355,eligible
2597,99,75,0.8426966292134831,0.6637168141592921,4.53804945054945,eligible
2598,100,73,0.8202247191011236,0.6293103448275862,4.59601814516129,eligible
2599,123,84,0.9438202247191011,0.65625,4.684210526315789,eligible
2600,93,69,0.7752808988764045,0.6106194690265486,4.586574074074074,eligible
2601,96,71,0.797752808988764,0.6228070175438597,4.573308270676692,eligible
2602,92,66,0.7415730337078652,0.5739130434782609,4.578947368421052,eligible
2603,101,64,0.7191011235955056,0.5079365079365079,4.609139784946237,eligible
2604,100,68,0.7640449438202247,0.5619834710743802,4.555555555555555,eligible
2605,125,81,0.9101123595505618,0.6090225563909775,4.666666666666667,eligible
2606,97,69,0.7752808988764045,0.5897435897435898,4.5,eligible
2607,103,70,0.7865168539325843,0.5737704918032787,4.55,eligible
2608,112,76,0.8539325842696629,0.608,4.584615384615384,eligible
2609,97,73,0.8202247191011236,0.6460176991150443,4.587829614604463,eligible
2610,83,61,0.6853932584269663,0.5495495495495496,4.555555555555555,eligible
2611,69,55,0.6179775280898876,0.5339805825242718,4.413286004056795,eligible
2612,83,56,0.6292134831460674,0.4827586206896552,4.5,eligible
2613,79,60,0.6741573033707865,0.5555555555555556,4.533333333333333,eligible
2614,104,77,0.8651685393258427,0.6637931034482759,4.550072463768116,eligible
2615,83,63,0.7078651685393258,0.5779816513761468,4.538888888888889,eligible
2616,79,63,0.7078651685393258,0.6,4.5,eligible
2617,127,85,0.9550561797752809,0.648854961832061,4.7081967213114755,eligible
2618,128,70,0.7865168539325843,0.47619047619047616,4.705303760848602,eligible
2619,106,70,0.7865168539325843,0.56,4.632169709989259,eligible
2620,74,63,0.7078651685393258,0.63,4.395737704918034,eligible
2621,91,67,0.7528089887640449,0.5929203539823009,4.568322981366459,eligible
2622,99,69,0.7752808988764045,0.5798319327731093,4.589138943248533,eligible
2623,117,77,0.8651685393258427,0.5968992248062015,4.667179487179488,eligible
2624,103,74,0.8314606741573034,0.6271186440677966,4.6140601503759395,eligible
2625,93,65,0.7303370786516854,0.5555555555555556,4.580719451846212,eligible
2626,85,64,0.7191011235955056,0.5818181818181818,4.517310049019608,eligible
2627,108,70,0.7865168539325843,0.5511811023622047,4.614640198511166,eligible
2628,129,81,0.9101123595505618,0.5912408759124088,4.763787878787879,eligible
2629,109,81,0.9101123595505618,0.6923076923076923,4.541222677595629,eligible
2630,78,63,0.7078651685393258,0.6057692307692307,4.474408602150537,eligible
2631,98,68,0.7640449438202247,0.5714285714285714,4.586059113300492,eligible
2632,102,74,0.8314606741573034,0.6324786324786325,4.584415584415584,eligible
2633,95,70,0.7865168539325843,0.6140350877192983,4.560482374768089,eligible
2634,87,67,0.7528089887640449,0.6146788990825688,4.560593220338983,eligible
2635,88,64,0.7191011235955056,0.5663716814159292,4.5835784313725485,eligible
2636,111,76,0.8539325842696629,0.6129032258064516,4.644271814187069,eligible
2637,88,64,0.7191011235955056,0.5663716814159292,4.6,eligible
2638,95,73,0.8202247191011236,0.6576576576576577,4.588847708894879,eligible
2639,95,73,0.8202247191011236,0.6576576576576577,4.565791632485644,eligible
2640,91,71,0.797752808988764,0.6513761467889908,4.532311827956989,eligible
2641,100,76,0.8539325842696629,0.672566371681416,4.560233918128655,eligible
2642,106,73,0.8202247191011236,0.5983606557377049,4.666666666666667,eligible
2643,117,73,0.8202247191011236,0.5488721804511278,4.6521739130434785,eligible
2644,76,63,0.7078651685393258,0.6176470588235294,4.516509730069052,eligible
2645,92,69,0.7752808988764045,0.6160714285714286,4.533846153846154,eligible
2646,89,70,0.7865168539325843,0.6481481481481481,4.531515151515151,eligible
2647,107,82,0.9213483146067416,0.7192982456140351,4.5874789915966385,eligible
2648,106,69,0.7752808988764045,0.5476190476190477,4.642857142857143,eligible
2649,94,68,0.7640449438202247,0.591304347826087,4.577481389578164,eligible
2650,123,75,0.8426966292134831,0.5474452554744526,4.693461538461539,eligible
2651,107,72,0.8089887640449438,0.5806451612903226,4.641741071428571,eligible
2652,104,74,0.8314606741573034,0.6218487394957983,4.582878787878788,eligible
2653,86,62,0.6966292134831461,0.5486725663716814,4.498305084745763,eligible
2654,98,73,0.8202247191011236,0.6403508771929824,4.574843063402386,eligible
2655,109,75,0.8426966292134831,0.6097560975609756,4.609541062801933,eligible
2656,100,75,0.8426966292134831,0.6578947368421053,4.55,eligible
2657,73,60,0.6741573033707865,0.5882352941176471,4.43136645962733,eligible
2658,113,76,0.8539325842696629,0.6031746031746031,4.64744008714597,eligible
2659,109,71,0.797752808988764,0.5590551181102362,4.563869463869464,eligible
2660,96,72,0.8089887640449438,0.6371681415929203,4.578412132024978,eligible
2661,94,70,0.7865168539325843,0.6194690265486725,4.589413265306122,eligible
2662,94,72,0.8089887640449438,0.6486486486486487,4.5257981018119064,eligible
2663,105,72,0.8089887640449438,0.5901639344262295,4.638636363636365,eligible
2664,118,80,0.898876404494382,0.6299212598425197,4.666666666666667,eligible
2665,66,53,0.5955056179775281,0.5196078431372549,4.5,eligible
2666,82,63,0.7078651685393258,0.5833333333333334,4.458814102564102,eligible
2667,116,81,0.9101123595505618,0.6532258064516129,4.666666666666667,eligible
2668,107,73,0.8202247191011236,0.5934959349593496,4.666666666666667,eligible
2669,72,56,0.6292134831460674,0.5333333333333333,4.3690283400809715,eligible
2670,88,67,0.7528089887640449,0.6090909090909091,4.569999999999999,eligible
2671,98,70,0.7865168539325843,0.5982905982905983,4.580921052631578,eligible
2672,81,61,0.6853932584269663,0.5596330275229358,4.536517412935323,eligible
2673,88,69,0.7752808988764045,0.6388888888888888,4.530980392156863,eligible
2674,97,68,0.7640449438202247,0.576271186440678,4.592655367231639,eligible
2675,116,70,0.7865168539325843,0.5185185185185185,4.666666666666667,eligible
2676,102,71,0.797752808988764,0.5916666666666667,4.550615942028985,eligible
2677,142,79,0.8876404494382022,0.5197368421052632,4.7973684210526315,eligible
2678,105,68,0.7640449438202247,0.5396825396825397,4.611111111111111,eligible
2679,82,65,0.7303370786516854,0.6132075471698113,4.490623885918004,eligible
2680,97,74,0.8314606741573034,0.6607142857142857,4.588970588235294,eligible
2681,122,74,0.8314606741573034,0.5401459854014599,4.65232383808096,eligible
2682,140,77,0.8651685393258427,0.506578947368421,4.801764705882353,eligible
2683,103,72,0.8089887640449438,0.6,4.591949152542373,eligible
2684,93,68,0.7640449438202247,0.5964912280701754,4.642532467532468,eligible
2685,95,76,0.8539325842696629,0.7037037037037037,4.561787280701754,eligible
2686,88,65,0.7303370786516854,0.5803571428571429,4.576165501165502,eligible
2687,102,75,0.8426966292134831,0.646551724137931,4.692769230769231,eligible
2688,108,71,0.797752808988764,0.5634920634920635,4.577720430107528,eligible
2689,82,62,0.6966292134831461,0.5688073394495413,4.531969696969697,eligible
2690,113,73,0.8202247191011236,0.5658914728682171,4.56967032967033,eligible
2691,83,63,0.7078651685393258,0.5779816513761468,4.526315789473684,eligible
2692,98,69,0.7752808988764045,0.5847457627118644,4.5901069518716575,eligible
2693,107,76,0.8539325842696629,0.6333333333333333,4.588970588235294,eligible
2694,73,66,0.7415730337078652,0.6875,4.539344262295082,eligible
2695,63,54,0.6067415730337079,0.5510204081632653,4.4124064171123,eligible
2696,97,73,0.8202247191011236,0.6460176991150443,4.589285714285714,eligible
2697,111,82,0.9213483146067416,0.6949152542372882,4.631578947368421,eligible
2698,101,71,0.797752808988764,0.5966386554621849,4.609867172675522,eligible
2699,79,59,0.6629213483146067,0.5412844036697247,4.568881000676132,eligible
2700,130,76,0.8539325842696629,0.5314685314685315,4.729104477611941,eligible
2701,95,68,0.7640449438202247,0.5862068965517241,4.615750915750915,eligible
2702,85,67,0.7528089887640449,0.6261682242990654,4.53951048951049,eligible
2703,96,72,0.8089887640449438,0.6371681415929203,4.543030303030304,eligible
2704,120,79,0.8876404494382022,0.6076923076923076,4.645478983382209,eligible
2705,90,70,0.7865168539325843,0.6422018348623854,4.563652173913043,eligible
2706,99,68,0.7640449438202247,0.5666666666666667,4.587006145741879,eligible
2707,110,72,0.8089887640449438,0.5669291338582677,4.681060606060606,eligible
2708,83,65,0.7303370786516854,0.6074766355140186,4.550408163265306,eligible
2709,105,72,0.8089887640449438,0.5901639344262295,4.614844804318488,eligible
2710,88,66,0.7415730337078652,0.5945945945945946,4.5,eligible
2711,92,69,0.7752808988764045,0.6160714285714286,4.552692307692308,eligible
2712,116,70,0.7865168539325843,0.5185185185185185,4.714285714285714,eligible
2713,88,68,0.7640449438202247,0.6238532110091743,4.5,eligible
2714,96,72,0.8089887640449438,0.6371681415929203,4.564495798319327,eligible
2715,106,67,0.7528089887640449,0.5234375,4.5901069518716575,eligible
2716,87,69,0.7752808988764045,0.6448598130841121,4.52945632798574,eligible
2717,115,79,0.8876404494382022,0.632,4.655048076923077,eligible
2718,103,71,0.797752808988764,0.5867768595041323,4.65,eligible
2719,98,70,0.7865168539325843,0.5982905982905983,4.625423728813559,eligible
2720,82,61,0.6853932584269663,0.5545454545454546,4.466666666666667,eligible
2721,151,86,0.9662921348314607,0.5584415584415584,4.79093567251462,eligible
2722,112,77,0.8651685393258427,0.6209677419354839,4.642857142857143,eligible
2723,111,75,0.8426966292134831,0.6,4.608151183970856,eligible
2724,96,65,0.7303370786516854,0.5416666666666666,4.602380952380952,eligible
2725,93,64,0.7191011235955056,0.5423728813559322,4.631407563025211,eligible
2726,97,71,0.797752808988764,0.6173913043478261,4.605354770130215,eligible
2727,95,71,0.797752808988764,0.6283185840707964,4.565625,eligible
2728,86,71,0.797752808988764,0.6826923076923077,4.509488005728608,eligible
2729,110,77,0.8651685393258427,0.6311475409836066,4.648796296296296,eligible
2730,82,67,0.7528089887640449,0.6442307692307693,4.536813186813187,eligible
2731,98,73,0.8202247191011236,0.6403508771929824,4.603270388615216,eligible
2732,84,67,0.7528089887640449,0.6320754716981132,4.446969696969697,eligible
2733,95,64,0.7191011235955056,0.5333333333333333,4.555555555555555,eligible
2734,84,61,0.6853932584269663,0.5446428571428571,4.5,eligible
2735,86,68,0.7640449438202247,0.6355140186915887,4.570689655172414,eligible
2736,105,72,0.8089887640449438,0.5901639344262295,4.578170836928386,eligible
2737,130,79,0.8876404494382022,0.5642857142857143,4.762804314329738,eligible
2738,129,79,0.8876404494382022,0.5683453237410072,4.69348109517601,eligible
2739,85,63,0.7078651685393258,0.5675675675675675,4.5,eligible
2740,100,67,0.7528089887640449,0.5491803278688525,4.571428571428571,eligible
2741,120,74,0.8314606741573034,0.5481481481481482,4.736491228070175,eligible
2742,127,79,0.8876404494382022,0.5766423357664233,4.720543032786885,eligible
2743,104,75,0.8426966292134831,0.635593220338983,4.568869936034115,eligible
2744,96,67,0.7528089887640449,0.5677966101694916,4.6081473214285715,eligible
2745,95,71,0.797752808988764,0.6283185840707964,4.555555555555555,eligible
2746,91,70,0.7865168539325843,0.6363636363636364,4.625201612903226,eligible
2747,83,65,0.7303370786516854,0.6074766355140186,4.559747793190416,eligible
2748,115,77,0.8651685393258427,0.6062992125984252,4.689154411764706,eligible
2749,122,77,0.8651685393258427,0.5746268656716418,4.677272727272727,eligible
2750,94,74,0.8314606741573034,0.6788990825688074,4.523291925465839,eligible
2751,112,75,0.8426966292134831,0.5952380952380952,4.679373927958833,eligible
2752,128,79,0.8876404494382022,0.572463768115942,4.710714285714285,eligible
2753,81,64,0.7191011235955056,0.6037735849056604,4.469209558823529,eligible
2754,93,73,0.8202247191011236,0.6697247706422018,4.555163934426229,eligible
2755,96,75,0.8426966292134831,0.6818181818181818,4.596184863523573,eligible
2756,97,68,0.7640449438202247,0.576271186440678,4.591024653312789,eligible
2757,103,77,0.8651685393258427,0.6695652173913044,4.589254385964912,eligible
2758,113,73,0.8202247191011236,0.5658914728682171,4.6502173913043485,eligible
2759,90,65,0.7303370786516854,0.5701754385964912,4.609085857182551,eligible
2760,104,79,0.8876404494382022,0.6929824561403509,4.579315789473684,eligible
2761,98,71,0.797752808988764,0.6120689655172413,4.567361111111111,eligible
2762,93,69,0.7752808988764045,0.6106194690265486,4.595420469361147,eligible
2763,95,72,0.8089887640449438,0.6428571428571429,4.52714626391097,eligible
2764,121,78,0.8764044943820225,0.5909090909090909,4.676923076923077,eligible
2765,104,75,0.8426966292134831,0.635593220338983,4.660495283018868,eligible
2766,99,77,0.8651685393258427,0.6936936936936937,4.574436090225563,eligible
2767,104,70,0.7865168539325843,0.5691056910569106,4.666666666666667,eligible
2768,112,72,0.8089887640449438,0.5581395348837209,4.585845661735306,eligible
2769,92,68,0.7640449438202247,0.6017699115044248,4.582456140350877,eligible
2770,95,67,0.7528089887640449,0.5726495726495726,4.581854838709678,eligible
2771,124,74,0.8314606741573034,0.5323741007194245,4.666666666666667,eligible
2772,102,65,0.7303370786516854,0.5158730158730159,4.660714285714286,eligible
2773,76,67,0.7528089887640449,0.6836734693877551,4.526315789473684,eligible
2774,88,59,0.6629213483146067,0.5,4.57445054945055,eligible
2775,101,75,0.8426966292134831,0.6521739130434783,4.558333333333334,eligible
2776,114,72,0.8089887640449438,0.549618320610687,4.680681818181818,eligible
2777,124,68,0.7640449438202247,0.4689655172413793,4.722649572649573,eligible
2778,115,74,0.8314606741573034,0.5692307692307692,4.676900452488688,eligible
2779,115,76,0.8539325842696629,0.59375,4.640625,eligible
2780,97,70,0.7865168539325843,0.603448275862069,4.582711442786069,eligible
2781,97,75,0.8426966292134831,0.6756756756756757,4.539583333333334,eligible
2782,101,77,0.8651685393258427,0.6814159292035398,4.627019230769231,eligible
2783,98,75,0.8426966292134831,0.6696428571428571,4.6045454545454545,eligible
2784,86,58,0.651685393258427,0.49572649572649574,4.5,eligible
2785,98,74,0.8314606741573034,0.6548672566371682,4.543190603627714,eligible
2786,102,68,0.7640449438202247,0.5528455284552846,4.6,eligible
2787,89,63,0.7078651685393258,0.5478260869565217,4.5,eligible
2788,120,81,0.9101123595505618,0.6328125,4.666666666666667,eligible
2789,117,78,0.8764044943820225,0.609375,4.705882352941177,eligible
2790,111,77,0.8651685393258427,0.6260162601626016,4.683333333333334,eligible
2791,64,50,0.5617977528089888,0.4854368932038835,4.545454545454546,eligible
2792,116,78,0.8764044943820225,0.6141732283464567,4.684210526315789,eligible
2793,107,71,0.797752808988764,0.568,4.589853896103897,eligible
2794,80,65,0.7303370786516854,0.625,4.452525252525253,eligible
2795,94,72,0.8089887640449438,0.6486486486486487,4.526315789473684,eligible
2796,125,72,0.8089887640449438,0.5070422535211268,4.702058823529412,eligible
2797,86,65,0.7303370786516854,0.5909090909090909,4.5,eligible
2798,100,69,0.7752808988764045,0.575,4.5249427917620135,eligible
2799,107,78,0.8764044943820225,0.6610169491525424,4.611111111111111,eligible
2800,87,75,0.8426966292134831,0.7425742574257426,4.58048245614035,eligible
2801,105,66,0.7415730337078652,0.515625,4.600625,eligible
2802,102,73,0.8202247191011236,0.6186440677966102,4.628213507625273,eligible
2803,104,70,0.7865168539325843,0.5691056910569106,4.6,eligible
2804,136,79,0.8876404494382022,0.541095890410959,4.738586452211568,eligible
2805,95,69,0.7752808988764045,0.6,4.6,eligible
2806,91,65,0.7303370786516854,0.5652173913043478,4.5793684210526315,eligible
2807,112,74,0.8314606741573034,0.5826771653543307,4.615047233468285,eligible
2808,106,72,0.8089887640449438,0.5853658536585366,4.632915622389307,eligible
2809,84,64,0.7191011235955056,0.5871559633027523,4.544318181818182,eligible
2810,121,74,0.8314606741573034,0.5441176470588235,4.698941798941799,eligible
2811,125,79,0.8876404494382022,0.5851851851851851,4.686160714285714,eligible
2812,90,71,0.797752808988764,0.6574074074074074,4.526315789473684,eligible
2813,106,72,0.8089887640449438,0.5853658536585366,4.609496124031008,eligible
2814,128,77,0.8651685393258427,0.55,4.707563025210084,eligible
2815,99,71,0.797752808988764,0.6068376068376068,4.627135260884015,eligible
2816,125,84,0.9438202247191011,0.6461538461538462,4.6461154020899595,eligible
2817,95,65,0.7303370786516854,0.5462184873949579,4.571305418719212,eligible
2818,95,69,0.7752808988764045,0.6,4.530564971751413,eligible
2819,95,69,0.7752808988764045,0.6,4.60319089900111,eligible
2820,86,68,0.7640449438202247,0.6355140186915887,4.538461538461538,eligible
2821,121,72,0.8089887640449438,0.5217391304347826,4.628944193061841,eligible
2822,97,69,0.7752808988764045,0.5897435897435898,4.580861581920904,eligible
2823,96,73,0.8202247191011236,0.6517857142857143,4.545596590909091,eligible
2824,131,74,0.8314606741573034,0.5068493150684932,4.733333333333333,eligible
2825,129,76,0.8539325842696629,0.5352112676056338,4.721641791044776,eligible
2826,93,65,0.7303370786516854,0.5555555555555556,4.588235294117647,eligible
2827,107,73,0.8202247191011236,0.5934959349593496,4.647058823529412,eligible
2828,164,86,0.9662921348314607,0.5149700598802395,4.855760368663594,eligible
2829,137,72,0.8089887640449438,0.4675324675324675,4.7727272727272725,eligible
2830,82,63,0.7078651685393258,0.5833333333333334,4.53760045924225,eligible
2831,103,69,0.7752808988764045,0.5609756097560976,4.636363636363637,eligible
2832,105,66,0.7415730337078652,0.515625,4.598387096774193,eligible
2833,83,63,0.7078651685393258,0.5779816513761468,4.5,eligible
2834,94,61,0.6853932584269663,0.5,4.553769841269841,eligible
2835,98,58,0.651685393258427,0.4496124031007752,4.57409381663113,eligible
2836,88,62,0.6966292134831461,0.5391304347826087,4.5896139705882355,eligible
2837,109,75,0.8426966292134831,0.6097560975609756,4.625,eligible
2838,112,79,0.8876404494382022,0.6475409836065574,4.610850694444444,eligible
2839,129,73,0.8202247191011236,0.503448275862069,4.737878787878788,eligible
2840,112,76,0.8539325842696629,0.608,4.633006993006994,eligible
2841,74,55,0.6179775280898876,0.5092592592592593,4.476428571428571,eligible
2842,109,71,0.797752808988764,0.5590551181102362,4.647058823529412,eligible
2843,100,72,0.8089887640449438,0.6153846153846154,4.571428571428571,eligible
2844,103,69,0.7752808988764045,0.5609756097560976,4.566923076923077,eligible
2845,93,70,0.7865168539325843,0.625,4.55948093220339,eligible
2846,90,63,0.7078651685393258,0.5431034482758621,4.502777777777778,eligible
2847,130,81,0.9101123595505618,0.5869565217391305,4.75,eligible
2848,100,69,0.7752808988764045,0.575,4.593121693121693,eligible
2849,100,70,0.7865168539325843,0.5882352941176471,4.571560846560846,eligible
2850,98,67,0.7528089887640449,0.5583333333333333,4.597638888888889,eligible
2851,128,75,0.8426966292134831,0.528169014084507,4.769230769230769,eligible
2852,102,74,0.8314606741573034,0.6324786324786325,4.573876745598057,eligible
2853,117,75,0.8426966292134831,0.5725190839694656,4.666666666666667,eligible
2854,78,63,0.7078651685393258,0.6057692307692307,4.467292089249493,eligible
2855,111,82,0.9213483146067416,0.6949152542372882,4.677966101694915,eligible
2856,96,68,0.7640449438202247,0.5811965811965812,4.593198529411765,eligible
2857,79,63,0.7078651685393258,0.6,4.435208333333334,eligible
2858,100,71,0.797752808988764,0.6016949152542372,4.628618421052631,eligible
2859,83,60,0.6741573033707865,0.5357142857142857,4.522307692307692,eligible
2860,118,78,0.8764044943820225,0.6046511627906976,4.616282051282051,eligible
2861,86,67,0.7528089887640449,0.6203703703703703,4.6,eligible
2862,104,81,0.9101123595505618,0.7232142857142857,4.622537878787878,eligible
2863,109,77,0.8651685393258427,0.6363636363636364,4.611111111111111,eligible
2864,112,80,0.898876404494382,0.6611570247933884,4.6117383512544805,eligible
2865,88,70,0.7865168539325843,0.6542056074766355,4.564822134387351,eligible
2866,83,66,0.7415730337078652,0.6226415094339622,4.526574992005117,eligible
2867,115,77,0.8651685393258427,0.6062992125984252,4.666666666666667,eligible
2868,116,80,0.898876404494382,0.64,4.690094043887147,eligible
2869,110,80,0.898876404494382,0.6722689075630253,4.642857142857143,eligible
2870,142,82,0.9213483146067416,0.5503355704697986,4.748333333333334,eligible
2871,86,73,0.8202247191011236,0.7156862745098039,4.525021645021645,eligible
2872,145,79,0.8876404494382022,0.5096774193548387,4.7817934782608695,eligible
2873,142,79,0.8876404494382022,0.5197368421052632,4.735438596491228,eligible
2874,108,74,0.8314606741573034,0.6016260162601627,4.636363636363637,eligible
2875,103,74,0.8314606741573034,0.6271186440677966,4.562853773584906,eligible
2876,82,61,0.6853932584269663,0.5545454545454546,4.598936170212766,eligible
2877,107,70,0.7865168539325843,0.5555555555555556,4.593006993006993,eligible
2878,84,69,0.7752808988764045,0.6634615384615384,4.49563492063492,eligible
2879,132,70,0.7865168539325843,0.46357615894039733,4.714285714285714,eligible
2880,95,73,0.8202247191011236,0.6576576576576577,4.571428571428571,eligible
2881,69,56,0.6292134831460674,0.5490196078431373,4.482615629984052,eligible
2882,89,67,0.7528089887640449,0.6036036036036037,4.5625,eligible
2883,114,77,0.8651685393258427,0.6111111111111112,4.647390223695112,eligible
2884,103,73,0.8202247191011236,0.6134453781512605,4.612393162393162,eligible
2885,101,72,0.8089887640449438,0.6101694915254238,4.610969868173258,eligible
2886,97,69,0.7752808988764045,0.5897435897435898,4.574293785310735,eligible
2887,92,66,0.7415730337078652,0.5739130434782609,4.5,eligible
2888,72,56,0.6292134831460674,0.5333333333333333,4.510744627686157,eligible
2889,94,77,0.8651685393258427,0.7264150943396226,4.497692307692308,eligible
2890,109,80,0.898876404494382,0.6779661016949152,4.666666666666667,eligible
2891,95,73,0.8202247191011236,0.6576576576576577,4.625,eligible
2892,103,71,0.797752808988764,0.5867768595041323,4.521367046401778,eligible
2893,83,67,0.7528089887640449,0.638095238095238,4.473397129186603,eligible
2894,146,85,0.9550561797752809,0.5666666666666667,4.8,eligible
2895,99,70,0.7865168539325843,0.5932203389830508,4.666666666666667,eligible
2896,107,73,0.8202247191011236,0.5934959349593496,4.621401515151515,eligible
2897,90,68,0.7640449438202247,0.6126126126126126,4.646869070208729,eligible
2898,105,65,0.7303370786516854,0.5038759689922481,4.654265640682502,eligible
2899,79,63,0.7078651685393258,0.6,4.509011164274322,eligible
2900,137,81,0.9101123595505618,0.5586206896551724,4.734375,eligible
2901,111,70,0.7865168539325843,0.5384615384615384,4.666666666666667,eligible
2902,107,71,0.797752808988764,0.568,4.638758620689655,eligible
2903,75,57,0.6404494382022472,0.5327102803738317,4.571428571428571,eligible
2904,107,70,0.7865168539325843,0.5555555555555556,4.571428571428571,eligible
2905,113,71,0.797752808988764,0.5419847328244275,4.637886653688081,eligible
2906,97,74,0.8314606741573034,0.6607142857142857,4.613034188034187,eligible
2907,111,75,0.8426966292134831,0.6,4.605593220338983,eligible
2908,106,77,0.8651685393258427,0.652542372881356,4.663440860215054,eligible
2909,114,69,0.7752808988764045,0.5149253731343284,4.606785714285714,eligible
2910,84,62,0.6966292134831461,0.5585585585585585,4.555555555555555,eligible
2911,91,60,0.6741573033707865,0.5,4.587022831050229,eligible
2912,129,73,0.8202247191011236,0.503448275862069,4.670967741935485,eligible
2913,84,63,0.7078651685393258,0.5727272727272728,4.538461538461538,eligible
2914,97,72,0.8089887640449438,0.631578947368421,4.616483516483516,eligible
2915,90,68,0.7640449438202247,0.6126126126126126,4.538461538461538,eligible
2916,83,67,0.7528089887640449,0.638095238095238,4.4895747950819676,eligible
2917,123,78,0.8764044943820225,0.582089552238806,4.673815524193548,eligible
2918,86,68,0.7640449438202247,0.6355140186915887,4.466666666666667,eligible
2919,85,57,0.6404494382022472,0.48717948717948717,4.532265446224256,eligible
2920,115,76,0.8539325842696629,0.59375,4.666666666666667,eligible
2921,122,76,0.8539325842696629,0.562962962962963,4.644430538172716,eligible
2922,102,72,0.8089887640449438,0.6050420168067226,4.538888888888889,eligible
2923,113,74,0.8314606741573034,0.578125,4.58734827264239,eligible
2924,137,85,0.9550561797752809,0.6028368794326241,4.722385620915033,eligible
2925,128,78,0.8764044943820225,0.5611510791366906,4.6923076923076925,eligible
2926,103,74,0.8314606741573034,0.6271186440677966,4.542815371762741,eligible
2927,93,69,0.7752808988764045,0.6106194690265486,4.484375,eligible
2928,110,71,0.797752808988764,0.5546875,4.642004264392324,eligible
2929,114,75,0.8426966292134831,0.5859375,4.631278195488722,eligible
2930,88,66,0.7415730337078652,0.5945945945945946,4.592601547388782,eligible
2931,86,67,0.7528089887640449,0.6203703703703703,4.537692307692308,eligible
2932,87,67,0.7528089887640449,0.6146788990825688,4.515769675925926,eligible
2933,103,74,0.8314606741573034,0.6271186440677966,4.612820512820512,eligible
2934,88,67,0.7528089887640449,0.6090909090909091,4.530196078431373,eligible
2935,94,74,0.8314606741573034,0.6788990825688074,4.502692307692308,eligible
2936,107,72,0.8089887640449438,0.5806451612903226,4.620905172413793,eligible
2937,103,78,0.8764044943820225,0.6842105263157895,4.623511904761905,eligible
2938,104,80,0.898876404494382,0.7079646017699115,4.615384615384615,eligible
2939,91,69,0.7752808988764045,0.6216216216216216,4.5113789778206375,eligible
2940,104,76,0.8539325842696629,0.6495726495726496,4.569999999999999,eligible
2941,98,72,0.8089887640449438,0.6260869565217392,4.596486486486486,eligible
2942,105,76,0.8539325842696629,0.6440677966101694,4.602222222222222,eligible
2943,114,79,0.8876404494382022,0.6370967741935484,4.686311300639659,eligible
2944,93,73,0.8202247191011236,0.6697247706422018,4.545454545454546,eligible
2945,111,72,0.8089887640449438,0.5625,4.684210526315789,eligible
2946,88,71,0.797752808988764,0.6698113207547169,4.548951612903226,eligible
2947,102,70,0.7865168539325843,0.5785123966942148,4.615846994535519,eligible
2948,78,57,0.6404494382022472,0.5181818181818182,4.539076923076923,eligible
2949,123,77,0.8651685393258427,0.5703703703703704,4.705303760848602,eligible
2950,123,79,0.8876404494382022,0.5939849624060151,4.717633928571429,eligible
2951,70,60,0.6741573033707865,0.6060606060606061,4.5,eligible
2952,99,63,0.7078651685393258,0.504,4.566811397557666,eligible
2953,94,68,0.7640449438202247,0.591304347826087,4.582089552238806,eligible
2954,103,72,0.8089887640449438,0.6,4.61211251435132,eligible
2955,95,74,0.8314606741573034,0.6727272727272727,4.550192307692307,eligible
2956,104,66,0.7415730337078652,0.5196850393700787,4.6,eligible
2957,80,61,0.6853932584269663,0.5648148148148148,4.571428571428571,eligible
2958,110,76,0.8539325842696629,0.6178861788617886,4.571703296703297,eligible
2959,98,73,0.8202247191011236,0.6403508771929824,4.555555555555555,eligible
2960,113,74,0.8314606741573034,0.578125,4.626428571428572,eligible
2961,97,71,0.797752808988764,0.6173913043478261,4.538002296211252,eligible
2962,100,76,0.8539325842696629,0.672566371681416,4.601470588235294,eligible
2963,132,79,0.8876404494382022,0.5563380281690141,4.691620553359684,eligible
2964,84,69,0.7752808988764045,0.6634615384615384,4.467810569663692,eligible
2965,86,70,0.7865168539325843,0.6666666666666666,4.495774647887324,eligible
2966,83,64,0.7191011235955056,0.5925925925925926,4.580220713073006,eligible
2967,112,70,0.7865168539325843,0.5343511450381679,4.589853896103897,eligible
2968,100,62,0.6966292134831461,0.4881889763779528,4.6,eligible
2969,87,74,0.8314606741573034,0.7254901960784313,4.491981132075472,eligible
2970,121,77,0.8651685393258427,0.5789473684210527,4.72167577413479,eligible
2971,106,76,0.8539325842696629,0.6386554621848739,4.585201149425288,eligible
2972,99,71,0.797752808988764,0.6068376068376068,4.558333333333334,eligible
2973,92,69,0.7752808988764045,0.6160714285714286,4.6,eligible
2974,88,60,0.6741573033707865,0.5128205128205128,4.54816037735849,eligible
2975,106,71,0.797752808988764,0.5725806451612904,4.680227987421383,eligible
2976,90,66,0.7415730337078652,0.584070796460177,4.58734827264239,eligible
2977,99,65,0.7303370786516854,0.5284552845528455,4.614694485842026,eligible
2978,102,77,0.8651685393258427,0.6754385964912281,4.6,eligible
2979,107,61,0.6853932584269663,0.45185185185185184,4.6358851674641155,eligible
2980,106,73,0.8202247191011236,0.5983606557377049,4.621811224489796,eligible
2981,88,68,0.7640449438202247,0.6238532110091743,4.555555555555555,eligible
2982,127,82,0.9213483146067416,0.6119402985074627,4.679473684210526,eligible
2983,98,72,0.8089887640449438,0.6260869565217392,4.590163934426229,eligible
2984,90,68,0.7640449438202247,0.6126126126126126,4.531354166666667,eligible
2985,99,68,0.7640449438202247,0.5666666666666667,4.603928571428571,eligible
2986,103,69,0.7752808988764045,0.5609756097560976,4.603934426229508,eligible
2987,94,71,0.797752808988764,0.6339285714285714,4.633840460526316,eligible
2988,89,63,0.7078651685393258,0.5478260869565217,4.578947368421052,eligible
2989,115,82,0.9213483146067416,0.6721311475409836,4.598358208955224,eligible
2990,106,74,0.8314606741573034,0.6115702479338843,4.594545454545455,eligible
2991,123,77,0.8651685393258427,0.5703703703703704,4.663849765258216,eligible
2992,102,72,0.8089887640449438,0.6050420168067226,4.625,eligible
2993,104,75,0.8426966292134831,0.635593220338983,4.616176470588235,eligible
2994,124,76,0.8539325842696629,0.5547445255474452,4.64,eligible
2995,90,70,0.7865168539325843,0.6422018348623854,4.5,eligible
2996,122,69,0.7752808988764045,0.4859154929577465,4.671515151515152,eligible
2997,113,71,0.797752808988764,0.5419847328244275,4.666666666666667,eligible
2998,96,65,0.7303370786516854,0.5416666666666666,4.515395894428153,eligible
2999,102,64,0.7191011235955056,0.5039370078740157,4.626928914748293,eligible
3000,88,65,0.7303370786516854,0.5803571428571429,4.522463768115942,eligible
